"ID","Description","GeneRatio","BgRatio","RichFactor","FoldEnrichment","zScore","pvalue","p.adjust","qvalue","geneID","Count"
"GO:0031424","keratinization","35/2712","56/16800",0.625,3.8716814159292,9.44414289692692,6.18371160760526e-15,2.08653362006399e-11,1.90732800799231e-11,"CDH3/CASP14/IL1A/KRT17/KRT85/KRT7/KRT71/ABCA12/KRT84/IVL/SPRR3/SPRR2D/KLK5/KRT80/EVPL/SPRR1B/SPRR1A/KRT78/KRT75/KRT6C/KRT4/KRT74/KRT83/LIPM/KRT6B/KRT5/LCE1E/KRT3/KRT16/HRNR/SPRR2E/LIPN/LIPK/CDSN/KRT6A",35
"GO:0000280","nuclear division","135/2712","438/16800",0.308219178082192,1.90932234210207,8.46055024774394,7.12249059588321e-15,2.08653362006399e-11,1.90732800799231e-11,"ANLN/SPDL1/MSH4/ASPM/TRIP13/MOV10L1/SPAG5/RAD54L/AURKA/TPX2/BIRC5/KIF4A/RANBP1/CCNB1IP1/MYBL2/BMP7/CDC25B/CENPI/ARHGEF10/CCNE1/FGF8/UBE2S/NCAPG/RAD51AP1/TTK/WNT5A/IL1A/MAD2L2/CDC20/NEK2/CENPF/ZNF541/KIF14/MSX2/NCAPH/MND1/KIF18A/TAF1L/CENPK/CKS2/EREG/KIF25/BMP4/IL1B/PCID2/DLGAP5/PRDM7/PKMYT1/LIF/KNSTRN/SGO1/TOP2A/RAN/FIGNL1/CCNB1/PSRC1/CDCA8/BRIP1/DMRT1/KIF23/BRDT/KIF20B/CENPE/BRCA2/DNMT3L/KIF2C/NUF2/HORMAD1/FANCD2/ANKRD31/CDCA5/NCAPG2/MKI67/CHEK1/NCAPD3/SPC25/CCSAP/SKA1/EME1/FBXO43/BUB1B/CCNB2/CDC25C/NPM2/ANKLE1/HSF2BP/KASH5/RACGAP1/SPC24/MSX1/SPICE1/SPDYA/MAD2L1/PTTG1/DCAF13/SHOC1/SKA3/PLK1/IGF2/CDT1/KIFC2/KCTD19/BUB1/CDK1/MTBP/UBE2C/SPHK1/CNTD1/HASPIN/AURKB/RRS1/RCC1/MAPK15/GPR3/TEX19/EPGN/KNTC1/CDCA2/L3MBTL1/KIF18B/FANCA/SYCP2/RAD54B/EME2/PRC1/MSH5/MZT1/PTTG3P/SYCE3/KIF4B/BTBD18/MEIOSIN/KIFC1/TERB1/UHRF1",135
"GO:0019730","antimicrobial humoral response","66/2712","164/16800",0.402439024390244,2.49298510684222,8.42975261683385,1.07846597258723e-13,2.10624404446285e-10,1.92534556790309e-10,"CCL26/SLC11A1/CXCL2/LYZ/PGC/BPI/ACOD1/HAMP/CCL24/CCL1/CALCA/IL17A/IL17F/HRG/CCL20/REG1A/WFDC3/SEMG2/SEMG1/CXCL6/CCL25/IL36RN/MMP7/S100A7/REG3G/PGLYRP3/SPON2/PGLYRP4/CXCL3/CXCL5/PPBP/PF4/CXCL1/DEFA5/DEFA6/RNASE7/NOD2/KLK5/EVPL/WFDC13/KLK7/CXCL10/CXCL11/CXCL8/MUC7/FGA/FGB/DEFB4A/REG3A/REG1B/F2/WFDC10A/WFDC10B/NCR3LG1/KRT6A/IGHG4/IGHG1/IGHG3/SPRR2A/CCL18/PRSS2/CCL3L1/CCL3L3/H2BC7/CCL3/H2BC10",66
"GO:0048285","organelle fission","141/2712","487/16800",0.28952772073922,1.7935345532518,7.79695972470097,4.20165076512978e-13,6.15436795822384e-10,5.62578923499481e-10,"ANLN/SPDL1/MSH4/ASPM/TRIP13/MOV10L1/SPAG5/RAD54L/AURKA/TPX2/BIRC5/KIF4A/RANBP1/CCNB1IP1/MYBL2/BMP7/CDC25B/CENPI/ARHGEF10/CCNE1/FGF8/UBE2S/NCAPG/RAD51AP1/TTK/WNT5A/IL1A/MAD2L2/CDC20/NEK2/CENPF/ZNF541/KIF14/MSX2/SEC16B/CRYZL2P-SEC16B/NCAPH/MND1/KIF18A/TAF1L/CENPK/CKS2/EREG/KIF25/BMP4/IL1B/PCID2/DLGAP5/PRDM7/PKMYT1/LIF/KNSTRN/SGO1/TOP2A/RAN/FIGNL1/CCNB1/PSRC1/CDCA8/BRIP1/DMRT1/KIF23/BRDT/KIF20B/CENPE/BRCA2/DNMT3L/KIF2C/NUF2/HORMAD1/FANCD2/ANKRD31/MTFR2/CDCA5/NCAPG2/MKI67/CHEK1/NCAPD3/SPC25/CCSAP/SKA1/EME1/FBXO43/BUB1B/CCNB2/CDC25C/NPM2/ANKLE1/HSF2BP/KASH5/RACGAP1/SPC24/MSX1/SPICE1/SPDYA/MAD2L1/PTTG1/DCAF13/SHOC1/SKA3/C11orf65/PLK1/IGF2/CDT1/KIFC2/KCTD19/BUB1/CDK1/MTBP/UBE2C/SPHK1/CNTD1/HASPIN/AURKB/RRS1/RCC1/MAPK15/GPR3/TEX19/EPGN/KNTC1/CDCA2/L3MBTL1/KIF18B/FANCA/SYCP2/RAD54B/EME2/PRC1/MSH5/MZT1/PTTG3P/SYCE3/KIF4B/BTBD18/MEIOSIN/KIFC1/MTFP1/PGAM5/TERB1/UHRF1",141
"GO:0043588","skin development","93/2712","295/16800",0.315254237288136,1.95290235488226,7.24458529538564,2.96333229975815e-11,3.4724327888566e-08,3.17419678761462e-08,"PAX6/FOXC1/CDH3/DLX3/GAL/COL5A3/PKP1/ADAMTS2/FERMT1/FZD3/DKK4/CASP14/COMP/MET/EZH2/DKK1/COL1A1/CYP27B1/IL17A/WNT5A/IL1A/ABCB6/MSX2/INHBA/HOXC13/SNAI1/EREG/SOX21/SOX9/KRT36/TNFRSF19/KRT17/COL5A1/GRHL1/KRT85/KRT7/EDAR/LGR5/KRT71/ZNF750/FLG2/S100A7/REG3G/ABCA12/APCDD1/GRHL3/KRT84/IL20/IVL/SPRR3/SPRR2D/CLDN1/ITGA2/FOXQ1/SHH/COL1A2/AQP3/SLC39A2/KLK5/KRT80/EVPL/DNASE1L2/COL3A1/SPRR1B/SPRR1A/KRT78/KRT75/KRT6C/KRT4/KRT74/KRT83/REG3A/LIPM/DSG4/ETV4/ZBED2/ALOXE3/KRT6B/KRT5/LCE1E/KRT3/KRT16/GJB3/CYSRT1/HRNR/SPRR2E/LIPN/LIPK/COL5A2/CDSN/KRT6A/FOXI3/NME2",93
"GO:0051783","regulation of nuclear division","57/2712","148/16800",0.385135135135135,2.38579287251854,7.42947055940394,4.12462275819743e-11,4.02769412337979e-08,3.68176852521203e-08,"SPDL1/TRIP13/AURKA/BIRC5/BMP7/FGF8/RAD51AP1/TTK/WNT5A/IL1A/MAD2L2/CDC20/NEK2/CENPF/MSX2/EREG/BMP4/IL1B/PCID2/DLGAP5/PRDM7/PKMYT1/LIF/CCNB1/CDCA8/DMRT1/KIF20B/NUF2/HORMAD1/MKI67/CHEK1/SPC25/SKA1/FBXO43/BUB1B/CDC25C/NPM2/SPC24/MSX1/MAD2L1/SKA3/PLK1/IGF2/BUB1/MTBP/UBE2C/SPHK1/HASPIN/AURKB/RCC1/GPR3/EPGN/KNTC1/CDCA2/L3MBTL1/SYCP2/MEIOSIN",57
"GO:0008544","epidermis development","107/2712","361/16800",0.296398891966759,1.83609933076753,7.04588686041064,6.44436345704276e-11,5.39393221354479e-08,4.9306648525464e-08,"PAX6/USH2A/FOXC1/CDH3/DLX3/GAL/FGF20/DCT/PKP1/SULT2B1/KRT31/FERMT1/FZD3/DKK4/CASP14/OVOL3/MET/PLOD3/EZH2/SFRP4/DKK1/KRT32/CYP27B1/IL17A/RBP2/WNT5A/COL7A1/IL1A/MSX2/INHBA/HOXC13/SNAI1/EREG/SOX21/BMP4/SOX9/KRT36/TNFRSF19/KRT17/KRT34/GRHL1/KRT85/KRT7/EDAR/MYO7A/LGR5/KRT71/ZNF750/CRABP2/FLG2/S100A7/REG3G/ABCA12/APCDD1/GRHL3/KRT84/IL20/IVL/SPRR3/SPRR2D/CLDN1/FOXQ1/SHH/AQP3/SLC39A2/KLK5/KRT80/EVPL/DNASE1L2/KLK7/SPRR1B/SPRR1A/KRT78/KRT75/KRT6C/KRT4/KRT74/KRT83/KRT15/REG3A/LIPM/DSG4/CST6/ETV4/ZBED2/CALML5/ALOXE3/POU3F2/JAG2/KRT6B/KRT5/LCE1E/KRT3/KRT16/PDZD7/GJB5/CYSRT1/LHFPL5/HRNR/SPRR2E/LIPN/LIPK/CDSN/KRT6A/FOXI3/NTF4/NME2",107
"GO:1903046","meiotic cell cycle process","72/2712","211/16800",0.341232227488152,2.11382795789121,7.14350124962148,9.60245447685294e-11,6.78405486424123e-08,6.20139437289629e-08,"MSH4/ASPM/TRIP13/MOV10L1/RAD54L/AURKA/CCNB1IP1/CDC25B/CCNE1/RAD51AP1/TTK/WNT5A/CDC20/ZNF541/MSX2/NCAPH/MND1/KIF18A/TAF1L/CKS2/EREG/PRDM7/PKMYT1/LIF/SGO1/TOP2A/FIGNL1/BRIP1/DMRT1/BRDT/BRCA2/DNMT3L/NUF2/HORMAD1/FANCD2/ANKRD31/NCAPD3/EDNRA/SKA1/EME1/FBXO43/CCNB2/CDC25C/NPM2/ANKLE1/HSF2BP/KASH5/SPATA17/MSX1/SPDYA/CDC25A/PTTG1/DCAF13/SHOC1/SKA3/PLK1/KCTD19/CNTD1/MAPK15/GPR3/TEX19/REC114/FANCA/SYCP2/RAD54B/EME2/MSH5/PTTG3P/SYCE3/BTBD18/MEIOSIN/TERB1",72
"GO:0030216","keratinocyte differentiation","57/2712","151/16800",0.377483443708609,2.33839301412413,7.24836315814883,1.04209752138882e-10,6.78405486424123e-08,6.20139437289629e-08,"PAX6/FOXC1/CDH3/PKP1/CASP14/EZH2/CYP27B1/IL17A/WNT5A/IL1A/MSX2/EREG/KRT36/KRT17/GRHL1/KRT85/KRT7/KRT71/S100A7/REG3G/ABCA12/KRT84/IL20/IVL/SPRR3/SPRR2D/AQP3/SLC39A2/KLK5/KRT80/EVPL/DNASE1L2/SPRR1B/SPRR1A/KRT78/KRT75/KRT6C/KRT4/KRT74/KRT83/REG3A/LIPM/DSG4/ETV4/ZBED2/KRT6B/KRT5/LCE1E/KRT3/KRT16/HRNR/SPRR2E/LIPN/LIPK/CDSN/KRT6A/NME2",57
"GO:0045109","intermediate filament organization","33/2712","67/16800",0.492537313432836,3.05111610091137,7.38078620854442,2.89975378003574e-10,1.63442160826898e-07,1.494046432007e-07,"PKP1/KRT31/KRT23/KRT37/KRT32/BFSP1/KRT36/KRT17/KRT34/KRT85/KRT7/KRT71/KRT84/SHH/KRT80/KRT78/KRT75/KRT6C/KRT4/KRT74/KRT83/BBLN/KRT15/KRT38/KRT13/KRT6B/KRT5/KRT3/KRT16/KRT39/KRT35/KRT40/KRT6A",33
"GO:0061844","antimicrobial humoral immune response mediated by antimicrobial peptide","48/2712","120/16800",0.4,2.47787610619469,7.12840742187646,3.06855055315904e-10,1.63442160826898e-07,1.494046432007e-07,"CCL26/CXCL2/PGC/BPI/HAMP/CCL24/CCL1/CALCA/IL17A/IL17F/HRG/CCL20/REG1A/SEMG1/CXCL6/CCL25/MMP7/S100A7/REG3G/PGLYRP3/PGLYRP4/CXCL3/CXCL5/PPBP/PF4/CXCL1/DEFA5/DEFA6/RNASE7/NOD2/KLK5/EVPL/KLK7/CXCL10/CXCL11/CXCL8/MUC7/DEFB4A/REG3A/REG1B/F2/KRT6A/CCL18/CCL3L1/CCL3L3/H2BC7/CCL3/H2BC10",48
"GO:0140013","meiotic nuclear division","65/2712","190/16800",0.342105263157895,2.11923614345599,6.80731107009671,6.86600554311046e-10,3.17460122252626e-07,2.90194500951547e-07,"MSH4/ASPM/TRIP13/MOV10L1/RAD54L/AURKA/CCNB1IP1/CDC25B/CCNE1/RAD51AP1/TTK/WNT5A/CDC20/ZNF541/MSX2/NCAPH/MND1/KIF18A/TAF1L/CKS2/EREG/PRDM7/LIF/SGO1/TOP2A/FIGNL1/BRIP1/DMRT1/BRDT/BRCA2/DNMT3L/NUF2/HORMAD1/FANCD2/ANKRD31/SKA1/EME1/FBXO43/CCNB2/NPM2/ANKLE1/HSF2BP/KASH5/MSX1/SPDYA/PTTG1/DCAF13/SHOC1/SKA3/PLK1/KCTD19/CNTD1/MAPK15/GPR3/TEX19/FANCA/SYCP2/RAD54B/EME2/MSH5/PTTG3P/SYCE3/BTBD18/MEIOSIN/TERB1",65
"GO:0051321","meiotic cell cycle","86/2712","280/16800",0.307142857142857,1.90265486725664,6.6827868386715,7.04383271767219e-10,3.17460122252626e-07,2.90194500951547e-07,"MSH4/ASPM/TRIP13/MOV10L1/SMC1B/RAD54L/AURKA/CCNB1IP1/CDC25B/CCNE1/RAD51AP1/TTK/WNT5A/CDC20/NEK2/ZNF541/MSX2/NCAPH/MND1/KIF18A/TAF1L/CDK2/CKS2/EREG/PIWIL1/PRDM7/PKMYT1/LIF/SGO1/TOP2A/FIGNL1/BRIP1/DMRT1/BRDT/BRCA2/DNMT3L/NUF2/HORMAD1/FANCD2/ANKRD31/NCAPD3/EDNRA/BOLL/SKA1/EME1/FBXO43/CCNB2/CDC25C/NPM2/ANKLE1/HSF2BP/KASH5/SPATA17/MSX1/SPDYA/CDC25A/PTTG1/DCAF13/SHOC1/SKA3/PLK1/KCTD19/EXO1/CNTD1/MCMDC2/ZFP42/REDIC1/MAPK15/GPR3/TEX19/FAM9A/REC114/FANCA/PRR19/H2AX/SYCP2/XRCC2/RAD54B/EME2/MSH5/PTTG3P/SYCE3/BTBD18/MEIOSIN/RAD21L1/TERB1",86
"GO:0006959","humoral immune response","84/2712","272/16800",0.308823529411765,1.91306611140031,6.66098430369204,8.26159137644165e-10,3.45747599104083e-07,3.16052458070189e-07,"CCL26/SLC11A1/CXCL2/LYZ/TREM2/PGC/BPI/ACOD1/HAMP/CCL24/CCL1/CALCA/IL17A/IL17F/C9/HRG/CCL20/REG1A/CD46/C4BPB/WFDC3/SEMG2/SEMG1/TREM1/CXCL6/IL1B/FOXJ1/CCL25/IL36RN/MMP7/S100A7/REG3G/IFNK/C8A/PGLYRP3/SPON2/AIRE/PGLYRP4/CXCL3/CXCL5/PPBP/PF4/CXCL1/DEFA5/DEFA6/RNASE7/C2/NOD2/KLK5/EVPL/WFDC13/KLK7/CXCL10/CXCL11/CXCL8/MUC7/FGA/FGB/DEFB4A/REG3A/REG1B/EXO1/F2/WFDC10A/WFDC10B/SPNS2/IFNE/NCR3LG1/ZP3/CD55/CFI/KRT6A/IGHG4/IGHG1/IGHG3/SPRR2A/CFB/CCL18/PRSS2/CCL3L1/CCL3L3/H2BC7/CCL3/H2BC10",84
"GO:0006261","DNA-templated DNA replication","58/2712","163/16800",0.355828220858896,2.20424561594006,6.77849459357304,1.03427631172344e-09,4.03988327359175e-07,3.69291078880621e-07,"DBF4/BRCA1/DDX11/POLA2/POLQ/MCM10/POLB/MCM2/ORC6/CDC45/CDC6/CDC7/POLE2/GINS1/POLA1/MCM4/CCNE1/POLD2/TWNK/TIMELESS/MCM3/CDK2/MCM8/CHTF18/GINS2/PCNA/RFC3/DSCC1/HMGA1/ZNF365/DNA2/BRCA2/TICRR/MMS22L/GINS4/EME1/DONSON/TONSL/RECQL4/DBF4B/RFC4/E2F7/MCM7/CDT1/NOC3L/EXO1/ATR/ATAD5/GINS3/TRAIP/BLM/EME2/PRIM1/WDHD1/RPA4/MCIDAS/RTEL1/DACH1",58
"GO:0006260","DNA replication","84/2712","274/16800",0.306569343065693,1.89910212518571,6.583583036783,1.2263173959882e-09,4.49062101443429e-07,4.10493612551839e-07,"DBF4/BRCA1/DDX11/POLA2/POLQ/MCM10/POLB/MCM2/ORC6/CDC45/CDC6/CDC7/POLE2/GINS1/POLA1/JADE3/MCM4/RNASEH2A/CCNE1/DNAJC2/POLD2/TWNK/GTPBP4/TIMELESS/MCM3/INO80B/CDK2/EREG/DTD1/MCM8/CHTF18/MAS1/GINS2/PCNA/RFC3/DSCC1/HMGA1/ZNF365/DNA2/BRCA2/PIF1/TICRR/DTL/CCNA2/MMS22L/GINS4/CHEK1/OBI1/EME1/NPM2/DONSON/CHAF1B/TONSL/RECQL4/HCRT/DBF4B/S100A11/UCN/RFC4/CDC25A/E2F7/MCM7/PCLAF/CDT1/CDK1/NOC3L/EXO1/ATR/RUVBL1/ATAD5/GINS3/RUVBL2/TRAIP/TOP1MT/NAP1L1/FAM111B/BLM/EME2/PRIM1/WDHD1/RPA4/MCIDAS/RTEL1/DACH1",84
"GO:0140014","mitotic nuclear division","84/2712","279/16800",0.301075268817204,1.86506803692073,6.39287316263134,3.20159297057056e-09,1.10341960085723e-06,1.00865046651783e-06,"ANLN/SPDL1/TRIP13/SPAG5/AURKA/TPX2/BIRC5/KIF4A/RANBP1/MYBL2/BMP7/CENPI/ARHGEF10/FGF8/UBE2S/NCAPG/TTK/IL1A/MAD2L2/CDC20/NEK2/CENPF/KIF14/NCAPH/KIF18A/CENPK/EREG/KIF25/BMP4/IL1B/PCID2/DLGAP5/PKMYT1/KNSTRN/RAN/CCNB1/PSRC1/CDCA8/DMRT1/KIF23/KIF20B/CENPE/KIF2C/NUF2/CDCA5/NCAPG2/MKI67/CHEK1/NCAPD3/SPC25/CCSAP/SKA1/FBXO43/BUB1B/CDC25C/NPM2/RACGAP1/SPC24/SPICE1/MAD2L1/SKA3/PLK1/IGF2/CDT1/KIFC2/BUB1/CDK1/MTBP/UBE2C/SPHK1/HASPIN/AURKB/RRS1/RCC1/EPGN/KNTC1/CDCA2/L3MBTL1/KIF18B/PRC1/MZT1/KIF4B/KIFC1/UHRF1",84
"GO:0051784","negative regulation of nuclear division","31/2712","66/16800",0.46969696969697,2.90962724591043,6.81997172352433,4.36808069165515e-09,1.42181026513375e-06,1.29969558825388e-06,"SPDL1/TRIP13/BIRC5/BMP7/TTK/MAD2L2/CDC20/CENPF/BMP4/PCID2/LIF/CCNB1/CDCA8/DMRT1/NUF2/HORMAD1/CHEK1/SPC25/SKA1/FBXO43/BUB1B/SPC24/MAD2L1/SKA3/PLK1/BUB1/MTBP/HASPIN/AURKB/KNTC1/SYCP2",31
"GO:2000241","regulation of reproductive process","64/2712","194/16800",0.329896907216495,2.0436091597482,6.41457838612179,4.84433331924734e-09,1.45412287386951e-06,1.32923297172107e-06,"INTS13/ASPM/TRIP13/OVGP1/AURKA/KIF9/BMP7/CDC25B/OXT/EPPIN/TIMP1/RETN/SHB/RAD51AP1/VEGFA/TTK/WNT5A/IL1A/WDR77/CDC20/MSX2/PAEP/INHBA/PRDX4/SEMG2/SNAI1/SEMG1/TCP11/BMP4/SOX9/PRDM7/PKMYT1/LIF/NR5A1/DMRT1/GCM1/SULF1/HORMAD1/ANKRD31/GLRA1/PRDM14/FBXO43/NODAL/CDC25C/NPM2/INHBB/MSX1/CDC25A/SHH/PRSS37/IQCF1/CNTD1/UMODL1/OXTR/MAPK15/GPR3/WT1/HYAL3/ZP3/SYCP2/ADA/SYCE3/MEIOSIN/APELA",64
"GO:0007088","regulation of mitotic nuclear division","46/2712","121/16800",0.380165289256198,2.35500621663132,6.56312770315369,4.96372375446154e-09,1.45412287386951e-06,1.32923297172107e-06,"SPDL1/TRIP13/AURKA/BIRC5/BMP7/FGF8/TTK/IL1A/MAD2L2/CDC20/NEK2/CENPF/EREG/BMP4/IL1B/PCID2/DLGAP5/PKMYT1/CCNB1/CDCA8/DMRT1/KIF20B/NUF2/MKI67/CHEK1/SPC25/SKA1/FBXO43/BUB1B/CDC25C/SPC24/MAD2L1/SKA3/PLK1/IGF2/BUB1/MTBP/UBE2C/SPHK1/HASPIN/AURKB/RCC1/EPGN/KNTC1/CDCA2/L3MBTL1",46
"GO:0090068","positive regulation of cell cycle process","78/2712","255/16800",0.305882352941176,1.89484643414888,6.31752693839968,5.3104683534857e-09,1.48162067062251e-06,1.35436907180628e-06,"DBF4/DDX11/RAD18/SPAG5/AURKA/BIRC5/CDC6/CDC7/RANBP1/CDC25B/CSPP1/CCNE1/EZH2/FGF8/NCAPG/CCND1/RAD51AP1/WNT5A/ECT2/IL1A/CDC20/KIF14/MSX2/NCAPH/GPSM2/CIT/STIL/EREG/IL1B/PCID2/DLGAP5/PRDM7/CCNB1/CDCA8/CDK4/DMRT1/KIF23/KIF20B/LEF1/CYP1A1/PLK4/DTL/ANKRD31/CDCA5/NCAPG2/DRD2/NCAPD3/CENPJ/SKA1/CDC25C/NPM2/PPP1R35/DBF4B/RACGAP1/SSTR5/MSX1/CDC25A/MAD2L1/TERT/TBX20/SKA3/STOX1/E2F7/IGF2/BUB1/CDK1/RRM2/MTBP/UBE2C/SPHK1/ATAD5/AURKB/MAPK15/NPM1/EPGN/RXFP3/TAS2R13/MEIOSIN",78
"GO:0045787","positive regulation of cell cycle","96/2712","339/16800",0.283185840707965,1.7542485707573,6.15528439633666,8.30648331735317e-09,2.21216753438055e-06,2.02217163247334e-06,"DBF4/DDX11/ASNS/RAD18/SPAG5/AURKA/BIRC5/CDC6/CDC7/RANBP1/CDC25B/CSPP1/CCNE1/EZH2/SHB/FGF8/NCAPG/CCND1/RAD51AP1/NR2E1/WNT5A/ECT2/IL1A/CDC20/PROX1/KIF14/MSX2/NCAPH/GPSM2/CIT/STIL/EREG/IL1B/PCID2/DLGAP5/PRDM7/CCNB1/PSRC1/CDCA8/CDK4/DMRT1/KIF23/KIF20B/LEF1/BRCA2/CYP1A1/PLK4/DTL/ANKRD31/CDCA5/NCAPG2/MAGEA4/DRD2/CHEK1/NCAPD3/CENPJ/SKA1/CDC25C/NPM2/PPP1R35/DBF4B/RACGAP1/SSTR5/MSX1/SPDYA/CDC25A/MAD2L1/TERT/TBX20/SKA3/STOX1/E2F7/IGF2/BUB1/SPDYE5/CDK1/RRM2/MTBP/SPDYE2B/UBE2C/FOSL1/FOXG1/SPHK1/ATAD5/AURKB/MAPK15/NPM1/EPGN/RXFP3/SPDYE16/SPDYE17/EIF4EBP1/SPDYC/TAS2R13/SPDYE3/MEIOSIN",96
"GO:0009913","epidermal cell differentiation","69/2712","221/16800",0.312217194570136,1.93408881592119,6.13291618430228,1.60078134786692e-08,4.07781648571838e-06,3.72758604025029e-06,"PAX6/USH2A/FOXC1/CDH3/DLX3/FGF20/PKP1/SULT2B1/CASP14/OVOL3/EZH2/SFRP4/CYP27B1/IL17A/WNT5A/IL1A/MSX2/EREG/BMP4/KRT36/KRT17/GRHL1/KRT85/KRT7/MYO7A/KRT71/S100A7/REG3G/ABCA12/KRT84/IL20/IVL/SPRR3/SPRR2D/AQP3/SLC39A2/KLK5/KRT80/EVPL/DNASE1L2/SPRR1B/SPRR1A/KRT78/KRT75/KRT6C/KRT4/KRT74/KRT83/REG3A/LIPM/DSG4/ETV4/ZBED2/JAG2/KRT6B/KRT5/LCE1E/KRT3/KRT16/PDZD7/LHFPL5/HRNR/SPRR2E/LIPN/LIPK/CDSN/KRT6A/FOXI3/NME2",69
"GO:0098813","nuclear chromosome segregation","90/2712","318/16800",0.283018867924528,1.75321422608115,5.94961694337017,2.49053488877696e-08,6.08001829722676e-06,5.55782522548122e-06,"DPF1/TACC3/SPDL1/MSH4/ASPM/TRIP13/SPAG5/AURKA/TPX2/BIRC5/KIF4A/CDC6/CCNB1IP1/MYBL2/CENPI/ARHGEF10/CCNE1/NCAPG/TTK/ECT2/MAD2L2/CDC20/NEK2/CENPF/KIF14/NCAPH/MND1/KIF18A/CENPK/KIF25/PCID2/DLGAP5/KNSTRN/SGO1/TOP2A/RAN/CCNB1/PSRC1/CDCA8/BRIP1/KIF23/HECW2/CENPE/KIF2C/NUF2/HORMAD1/FANCD2/ANKRD31/CDCA5/NCAPG2/DSN1/NCAPD3/SPC25/CCSAP/SKA1/BUB1B/CCNB2/KASH5/RACGAP1/SPC24/SPICE1/SPDYA/MAD2L1/PTTG1/DCAF13/SHOC1/SKA3/PLK1/CDT1/KIFC2/BUB1/CDK1/UBE2C/HASPIN/AURKB/RRS1/RCC1/MAPK15/KNTC1/KIF18B/SYCP2/PRC1/MSH5/MZT1/PTTG3P/SYCE3/KIF4B/KIFC1/TERB1/UHRF1",90
"GO:0032508","DNA duplex unwinding","32/2712","74/16800",0.432432432432432,2.67878497966994,6.35004458635028,3.00573150288038e-08,7.04423235015047e-06,6.43922605753911e-06,"DDX11/POLQ/MCM2/CDC45/GINS1/MCM4/TWNK/MCM3/DTD1/MCM8/CHTF18/GINS2/TOP2A/CHD1L/RFC3/BRIP1/DSCC1/HMGA1/DNA2/ZGRF1/PIF1/GINS4/RECQL4/RFC4/MCM7/RUVBL1/MCMDC2/GINS3/RUVBL2/RAD54B/BLM/RTEL1",32
"GO:0007059","chromosome segregation","111/2712","422/16800",0.26303317535545,1.62940905087447,5.7454051853365,4.98303438936926e-08,1.12290763412748e-05,1.02646473575347e-05,"FIRRM/DPF1/BRCA1/TACC3/SPDL1/MSH4/ASPM/RAD18/TRIP13/SPAG5/AURKA/TPX2/BIRC5/KIF4A/CDC6/CCNB1IP1/MYBL2/CENPI/OIP5/ARHGEF10/CCNE1/NCAPG/TTK/ECT2/MAD2L2/CDC20/NEK2/CENPF/KIF14/NCAPH/MND1/KIF18A/GPSM2/CENPK/STIL/HJURP/KIF25/PCID2/DLGAP5/KNSTRN/SGO1/TOP2A/RAN/CCNB1/PSRC1/CDCA8/BRIP1/KIF23/HECW2/CENPE/DIAPH3/KIF2C/NUF2/HORMAD1/FANCD2/ANKRD31/CDCA5/NCAPG2/HAUS6/NTMT1/MKI67/DSN1/NCAPD3/CENPJ/SPC25/CENPH/CCSAP/SKA1/BUB1B/CCNB2/KASH5/RACGAP1/SPC24/SPICE1/SPDYA/MAD2L1/PTTG1/DCAF13/SHOC1/SKA3/CENPN/PLK1/CDT1/KIFC2/BUB1/CDK1/UBE2C/HASPIN/AURKB/RRS1/RCC1/MAPK15/KNTC1/CDCA2/KIF18B/CENPP/SYCP2/PRC1/CENPW/MSH5/MZT1/PTTG3P/HAUS7/SYCE3/KIF4B/KIFC1/RAD21L1/HAUS5/TERB1/LOC100533997/UHRF1",111
"GO:0045229","external encapsulating structure organization","91/2712","331/16800",0.274924471299094,1.70307194610058,5.66815917044019,9.22092595480896e-08,2.00094093219354e-05,1.82908659875509e-05,"IBSP/COL9A2/ADAMTS6/FOXC1/COL11A1/FSCN1/FAP/COL5A3/CPB2/ADAMTS2/KIF9/COL9A3/MMP11/MMP9/FERMT1/COMP/HPN/PLOD3/COL1A1/COL12A1/COL9A1/NR2E1/LOX/COL7A1/MAD2L2/MMP8/TGFBI/PRDX4/COL10A1/SOX9/COL5A1/MATN3/POSTN/LOXL2/AGT/CTSV/SULF1/MMP7/MMP20/MMP13/ADAMTS14/ADAMTS18/FKBP10/COL8A1/GAS2/SERPINH1/P4HA3/MMP3/ADAMTS12/ADAM8/DMP1/WNT3A/MMP14/RUNX1/FGFR4/PDPN/OLFML2B/MELTF/ITGA2/COL1A2/TNFRSF11B/WDR72/MMP10/SERPINF2/KLK5/COL3A1/AXIN2/KLK7/COL22A1/ADAMTS20/FOXC2/WT1/ADAMTSL5/COL4A1/MMP1/COL27A1/ADAMTSL2/HRNR/ERO1A/SMOC1/EGFL6/COL5A2/C6orf15/PRSS1/SERPINB5/MIR483/ZNF469/SCX/MIA/MMP12/PRSS2",91
"GO:0030198","extracellular matrix organization","90/2712","329/16800",0.273556231003039,1.69459612125777,5.58254465058045,1.38629004595367e-07,2.90081192115806e-05,2.65167058413996e-05,"IBSP/COL9A2/ADAMTS6/FOXC1/COL11A1/FSCN1/FAP/COL5A3/CPB2/ADAMTS2/KIF9/COL9A3/MMP11/MMP9/FERMT1/COMP/HPN/PLOD3/COL1A1/COL12A1/COL9A1/NR2E1/LOX/COL7A1/MAD2L2/MMP8/TGFBI/PRDX4/COL10A1/SOX9/COL5A1/MATN3/POSTN/LOXL2/AGT/CTSV/SULF1/MMP7/MMP20/MMP13/ADAMTS14/ADAMTS18/FKBP10/COL8A1/GAS2/SERPINH1/P4HA3/MMP3/ADAMTS12/ADAM8/DMP1/WNT3A/MMP14/RUNX1/FGFR4/PDPN/OLFML2B/MELTF/ITGA2/COL1A2/TNFRSF11B/WDR72/MMP10/SERPINF2/KLK5/COL3A1/AXIN2/KLK7/COL22A1/ADAMTS20/FOXC2/WT1/ADAMTSL5/COL4A1/MMP1/COL27A1/ADAMTSL2/ERO1A/SMOC1/EGFL6/COL5A2/C6orf15/PRSS1/SERPINB5/MIR483/ZNF469/SCX/MIA/MMP12/PRSS2",90
"GO:0000070","mitotic sister chromatid segregation","60/2712","193/16800",0.310880829015544,1.92581044522903,5.6756685331613,1.60029271628999e-07,3.14266416749945e-05,2.87275092466601e-05,"SPDL1/TRIP13/SPAG5/TPX2/BIRC5/KIF4A/MYBL2/CENPI/ARHGEF10/NCAPG/TTK/MAD2L2/CDC20/NEK2/CENPF/KIF14/NCAPH/KIF18A/CENPK/KIF25/PCID2/DLGAP5/KNSTRN/RAN/CCNB1/PSRC1/CDCA8/KIF23/CENPE/KIF2C/NUF2/CDCA5/NCAPG2/NCAPD3/SPC25/CCSAP/SKA1/BUB1B/RACGAP1/SPC24/SPICE1/MAD2L1/SKA3/PLK1/CDT1/KIFC2/BUB1/CDK1/UBE2C/HASPIN/AURKB/RRS1/RCC1/KNTC1/KIF18B/PRC1/MZT1/KIF4B/KIFC1/UHRF1",60
"GO:0043062","extracellular structure organization","90/2712","330/16800",0.272727272727273,1.68946098149638,5.54985644733463,1.60914703917023e-07,3.14266416749945e-05,2.87275092466601e-05,"IBSP/COL9A2/ADAMTS6/FOXC1/COL11A1/FSCN1/FAP/COL5A3/CPB2/ADAMTS2/KIF9/COL9A3/MMP11/MMP9/FERMT1/COMP/HPN/PLOD3/COL1A1/COL12A1/COL9A1/NR2E1/LOX/COL7A1/MAD2L2/MMP8/TGFBI/PRDX4/COL10A1/SOX9/COL5A1/MATN3/POSTN/LOXL2/AGT/CTSV/SULF1/MMP7/MMP20/MMP13/ADAMTS14/ADAMTS18/FKBP10/COL8A1/GAS2/SERPINH1/P4HA3/MMP3/ADAMTS12/ADAM8/DMP1/WNT3A/MMP14/RUNX1/FGFR4/PDPN/OLFML2B/MELTF/ITGA2/COL1A2/TNFRSF11B/WDR72/MMP10/SERPINF2/KLK5/COL3A1/AXIN2/KLK7/COL22A1/ADAMTS20/FOXC2/WT1/ADAMTSL5/COL4A1/MMP1/COL27A1/ADAMTSL2/ERO1A/SMOC1/EGFL6/COL5A2/C6orf15/PRSS1/SERPINB5/MIR483/ZNF469/SCX/MIA/MMP12/PRSS2",90
"GO:0045104","intermediate filament cytoskeleton organization","34/2712","87/16800",0.390804597701149,2.42091343708677,5.82991103096276,2.24281644425344e-07,4.23892307963901e-05,3.87485571081885e-05,"PKP1/KRT31/KRT23/KRT37/KRT32/BFSP1/KRT36/KRT17/KRT34/KRT85/KRT7/KRT71/KRT84/SHH/KRT80/EVPL/KRT78/KRT75/KRT6C/KRT4/KRT74/KRT83/BBLN/KRT15/KRT38/KRT13/KRT6B/KRT5/KRT3/KRT16/KRT39/KRT35/KRT40/KRT6A",34
"GO:0061982","meiosis I cell cycle process","46/2712","135/16800",0.340740740740741,2.1107833497214,5.6853273112642,2.34760154453561e-07,4.29831170294817e-05,3.92914363769644e-05,"MSH4/TRIP13/MOV10L1/RAD54L/AURKA/CCNB1IP1/CDC25B/CCNE1/RAD51AP1/CDC20/MND1/CKS2/PRDM7/PKMYT1/TOP2A/BRIP1/DMRT1/BRDT/BRCA2/DNMT3L/HORMAD1/FANCD2/ANKRD31/EME1/CCNB2/CDC25C/ANKLE1/HSF2BP/KASH5/SPDYA/CDC25A/PTTG1/SHOC1/PLK1/CNTD1/MAPK15/TEX19/REC114/SYCP2/RAD54B/EME2/MSH5/PTTG3P/SYCE3/BTBD18/TERB1",46
"GO:0032392","DNA geometric change","32/2712","80/16800",0.4,2.47787610619469,5.81335401288799,2.70059781172088e-07,4.79478866026443e-05,4.38297979777857e-05,"DDX11/POLQ/MCM2/CDC45/GINS1/MCM4/TWNK/MCM3/DTD1/MCM8/CHTF18/GINS2/TOP2A/CHD1L/RFC3/BRIP1/DSCC1/HMGA1/DNA2/ZGRF1/PIF1/GINS4/RECQL4/RFC4/MCM7/RUVBL1/MCMDC2/GINS3/RUVBL2/RAD54B/BLM/RTEL1",32
"GO:0045103","intermediate filament-based process","34/2712","88/16800",0.386363636363636,2.39340305711987,5.74997250224637,3.09212174309231e-07,5.32845332140525e-05,4.87080973029525e-05,"PKP1/KRT31/KRT23/KRT37/KRT32/BFSP1/KRT36/KRT17/KRT34/KRT85/KRT7/KRT71/KRT84/SHH/KRT80/EVPL/KRT78/KRT75/KRT6C/KRT4/KRT74/KRT83/BBLN/KRT15/KRT38/KRT13/KRT6B/KRT5/KRT3/KRT16/KRT39/KRT35/KRT40/KRT6A",34
"GO:0045839","negative regulation of mitotic nuclear division","26/2712","59/16800",0.440677966101695,2.72986350682466,5.83994868040754,3.72284806036466e-07,6.23204765305044e-05,5.69679727252193e-05,"SPDL1/TRIP13/BIRC5/BMP7/TTK/MAD2L2/CDC20/CENPF/BMP4/PCID2/CCNB1/CDCA8/NUF2/CHEK1/SPC25/SKA1/BUB1B/SPC24/MAD2L1/SKA3/PLK1/BUB1/MTBP/HASPIN/AURKB/KNTC1",26
"GO:0001580","detection of chemical stimulus involved in sensory perception of bitter taste","16/2712","28/16800",0.571428571428571,3.53982300884956,5.90135754806528,8.78159221502678e-07,0.000142920413299561,0.000130645442076188,"CST4/TAS2R3/CA6/GNAT2/AZGP1/RTP3/LPO/CST2/CST1/TAS2R50/TAS2R13/TAS2R46/TAS2R43/TAS2R30/TAS2R31/TAS2R38",16
"GO:0071103","DNA conformation change","33/2712","88/16800",0.375,2.32300884955752,5.45948601613403,1.02106887092169e-06,0.000161687635533248,0.000147800808399702,"DDX11/POLQ/MCM2/CDC45/GINS1/MCM4/TWNK/MCM3/DTD1/MCM8/CHTF18/GINS2/TOP2A/CHD1L/RFC3/BRIP1/DSCC1/HMGA1/DNA2/ZGRF1/PIF1/GINS4/RECQL4/RFC4/MCM7/RUVBL1/MCMDC2/GINS3/RUVBL2/TOP1MT/RAD54B/BLM/RTEL1",33
"GO:0006270","DNA replication initiation","19/2712","38/16800",0.5,3.09734513274336,5.67885354847722,1.31182743539032e-06,0.000202263077472417,0.000184891357098779,"POLA2/MCM10/MCM2/ORC6/CDC45/CDC6/POLA1/MCM4/CCNE1/MCM3/CDK2/TICRR/MCM7/CDT1/NOC3L/GINS3/PRIM1/RPA4/MCIDAS",19
"GO:0042476","odontogenesis","44/2712","134/16800",0.328358208955224,2.03407740060758,5.27292559906377,1.35231990469676e-06,0.000203160059528675,0.000185711300272527,"FOXC1/RELT/DLX3/DMRT3/FGF4/AQP6/SNX10/BMP7/SERPINE1/FGF8/COL1A1/ODAM/PERP/MSX2/TNFSF11/INHBA/AMELX/BMP4/SLC34A1/EDAR/TFAP2A/MMP20/LEF1/ACP4/DSPP/DMP1/APCDD1/AQP5/MSX1/SHH/COL1A2/TNFRSF11B/AQP3/WDR72/KLK5/AXIN2/SP7/TSPEAR/AMBN/JAG2/SP6/CCDC154/PAX9/FOXI3",44
"GO:0000819","sister chromatid segregation","66/2712","233/16800",0.283261802575107,1.75471913099624,5.08982990891813,1.69758284015035e-06,0.000248653446511022,0.000227297407649605,"DPF1/TACC3/SPDL1/TRIP13/SPAG5/TPX2/BIRC5/KIF4A/CDC6/MYBL2/CENPI/ARHGEF10/NCAPG/TTK/MAD2L2/CDC20/NEK2/CENPF/KIF14/NCAPH/KIF18A/CENPK/KIF25/PCID2/DLGAP5/KNSTRN/TOP2A/RAN/CCNB1/PSRC1/CDCA8/KIF23/HECW2/CENPE/KIF2C/NUF2/CDCA5/NCAPG2/NCAPD3/SPC25/CCSAP/SKA1/BUB1B/RACGAP1/SPC24/SPICE1/MAD2L1/SKA3/PLK1/CDT1/KIFC2/BUB1/CDK1/UBE2C/HASPIN/AURKB/RRS1/RCC1/MAPK15/KNTC1/KIF18B/PRC1/MZT1/KIF4B/KIFC1/UHRF1",66
"GO:0007094","mitotic spindle assembly checkpoint signaling","22/2712","49/16800",0.448979591836735,2.78128950695322,5.47865643087602,1.98542046463651e-06,0.00027052508144896,0.000247290558728777,"SPDL1/TRIP13/BIRC5/TTK/MAD2L2/CDC20/CENPF/PCID2/CCNB1/CDCA8/NUF2/SPC25/SKA1/BUB1B/SPC24/MAD2L1/SKA3/PLK1/BUB1/HASPIN/AURKB/KNTC1",22
"GO:0071173","spindle assembly checkpoint signaling","22/2712","49/16800",0.448979591836735,2.78128950695322,5.47865643087602,1.98542046463651e-06,0.00027052508144896,0.000247290558728777,"SPDL1/TRIP13/BIRC5/TTK/MAD2L2/CDC20/CENPF/PCID2/CCNB1/CDCA8/NUF2/SPC25/SKA1/BUB1B/SPC24/MAD2L1/SKA3/PLK1/BUB1/HASPIN/AURKB/KNTC1",22
"GO:0071174","mitotic spindle checkpoint signaling","22/2712","49/16800",0.448979591836735,2.78128950695322,5.47865643087602,1.98542046463651e-06,0.00027052508144896,0.000247290558728777,"SPDL1/TRIP13/BIRC5/TTK/MAD2L2/CDC20/CENPF/PCID2/CCNB1/CDCA8/NUF2/SPC25/SKA1/BUB1B/SPC24/MAD2L1/SKA3/PLK1/BUB1/HASPIN/AURKB/KNTC1",22
"GO:2000243","positive regulation of reproductive process","32/2712","87/16800",0.367816091954023,2.27850676431696,5.24562615421082,2.41885129026346e-06,0.000322092038855764,0.000294428597245466,"AURKA/CDC25B/OXT/RETN/RAD51AP1/VEGFA/WNT5A/MSX2/INHBA/SOX9/PRDM7/NR5A1/DMRT1/ANKRD31/GLRA1/PRDM14/CDC25C/NPM2/INHBB/MSX1/CDC25A/SHH/PRSS37/IQCF1/OXTR/MAPK15/WT1/HYAL3/ZP3/SYCE3/MEIOSIN/APELA",32
"GO:0006268","DNA unwinding involved in DNA replication","13/2712","21/16800",0.619047619047619,3.83480825958702,5.70311574857558,2.76637114264341e-06,0.000356148758859219,0.000325560295914645,"MCM2/CDC45/GINS1/MCM4/TWNK/MCM3/GINS2/HMGA1/GINS4/RECQL4/MCM7/GINS3/BLM",13
"GO:0050913","sensory perception of bitter taste","17/2712","33/16800",0.515151515151515,3.19120407615983,5.52807594889604,2.79618414533608e-06,0.000356148758859219,0.000325560295914645,"CST4/TAS2R3/CA6/GNAT2/AZGP1/RTP3/LPO/CST2/CST1/TAS2R50/TAS2R13/TAS2R46/RGS21/TAS2R43/TAS2R30/TAS2R31/TAS2R38",17
"GO:2000242","negative regulation of reproductive process","28/2712","72/16800",0.388888888888889,2.40904621435595,5.25691992726497,2.8754566360735e-06,0.000358453200654354,0.000327666816670593,"TRIP13/OVGP1/BMP7/EPPIN/TIMP1/SHB/TTK/WNT5A/IL1A/WDR77/PAEP/PRDX4/SEMG2/SNAI1/SEMG1/BMP4/PKMYT1/LIF/NR5A1/DMRT1/SULF1/HORMAD1/FBXO43/NODAL/WT1/ZP3/SYCP2/ADA",28
"GO:0031577","spindle checkpoint signaling","22/2712","50/16800",0.44,2.72566371681416,5.36161530891895,3.00696861915492e-06,0.000360959088302091,0.000329957481747565,"SPDL1/TRIP13/BIRC5/TTK/MAD2L2/CDC20/CENPF/PCID2/CCNB1/CDCA8/NUF2/SPC25/SKA1/BUB1B/SPC24/MAD2L1/SKA3/PLK1/BUB1/HASPIN/AURKB/KNTC1",22
"GO:1905818","regulation of chromosome separation","29/2712","76/16800",0.381578947368421,2.36376339077783,5.22802470075133,3.01877373729347e-06,0.000360959088302091,0.000329957481747565,"SPDL1/TRIP13/BIRC5/NCAPG/TTK/MAD2L2/CDC20/CENPF/NCAPH/PCID2/DLGAP5/CCNB1/CDCA8/NUF2/NCAPG2/NCAPD3/SPC25/SKA1/BUB1B/SPC24/MAD2L1/SKA3/PLK1/BUB1/UBE2C/HASPIN/AURKB/MAPK15/KNTC1",29
"GO:0000075","cell cycle checkpoint signaling","58/2712","201/16800",0.288557213930348,1.7875225641703,4.92812776293543,3.75649718303766e-06,0.000440186339908353,0.00040238016141675,"BRCA1/SPDL1/TRIP13/GTSE1/BIRC5/CLSPN/CDC45/CDC6/TTI1/E2F1/CDK5RAP3/CCND1/TIMELESS/TTK/MAD2L2/CDC20/PROX1/CENPF/CDK2/PCID2/CCNB1/CDCA8/BRIP1/IER3/DNA2/BRCA2/TICRR/NUF2/HORMAD1/DTL/FANCD2/CHEK1/SPC25/SKA1/EME1/BUB1B/DONSON/SPC24/RPL26/MAD2L1/SKA3/E2F7/PLK1/CDT1/BUB1/CDK1/BRSK2/ATR/HASPIN/AURKB/KNTC1/GNB1L/H2AX/SYCP2/BLM/EME2/RPA4/PRKDC",58
"GO:0090596","sensory organ morphogenesis","74/2712","276/16800",0.268115942028986,1.66089521610876,4.85726102026281,3.89385128369595e-06,0.000447334797474011,0.000408914661123736,"DLX6/PAX6/COL11A1/MYO3B/PAX2/SIX4/BMP7/RS1/RPGRIP1L/RP1/FZD3/EYA1/CALB1/HPN/DLX5/WNT2/FGF8/PTK7/VEGFA/TBX18/SPARC/WNT5A/OTX1/ATP6V1B1/PRRX1/MFAP2/PROX1/GJB6/TWIST1/HOXC13/NDP/SOX4/BMP4/SOX9/SIX1/GNGT1/COL5A1/EPHB2/GSC/GNAT2/TFAP2A/MYO7A/STRA6/SIX3/RBP4/NKD1/COL8A1/EDNRA/THY1/WNT3A/EPHB1/MEGF11/GRHL3/AQP5/MSX1/OTOP1/HCN1/CTHRC1/STOX1/PTF1A/GBX2/SIX2/CHD7/FOXG1/FJX1/TH/SOX1/FOXL2/PDZD7/SAMD7/TMEM215/LHFPL5/COL5A2/LHX1",74
"GO:0033046","negative regulation of sister chromatid segregation","22/2712","51/16800",0.431372549019608,2.67221933020996,5.2474193487599,4.48540063691395e-06,0.00047124915248037,0.000430775089663249,"SPDL1/TRIP13/BIRC5/TTK/MAD2L2/CDC20/CENPF/PCID2/CCNB1/CDCA8/NUF2/SPC25/SKA1/BUB1B/SPC24/MAD2L1/SKA3/PLK1/BUB1/HASPIN/AURKB/KNTC1",22
"GO:0033048","negative regulation of mitotic sister chromatid segregation","22/2712","51/16800",0.431372549019608,2.67221933020996,5.2474193487599,4.48540063691395e-06,0.00047124915248037,0.000430775089663249,"SPDL1/TRIP13/BIRC5/TTK/MAD2L2/CDC20/CENPF/PCID2/CCNB1/CDCA8/NUF2/SPC25/SKA1/BUB1B/SPC24/MAD2L1/SKA3/PLK1/BUB1/HASPIN/AURKB/KNTC1",22
"GO:0045841","negative regulation of mitotic metaphase/anaphase transition","22/2712","51/16800",0.431372549019608,2.67221933020996,5.2474193487599,4.48540063691395e-06,0.00047124915248037,0.000430775089663249,"SPDL1/TRIP13/BIRC5/TTK/MAD2L2/CDC20/CENPF/PCID2/CCNB1/CDCA8/NUF2/SPC25/SKA1/BUB1B/SPC24/MAD2L1/SKA3/PLK1/BUB1/HASPIN/AURKB/KNTC1",22
"GO:2000816","negative regulation of mitotic sister chromatid separation","22/2712","51/16800",0.431372549019608,2.67221933020996,5.2474193487599,4.48540063691395e-06,0.00047124915248037,0.000430775089663249,"SPDL1/TRIP13/BIRC5/TTK/MAD2L2/CDC20/CENPF/PCID2/CCNB1/CDCA8/NUF2/SPC25/SKA1/BUB1B/SPC24/MAD2L1/SKA3/PLK1/BUB1/HASPIN/AURKB/KNTC1",22
"GO:0022617","extracellular matrix disassembly","25/2712","62/16800",0.403225806451613,2.49785897801884,5.184141846614,4.50417350040975e-06,0.00047124915248037,0.000430775089663249,"FSCN1/FAP/KIF9/MMP11/MMP9/HPN/MMP8/CTSV/MMP7/MMP20/MMP13/MMP3/ADAM8/MMP14/FGFR4/PDPN/MELTF/WDR72/MMP10/KLK5/KLK7/MMP1/PRSS1/MMP12/PRSS2",25
"GO:0050912","detection of chemical stimulus involved in sensory perception of taste","17/2712","34/16800",0.5,3.09734513274336,5.3710168679521,4.75205526152965e-06,0.000488461259250916,0.000446508904352038,"CST4/TAS2R3/CA6/GNAT2/AZGP1/RTP3/LPO/CST2/CST1/TAS2R50/TAS2R13/TAS2R46/TAS2R43/TAS2R30/TAS2R31/TAS2R38/PKD1L3",17
"GO:0033260","nuclear DNA replication","19/2712","41/16800",0.463414634146341,2.87071012303043,5.26182330819824,5.55657997409374e-06,0.000561310380486469,0.00051310125060234,"DBF4/MCM2/CDC45/CDC7/GINS1/POLA1/MCM4/MCM3/PCNA/DNA2/BRCA2/DONSON/DBF4B/CDT1/ATAD5/GINS3/BLM/RTEL1/DACH1",19
"GO:1902100","negative regulation of metaphase/anaphase transition of cell cycle","22/2712","52/16800",0.423076923076923,2.62083049693669,5.13593692513922,6.59507696111516e-06,0.000644009265252895,0.000588697396107964,"SPDL1/TRIP13/BIRC5/TTK/MAD2L2/CDC20/CENPF/PCID2/CCNB1/CDCA8/NUF2/SPC25/SKA1/BUB1B/SPC24/MAD2L1/SKA3/PLK1/BUB1/HASPIN/AURKB/KNTC1",22
"GO:1905819","negative regulation of chromosome separation","22/2712","52/16800",0.423076923076923,2.62083049693669,5.13593692513922,6.59507696111516e-06,0.000644009265252895,0.000588697396107964,"SPDL1/TRIP13/BIRC5/TTK/MAD2L2/CDC20/CENPF/PCID2/CCNB1/CDCA8/NUF2/SPC25/SKA1/BUB1B/SPC24/MAD2L1/SKA3/PLK1/BUB1/HASPIN/AURKB/KNTC1",22
"GO:0044786","cell cycle DNA replication","20/2712","45/16800",0.444444444444444,2.75319567354966,5.16685551542282,6.98868874203624e-06,0.000671257825239186,0.000613605665564804,"DBF4/MCM2/CDC45/CDC7/GINS1/POLA1/MCM4/MCM3/PCNA/DNA2/BRCA2/DONSON/DBF4B/E2F7/CDT1/ATAD5/GINS3/BLM/RTEL1/DACH1",20
"GO:0050909","sensory perception of taste","23/2712","56/16800",0.410714285714286,2.54424778761062,5.07859148078196,7.46505244717928e-06,0.000705447456258442,0.00064485885995328,"CST4/ASIC1/TAS2R3/CA6/GNAT2/LEF1/LCN1/AZGP1/RTP3/LPO/CST2/CST1/CALHM3/TAS2R50/TAS2R13/ASIC3/TAS2R46/RGS21/TAS2R43/TAS2R30/TAS2R31/TAS2R38/PKD1L3",23
"GO:0051985","negative regulation of chromosome segregation","22/2712","53/16800",0.415094339622642,2.57138086491902,5.0270449799872,9.56549836494631e-06,0.000876779974157912,0.000801476183023052,"SPDL1/TRIP13/BIRC5/TTK/MAD2L2/CDC20/CENPF/PCID2/CCNB1/CDCA8/NUF2/SPC25/SKA1/BUB1B/SPC24/MAD2L1/SKA3/PLK1/BUB1/HASPIN/AURKB/KNTC1",22
"GO:0019731","antibacterial humoral response","27/2712","72/16800",0.375,2.32300884955752,4.93592865466505,9.57738835058992e-06,0.000876779974157912,0.000801476183023052,"PGC/BPI/CALCA/WFDC3/SEMG2/SEMG1/MMP7/SPON2/DEFA5/DEFA6/RNASE7/NOD2/KLK5/EVPL/WFDC13/KLK7/FGA/FGB/WFDC10A/WFDC10B/NCR3LG1/IGHG4/IGHG1/IGHG3/SPRR2A/H2BC7/H2BC10",27
"GO:0000727","double-strand break repair via break-induced replication","9/2712","12/16800",0.75,4.64601769911504,5.54334363349343,1.01357193494818e-05,0.000913618148747904,0.000835150446156491,"MCM2/CDC45/CDC7/MCM4/MCM3/GINS2/GINS4/MCM7/MCMDC2",9
"GO:0021871","forebrain regionalization","13/2712","23/16800",0.565217391304348,3.50134667179684,5.26674799318503,1.12866411104246e-05,0.00099897721563033,0.000913178299355399,"PAX6/FGF8/BMP4/FEZF1/EMX1/NKX2-1/SIX3/DMRTA2/FEZF2/SHH/WNT7B/ADGRG1/LHX1",13
"GO:0007606","sensory perception of chemical stimulus","64/2712","236/16800",0.271186440677966,1.67991600419979,4.61520015640706,1.15220115388887e-05,0.00099897721563033,0.000913178299355399,"CST4/ASIC1/OBP2A/OR2B6/TAS2R3/CA6/GNAT2/OR1J1/ADCY3/LEF1/SLC6A3/DRD2/LCN1/AZGP1/RTP3/OR1Q1/OR2D2/OR51B5/LPO/OR1F1/CST2/CST1/OR10A2/OBP2B/OR2AT4/OR10H5/BBS1/OR10Q1/OR51E1/OR4C6/OR52A1/CALHM3/OR2T10/OR6A2/ANO9/OR10H1/OR2AG2/GJB4/OR52K1/OR2H2/TAS2R50/TAS2R13/ASIC3/OR2F1/OR2A5/OR2A14/OR52I2/TAS2R46/OR2M3/OR52I1/OR2I1P/OR1J4/OR5G3/RGS21/OR5M11/TAS2R43/TAS2R30/TAS2R31/TAS2R38/OR9A4/GFY/PKD1L3/OR2T11/OR2AG1",64
"GO:0048706","embryonic skeletal system development","41/2712","131/16800",0.312977099236641,1.93879618996149,4.73275561134799,1.15942056089542e-05,0.00099897721563033,0.000913178299355399,"DLX6/COL11A1/DLX3/HOXA9/WNT11/TBX15/SIX4/BMP7/EYA1/DLX5/FGF8/HOXB6/DLX4/COL1A1/MDFI/WNT5A/PRRX1/HOXB8/MTHFD1L/TWIST1/HOXC11/BMP4/SIX1/GSC/TFAP2A/SULF1/RBP4/SLC39A1/EDNRA/NODAL/MMP14/SHH/SHOX2/SIX2/FOXC2/IRX5/ALX1/HOXC9/HOXC6/SCX/LHX1",41
"GO:0010466","negative regulation of peptidase activity","51/2712","176/16800",0.289772727272727,1.7950522928399,4.65206901854447,1.24014209510737e-05,0.00105304239641074,0.000962599996934601,"ANOS1/DPEP1/CD44/SERPINB3/PTGS2/PAX2/BIRC5/SERPIND1/SERPINA4/MMP9/R3HDML/BIRC7/CST4/EPPIN/TIMP1/ITIH6/SERPINE1/AMBP/SLCO1B3/VEGFA/COL7A1/SPINK4/SERPINA7/WFDC3/CSTL1/PCID2/BCL2L12/IFI6/SERPINE2/SERPINA10/SPINK7/SERPINH1/SPINT4/ITIH2/WFDC8/SERPINB7/A2ML1/SERPINF2/WFDC13/CST5/CST2/CST1/CST6/WFDC10A/MAGEA3/SERPINB2/SERPINB13/SERPINB4/SERPINB5/SERPINE3/SLCO1B3-SLCO1B7",51
"GO:0007389","pattern specification process","109/2712","460/16800",0.23695652173913,1.46787225856098,4.46418384330217,1.38232624125945e-05,0.00115700706393416,0.00105763547601926,"SEMA3F/PAX6/HOXC8/DNAH5/FOXC1/DMRT3/NLE1/WNT8B/PAX2/HOXA9/LRP2/WNT11/AURKA/TBX5/DLL3/BMP7/RPGRIP1L/EYA1/WNT2/LHX3/FGF8/DKK1/WNT3/HOXB6/KAT2A/DBX1/FOLR1/MDFI/TBX18/IRX4/WNT5A/OTX1/WDR77/HOXB8/MSX2/HOXC13/HOXC11/STIL/DAW1/SNAI1/BMP4/FOXA2/SIX1/FEZF1/DNAAF11/FOXJ1/GSC/BHLHE40/RAX/EMX1/NKX2-1/TBR1/GATA4/SIX3/LEF1/NKD1/DMRTA2/HES6/RIPPLY1/CER1/FEZF2/WNT3A/WNT7A/WIF1/NODAL/DRC1/GRHL3/STC1/SIM2/PIERCE1/TDRD5/EN1/MSX1/TBXT/TBX20/SP8/SHH/ANKS6/OTX2/DPCD/DNAAF3/GBX2/AXIN2/IRX2/SIX2/FOXB1/FOXG1/FOXC2/IRX3/HES7/HOXC9/SOX1/NKX2-5/RIPPLY3/WT1/ROBO2/WNT7B/HES4/XRCC2/HOXC6/ADGRG1/CFAP45/CRIPTO3/NTF4/CRIPTO/FOXD1/PRKDC/DNAAF4/LHX1",109
"GO:0051983","regulation of chromosome segregation","41/2712","132/16800",0.310606060606061,1.92410834003754,4.67659752655225,1.42262649632866e-05,0.00117396741436474,0.00107313915690441,"DPF1/TACC3/SPDL1/RAD18/TRIP13/BIRC5/CDC6/NCAPG/TTK/MAD2L2/CDC20/CENPF/NCAPH/PCID2/DLGAP5/CCNB1/CDCA8/HECW2/CENPE/KIF2C/NUF2/HORMAD1/NCAPG2/MKI67/NCAPD3/SPC25/SKA1/BUB1B/SPC24/MAD2L1/SKA3/PLK1/BUB1/CDK1/UBE2C/HASPIN/AURKB/MAPK15/KNTC1/CDCA2/LOC100533997",41
"GO:0033047","regulation of mitotic sister chromatid segregation","23/2712","58/16800",0.396551724137931,2.45651510527922,4.87514129352762,1.49195619348672e-05,0.00121407935244981,0.00110980601059363,"SPDL1/TRIP13/BIRC5/TTK/MAD2L2/CDC20/CENPF/PCID2/CCNB1/CDCA8/NUF2/SPC25/SKA1/BUB1B/SPC24/MAD2L1/SKA3/PLK1/BUB1/CDK1/HASPIN/AURKB/KNTC1",23
"GO:0007127","meiosis I","40/2712","128/16800",0.3125,1.9358407079646,4.66310240255518,1.53483400921496e-05,0.00122354818085262,0.00111846159200477,"MSH4/TRIP13/MOV10L1/RAD54L/AURKA/CCNB1IP1/CDC25B/CCNE1/RAD51AP1/MND1/CKS2/PRDM7/TOP2A/BRIP1/DMRT1/BRDT/BRCA2/DNMT3L/HORMAD1/FANCD2/ANKRD31/EME1/CCNB2/ANKLE1/HSF2BP/KASH5/SPDYA/PTTG1/SHOC1/PLK1/CNTD1/TEX19/SYCP2/RAD54B/EME2/MSH5/PTTG3P/SYCE3/BTBD18/TERB1",40
"GO:0006953","acute-phase response","20/2712","47/16800",0.425531914893617,2.63603841084542,4.92785609238368,1.55118708012849e-05,0.00122354818085262,0.00111846159200477,"PTGS2/TFR2/IL1A/TNFSF11/IL1B/LBP/EPO/CRP/SAA2/IL1RN/REG3G/AHSG/SAA4/SERPINF2/REG3A/CEBPB/SAA1/F2/ORM2/ORM1",20
"GO:0010965","regulation of mitotic sister chromatid separation","24/2712","62/16800",0.387096774193548,2.39794461889809,4.83833478613851,1.58712513645331e-05,0.00122354818085262,0.00111846159200477,"SPDL1/TRIP13/BIRC5/TTK/MAD2L2/CDC20/CENPF/PCID2/DLGAP5/CCNB1/CDCA8/NUF2/SPC25/SKA1/BUB1B/SPC24/MAD2L1/SKA3/PLK1/BUB1/UBE2C/HASPIN/AURKB/KNTC1",24
"GO:2000179","positive regulation of neural precursor cell proliferation","24/2712","62/16800",0.387096774193548,2.39794461889809,4.83833478613851,1.58712513645331e-05,0.00122354818085262,0.00111846159200477,"PAX6/VCAN/ASPM/WDR62/DCT/LRP2/LHX5/FZD3/NR2E1/VEGFA/PROX1/HAPLN3/DMRTA2/DRD2/WNT3A/ACAN/SHH/OTP/FOXG1/NAP1L1/FZD9/RASSF10/ADGRG1/LHX1",24
"GO:0006271","DNA strand elongation involved in DNA replication","10/2712","15/16800",0.666666666666667,4.12979351032448,5.32062350367347,1.61765009565303e-05,0.00123088466369235,0.00112516796810425,"GINS1/POLA1/MCM4/POLD2/MCM3/PCNA/RFC3/DNA2/RFC4/MCM7",10
"GO:0048663","neuron fate commitment","26/2712","70/16800",0.371428571428571,2.30088495575221,4.78521909362376,1.69850258556985e-05,0.00127435861932621,0.00116490808654822,"PAX6/DMRT3/NOTCH3/EYA1/LHX3/DBX1/PRRX1/PROX1/BMP4/SOX9/SIX1/NKX2-1/TBR1/DMRTA2/NKX6-2/POU4F1/FEZF2/TLX3/SHH/PTF1A/GSX1/FOXG1/SOX1/POU3F2/JAG2/EPOP",26
"GO:0021536","diencephalon development","28/2712","78/16800",0.358974358974359,2.2237349670978,4.75283182852867,1.71828521807084e-05,0.00127435861932621,0.00116490808654822,"PAX6/PITX1/GHRHR/LHX3/FGF8/PRDM13/WNT5A/PLXNA1/OTX1/BMP4/PLXNA3/RAX/NKX2-1/SIX3/SLC6A3/DRD2/POU4F1/INHBB/SHH/GBX2/GSX1/OTP/FOXB1/PCSK1/NHLH2/SOX2/POU3F2/SRD5A2",28
"GO:0006334","nucleosome assembly","34/2712","103/16800",0.330097087378641,2.04484921384999,4.66675385845193,1.821777247243e-05,0.00133422411144959,0.00121963192552268,"MCM2/ASF1B/H1-3/SOX9/ATAD2/CHAF1B/H1-4/TSPYL6/NPM1/H3C13/H1-5/H2BC13/SMYD3/NAP1L1/H2AX/H4C3/H3C12/SETSIP/H2BC15/H2BC14/H2BC17/H4C13/H3C11/H3C1/H2BC3/H4C5/H4C4/H2BC7/H3C7/H2BC10/H4C1/H4C2/H3C2/H3C3",34
"GO:0042471","ear morphogenesis","39/2712","125/16800",0.312,1.93274336283186,4.59246799908582,2.03194237929993e-05,0.00146977165436029,0.00134353772915894,"DLX6/COL11A1/MYO3B/PAX2/SIX4/FZD3/EYA1/HPN/DLX5/FGF8/PTK7/TBX18/SPARC/WNT5A/OTX1/ATP6V1B1/PRRX1/PROX1/GJB6/TWIST1/SOX9/SIX1/EPHB2/GSC/TFAP2A/MYO7A/EDNRA/WNT3A/GRHL3/MSX1/OTOP1/CTHRC1/STOX1/GBX2/SIX2/CHD7/FOXG1/PDZD7/LHFPL5",39
"GO:0007548","sex differentiation","71/2712","274/16800",0.259124087591241,1.60519346295459,4.43146702145412,2.12428981971684e-05,0.0015178309821611,0.00138746939701146,"FOXC1/MSH4/DMRT3/ASPM/HOXA9/AFP/LRP2/TYRO3/SIX4/CENPI/ADAM2/LHB/AMH/RETN/NUDT1/FGF8/VEGFA/WNT5A/IL1A/KIF18A/INHBA/PRDX4/TNFAIP6/INHA/EREG/SOX9/EIF2S2/VGF/DNAAF11/MAS1/ADAM20/CGA/NKX2-1/BRIP1/GATA4/NR5A1/DMRT1/STRA6/CYP19A1/RBP4/BRCA2/GREB1L/DMRTA2/REN/CYP17A1/GAS2/WNT7A/MMP14/INHBB/SHH/CHD7/CEBPB/CBX2/IRX5/UMODL1/NHLH2/ZFP42/TEX19/FOXL2/WT1/ROBO2/HYAL3/FANCA/ZP3/SYCP2/ADGRG1/FANCG/SCX/LHX1/DACH1/SRD5A2",71
"GO:0051304","chromosome separation","29/2712","83/16800",0.349397590361446,2.16440985179657,4.665816261128,2.21439428731162e-05,0.00156178020026898,0.00142764395917546,"SPDL1/TRIP13/BIRC5/NCAPG/TTK/MAD2L2/CDC20/CENPF/NCAPH/PCID2/DLGAP5/CCNB1/CDCA8/NUF2/NCAPG2/NCAPD3/SPC25/SKA1/BUB1B/SPC24/MAD2L1/SKA3/PLK1/BUB1/UBE2C/HASPIN/AURKB/MAPK15/KNTC1",29
"GO:0035825","homologous recombination","25/2712","67/16800",0.373134328358209,2.31145159159952,4.71915939626747,2.2391113982351e-05,0.00156178020026898,0.00142764395917546,"BRCA1/MSH4/TRIP13/RAD54L/HDAC10/CCNB1IP1/RAD51AP1/MND1/PRDM7/TOP2A/BRIP1/FANCD2/ANKRD31/EME1/ANKLE1/HSF2BP/SHOC1/CNTD1/TEX19/RAD54B/EME2/MSH5/SYCE3/TERB1/UHRF1",25
"GO:0006275","regulation of DNA replication","39/2712","126/16800",0.30952380952381,1.91740412979351,4.53511131098814,2.49003237142699e-05,0.00171636466637538,0.00156895166635548,"DBF4/MCM2/CDC6/CDC7/JADE3/MCM4/GTPBP4/TIMELESS/MCM3/INO80B/CDK2/EREG/CHTF18/MAS1/PCNA/RFC3/DSCC1/DNA2/TICRR/CCNA2/OBI1/NPM2/HCRT/DBF4B/S100A11/UCN/RFC4/CDC25A/E2F7/MCM7/CDT1/CDK1/ATR/RUVBL1/ATAD5/RUVBL2/BLM/MCIDAS/DACH1",39
"GO:0010948","negative regulation of cell cycle process","76/2712","300/16800",0.253333333333333,1.5693215339233,4.3655418129012,2.58750642112972e-05,0.00176281396760454,0.00161141158760196,"BRCA1/SPDL1/TRIP13/GTSE1/RBL1/BIRC5/CLSPN/CDC45/CDC6/BMP7/TTI1/E2F1/NAA10/EZH2/CDK5RAP3/KAT2A/CCND1/TIMELESS/TTK/MAD2L2/CDC20/NEK2/PROX1/CENPF/INHBA/CDK2/KIF25/BMP4/PCID2/PKMYT1/LIF/CCNB1/CDCA8/BRIP1/DMRT1/IER3/DNA2/BRCA2/TICRR/NUF2/HORMAD1/DTL/FANCD2/CHEK1/SPC25/SKA1/EME1/FBXO43/BUB1B/DONSON/SPC24/RPL26/CCNF/MAD2L1/TMEM67/SKA3/E2F7/PLK1/CDT1/BUB1/CDK1/MTBP/BRSK2/ATR/HASPIN/AURKB/NPM1/SOX2/KNTC1/GNB1L/H2AX/SYCP2/BLM/EME2/RPA4/PRKDC",76
"GO:0003002","regionalization","99/2712","416/16800",0.237980769230769,1.47421715452689,4.29710377587087,2.81090838782451e-05,0.00189300140738665,0.00173041765000014,"SEMA3F/PAX6/HOXC8/DNAH5/FOXC1/DMRT3/NLE1/WNT8B/PAX2/HOXA9/LRP2/WNT11/AURKA/DLL3/RPGRIP1L/WNT2/LHX3/FGF8/DKK1/WNT3/HOXB6/KAT2A/DBX1/FOLR1/MDFI/TBX18/WNT5A/OTX1/HOXB8/MSX2/HOXC13/HOXC11/STIL/DAW1/SNAI1/BMP4/FOXA2/SIX1/FEZF1/DNAAF11/FOXJ1/GSC/BHLHE40/EMX1/NKX2-1/TBR1/GATA4/SIX3/LEF1/NKD1/DMRTA2/HES6/RIPPLY1/CER1/FEZF2/WNT3A/WNT7A/WIF1/NODAL/DRC1/PIERCE1/TDRD5/EN1/MSX1/TBXT/TBX20/SP8/SHH/ANKS6/OTX2/DPCD/DNAAF3/GBX2/AXIN2/IRX2/SIX2/FOXB1/FOXG1/FOXC2/IRX3/HES7/HOXC9/SOX1/NKX2-5/WT1/ROBO2/WNT7B/HES4/XRCC2/HOXC6/ADGRG1/CFAP45/CRIPTO3/NTF4/CRIPTO/FOXD1/PRKDC/DNAAF4/LHX1",99
"GO:0007093","mitotic cell cycle checkpoint signaling","44/2712","150/16800",0.293333333333333,1.81710914454277,4.41042526815641,3.43531923059594e-05,0.00228721992864336,0.0020907780197694,"BRCA1/SPDL1/TRIP13/GTSE1/BIRC5/CLSPN/CDC6/CDK5RAP3/CCND1/TTK/MAD2L2/CDC20/CENPF/CDK2/PCID2/CCNB1/CDCA8/IER3/TICRR/NUF2/DTL/FANCD2/CHEK1/SPC25/SKA1/EME1/BUB1B/DONSON/SPC24/RPL26/MAD2L1/SKA3/E2F7/PLK1/BUB1/CDK1/BRSK2/ATR/HASPIN/AURKB/KNTC1/BLM/EME2/PRKDC",44
"GO:0030856","regulation of epithelial cell differentiation","45/2712","155/16800",0.290322580645161,1.79845846417357,4.38165485061155,3.72488892929696e-05,0.00245214879064617,0.00224154167619905,"PAX6/FOXC1/PAX2/TP73/PKP1/SULT2B1/MMP9/BMP7/SERPINE1/EZH2/SFRP4/CCND1/CYP27B1/VEGFA/IL1A/MSX2/BMP4/SOX9/IL1B/KRT36/LIF/FOXJ1/GRHL1/LEF1/REG3G/ABCA12/DSPP/NODAL/KRT84/IL20/MSX1/NKX6-1/NKX6-3/AQP3/IL13/SIX2/REG3A/CEBPB/ETV4/ZBED2/APOLD1/SPRED3/MIR181A2/NME2/LHX1",45
"GO:2000027","regulation of animal organ morphogenesis","28/2712","81/16800",0.345679012345679,2.14137441276084,4.51780393196194,3.808386443414e-05,0.00247925957466251,0.00226632400281759,"DMRT3/SIX4/BMP7/WNT2/FGF8/DKK1/VEGFA/WNT5A/HOXC11/BMP4/SOX9/SIX1/AGT/SULF1/WNT3A/APCDD1/MSX1/SHH/TNFRSF11B/STOX1/SIX2/TACSTD2/WT1/ROBO2/SAPCD2/SP6/PAX9/LHX1",28
"GO:0051306","mitotic sister chromatid separation","24/2712","65/16800",0.369230769230769,2.28727025187202,4.56221175513849,3.96770562882287e-05,0.00255459200871134,0.00233518637818979,"SPDL1/TRIP13/BIRC5/TTK/MAD2L2/CDC20/CENPF/PCID2/DLGAP5/CCNB1/CDCA8/NUF2/SPC25/SKA1/BUB1B/SPC24/MAD2L1/SKA3/PLK1/BUB1/UBE2C/HASPIN/AURKB/KNTC1",24
"GO:0007051","spindle organization","55/2712","202/16800",0.272277227722772,1.68667309208797,4.30784154465274,4.08337770433677e-05,0.00260049021409882,0.00237714253543084,"TACC3/INTS13/ASPM/WDR62/SPAG5/AURKA/TPX2/BIRC5/KIF4A/MYBL2/RAE1/ARHGEF10/TTK/CEP72/CDC20/NEK2/GPSM2/STIL/DLGAP5/AUNIP/KNSTRN/RAN/CCNB1/PSRC1/CDCA8/KIF23/CENPE/NUF2/HAUS6/NTMT1/CENPJ/SPC25/CENPH/CCSAP/SKA1/CCNB2/KASH5/RACGAP1/SPATA17/SPICE1/DCAF13/SKA3/PLK1/KIFC2/AURKB/RCC1/MAPK15/PRC1/MZT1/HAUS7/KIF4B/KIFC1/HAUS5/UHRF1/TBCE",55
"GO:0046660","female sex differentiation","37/2712","120/16800",0.308333333333333,1.91002949852507,4.38944848233311,4.35912440627126e-05,0.00274624837595089,0.00251038200103092,"FOXC1/MSH4/AFP/LRP2/TYRO3/AMH/RETN/VEGFA/WNT5A/INHBA/TNFAIP6/INHA/EREG/VGF/CGA/NR5A1/STRA6/CYP19A1/RBP4/BRCA2/GAS2/MMP14/INHBB/CHD7/CEBPB/UMODL1/ZFP42/FOXL2/WT1/ROBO2/HYAL3/FANCA/ZP3/FANCG/LHX1/DACH1/SRD5A2",37
"GO:0090329","regulation of DNA-templated DNA replication","20/2712","50/16800",0.4,2.47787610619469,4.59174234148443,4.58512489781805e-05,0.0028578985932251,0.00261244294290014,"DBF4/MCM2/CDC7/MCM4/TIMELESS/MCM3/CDK2/CHTF18/PCNA/RFC3/DSCC1/TICRR/DBF4B/RFC4/E2F7/MCM7/CDT1/BLM/MCIDAS/DACH1",20
"GO:0051256","mitotic spindle midzone assembly","8/2712","11/16800",0.727272727272727,4.50522928399035,5.10225600496301,4.75055370229731e-05,0.00292984148860631,0.00267820689609847,"BIRC5/KIF4A/CDCA8/KIF23/RACGAP1/AURKB/PRC1/KIF4B",8
"GO:0008608","attachment of spindle microtubules to kinetochore","21/2712","54/16800",0.388888888888889,2.40904621435595,4.55017877330287,4.89911778368625e-05,0.00298999282235601,0.00273319202668812,"SPAG5/BIRC5/ECT2/NEK2/KNSTRN/SGO1/CCNB1/CDCA8/CENPE/KIF2C/NUF2/DSN1/SPC25/SKA1/RACGAP1/SPC24/SKA3/CDT1/CDK1/AURKB/KNTC1",21
"GO:0042472","inner ear morphogenesis","33/2712","104/16800",0.317307692307692,1.96562287270252,4.33390993824989,5.8910742241045e-05,0.00355833029680704,0.00325271683692281,"DLX6/COL11A1/MYO3B/PAX2/SIX4/FZD3/EYA1/HPN/DLX5/FGF8/PTK7/TBX18/SPARC/WNT5A/OTX1/ATP6V1B1/PRRX1/PROX1/SOX9/SIX1/EPHB2/TFAP2A/MYO7A/WNT3A/GRHL3/OTOP1/CTHRC1/STOX1/GBX2/CHD7/FOXG1/PDZD7/LHFPL5",33
"GO:0034728","nucleosome organization","37/2712","122/16800",0.30327868852459,1.87871753953286,4.27384838932933,6.45763105939403e-05,0.00386074085479486,0.00352915433192232,"MCM2/ASF1B/NFE2/H1-3/SOX9/HMGA1/ATAD2/CHAF1B/H1-4/TSPYL6/NPM1/H2AC25/H3C13/H1-5/H2BC13/SMYD3/NAP1L1/H2AX/H4C3/H3C12/SETSIP/H2BC15/H2BC14/H2BC17/H4C13/H3C11/H3C1/H2BC3/H4C5/H4C4/H2BC7/H3C7/H2BC10/H4C1/H4C2/H3C2/H3C3",37
"GO:0006310","DNA recombination","82/2712","338/16800",0.242603550295858,1.50285385139027,4.09751656904981,6.60590686846012e-05,0.00390949579215231,0.0035737218656805,"BRCA1/FOXP3/POLQ/MSH4/POLB/TRIP13/MCM2/RAD54L/CDC45/CDC7/HDAC10/CCNB1IP1/MRGBP/MCM4/EXOSC3/RAD51AP1/TIMELESS/MCM3/INO80B/MAD2L2/TNFSF4/MND1/H1-3/HROB/MCM8/PRMT1/PRDM7/AUNIP/GINS2/TOP2A/FIGNL1/BRIP1/ZNF365/ZGRF1/LEF1/BRCA2/PIF1/HSPD1/FANCD2/SKP2/ANKRD31/MMS22L/GINS4/CHEK1/EME1/BATF/ANKLE1/HSF2BP/TONSL/RECQL4/KASH5/CGAS/SHOC1/MCM7/PLK1/H1-4/SHLD1/EXO1/RUVBL1/ATAD5/CNTD1/MCMDC2/FANCB/TEX19/KPNA2/RUVBL2/REC114/H1-5/PARPBP/H2AX/XRCC2/RAD54B/BLM/EME2/RPA4/MSH5/SYCE3/RAD21L1/TERB1/PRKDC/RTEL1/UHRF1",82
"GO:0021983","pituitary gland development","17/2712","40/16800",0.425,2.63274336283186,4.53599744953924,6.82004149699518e-05,0.00393853569101786,0.00360026762172436,"PAX6/PITX1/GHRHR/LHX3/FGF8/WNT5A/BMP4/NKX2-1/SIX3/SLC6A3/DRD2/INHBB/GSX1/OTP/PCSK1/SOX2/POU3F2",17
"GO:0030199","collagen fibril organization","25/2712","71/16800",0.352112676056338,2.18122896672068,4.37612942998694,6.89554993197027e-05,0.00393853569101786,0.00360026762172436,"FOXC1/COL11A1/COL5A3/ADAMTS2/MMP11/COMP/PLOD3/COL1A1/COL12A1/LOX/COL5A1/LOXL2/ADAMTS14/FKBP10/SERPINH1/P4HA3/ADAMTS12/COL1A2/SERPINF2/COL3A1/FOXC2/COL27A1/ERO1A/COL5A2/SCX",25
"GO:0007131","reciprocal meiotic recombination","22/2712","59/16800",0.372881355932203,2.30988450577471,4.42211669348817,6.92386373399625e-05,0.00393853569101786,0.00360026762172436,"MSH4/TRIP13/RAD54L/CCNB1IP1/RAD51AP1/MND1/PRDM7/TOP2A/BRIP1/FANCD2/ANKRD31/EME1/ANKLE1/HSF2BP/SHOC1/CNTD1/TEX19/RAD54B/EME2/MSH5/SYCE3/TERB1",22
"GO:0140527","reciprocal homologous recombination","22/2712","59/16800",0.372881355932203,2.30988450577471,4.42211669348817,6.92386373399625e-05,0.00393853569101786,0.00360026762172436,"MSH4/TRIP13/RAD54L/CCNB1IP1/RAD51AP1/MND1/PRDM7/TOP2A/BRIP1/FANCD2/ANKRD31/EME1/ANKLE1/HSF2BP/SHOC1/CNTD1/TEX19/RAD54B/EME2/MSH5/SYCE3/TERB1",22
"GO:0061351","neural precursor cell proliferation","47/2712","168/16800",0.279761904761905,1.7330383480826,4.18958478529843,7.00859921319135e-05,0.00394840219135463,0.00360928672031554,"PAX6/VCAN/ASPM/WDR62/DCT/LRP2/LHX5/FZD3/WNT2/FGF8/NR2E1/VEGFA/WNT5A/PROX1/KIF14/HEATR1/EMX1/SIX3/LEF1/HAPLN3/DMRTA2/VAX1/DRD2/WNT3A/WNT7A/EPHB1/ACAN/IGF2BP1/RACGAP1/ACSL6/SHH/MELK/GBX2/SHCBP1/OTP/BBS1/FOXG1/PSMG1/POU3F2/NAP1L1/FZD9/RASSF10/ADGRG1/TRIM71/SKOR2/TRNP1/LHX1",47
"GO:0032963","collagen metabolic process","33/2712","105/16800",0.314285714285714,1.94690265486726,4.27040100063408,7.27618436474479e-05,0.00406011087552759,0.00371140110755103,"FAP/ADAMTS2/MMP11/MMP9/PLOD3/COL1A1/P3H1/MMP8/INHBA/AMELX/BMP4/COL5A1/MMP7/MMP20/MMP13/ADAMTS14/CBX8/SERPINH1/MMP3/MMP14/RUNX1/UCN/ITGA2/COL1A2/SERPINB7/MMP10/SERPINF2/KLK6/F2/MMP1/SCX/MMP12/PRSS2",33
"GO:0007631","feeding behavior","32/2712","101/16800",0.316831683168317,1.96267414352055,4.25751952142399,7.82104576698589e-05,0.0043229723725255,0.00395168628226656,"GAL/OXT/ASIP/RETN/NMU/CALCA/OPRD1/SGIP1/PRLHR/IAPP/MC3R/GDF15/NMUR2/TBR1/STRA6/REN/HTR2C/DRD2/POU4F1/AGRP/HCRT/EN1/UCN/TRH/APLN/TH/OXTR/NPW/NPSR1/DMBX1/MC1R/DACH1",32
"GO:1902692","regulation of neuroblast proliferation","20/2712","52/16800",0.384615384615385,2.38257317903336,4.38096929649633,8.84332239372959e-05,0.00484233886961324,0.00442644607371335,"PAX6/VCAN/ASPM/WDR62/DCT/LHX5/FZD3/NR2E1/VEGFA/PROX1/SIX3/HAPLN3/DMRTA2/VAX1/DRD2/ACAN/SHH/OTP/FOXG1/SKOR2",20
"GO:0045132","meiotic chromosome segregation","30/2712","93/16800",0.32258064516129,1.99828718241507,4.23554811034945,8.94850503153539e-05,0.00485456397960795,0.00443762120862106,"MSH4/ASPM/TRIP13/AURKA/CCNB1IP1/CCNE1/TTK/NCAPH/MND1/SGO1/BRIP1/NUF2/HORMAD1/FANCD2/ANKRD31/SKA1/CCNB2/KASH5/SPDYA/PTTG1/DCAF13/SHOC1/SKA3/PLK1/MAPK15/SYCP2/MSH5/PTTG3P/SYCE3/TERB1",30
"GO:0007052","mitotic spindle organization","39/2712","133/16800",0.293233082706767,1.81648812296227,4.14771455426033,9.40801066028693e-05,0.00504728205084808,0.00461378734914617,"TACC3/INTS13/WDR62/AURKA/TPX2/BIRC5/KIF4A/MYBL2/RAE1/ARHGEF10/TTK/CDC20/NEK2/GPSM2/STIL/DLGAP5/RAN/CCNB1/PSRC1/CDCA8/KIF23/CENPE/NUF2/CENPJ/SPC25/CENPH/CCSAP/RACGAP1/SPICE1/PLK1/KIFC2/AURKB/RCC1/PRC1/MZT1/KIF4B/KIFC1/UHRF1/TBCE",39
"GO:0051606","detection of stimulus","89/2712","377/16800",0.236074270557029,1.46240698575151,3.98410431856558,9.47603730317954e-05,0.00504728205084808,0.00461378734914617,"PLEKHB1/COL11A1/FAP/PKD2L2/PPEF1/COMT/TREM2/CST4/RP1/HPN/CALCA/SLC11A2/TIMELESS/REEP6/PDC/RPE65/OR2B6/OPN5/TAS2R3/GNGT1/OPN1SW/CSRP3/LBP/PRDM12/ANO1/CA6/GUCY2D/GNAT2/SERPINE2/OR1J1/RGR/EPHB1/PGLYRP3/AZGP1/PGLYRP4/RTP3/OTOP1/ITGA2/OR1Q1/OR2D2/NOD2/OR51B5/LPO/OR1F1/CST2/CST1/OR10A2/OR2AT4/REG3A/OR10H5/RRH/OR10Q1/OR51E1/OR4C6/OR52A1/OR2T10/OR6A2/GRK1/OR10H1/PDZD7/OR2AG2/OR52K1/LHFPL5/GPR52/OR2H2/CLEC6A/TAS2R50/TAS2R13/ASIC3/OR2F1/OR2A5/OR2A14/OR52I2/TAS2R46/OR2M3/OR52I1/OR2I1P/OR1J4/OR5G3/OR5M11/TAS2R43/TAS2R30/TAS2R31/TAS2R38/OR9A4/DACH1/PKD1L3/OR2T11/OR2AG1",89
"GO:0048608","reproductive structure development","72/2712","292/16800",0.246575342465753,1.52745787368166,3.98927395390923,0.000104793279644631,0.00548283059720439,0.0050119280420722,"FOXC1/MSH4/ASPM/HOXA9/AFP/LRP2/TYRO3/SIX4/BMP7/ADAM2/LHB/AMH/RETN/NUDT1/FGF8/VEGFA/WNT5A/IL1A/WDR77/KIF18A/INHBA/PRDX4/TNFAIP6/INHA/EREG/BMP4/SOX9/EIF2S2/VGF/DNAAF11/MAS1/ADAM20/CGA/SERPINE2/NKX2-1/BRIP1/GATA4/NR5A1/DMRT1/SULF1/STRA6/CYP19A1/RBP4/BRCA2/GREB1L/REN/GAS2/WNT7A/MMP14/INHBB/SHH/CHD7/CEBPB/IRX5/UMODL1/NHLH2/PSAPL1/ZFP42/TEX19/FOXL2/WT1/ROBO2/HYAL3/FANCA/ZP3/SYCP2/ADGRG1/SERPINB5/FANCG/SCX/LHX1/SRD5A2",72
"GO:0007601","visual perception","53/2712","199/16800",0.266331658291457,1.64984213100903,4.04603060913631,0.000104809187043334,0.00548283059720439,0.0050119280420722,"PAX6/USH2A/ZIC2/COL11A1/CDH3/MYO3B/PAX2/TYR/RDH8/GPR143/RS1/RP1/POU6F2/CRYBA1/COL1A1/PRR4/NR2E1/REEP6/PDC/RPE65/TGFBI/GJA3/NDP/OPN5/OPN1SW/AOC2/GUCY2D/TRPM1/GNAT2/RAX/MIP/MYO7A/SIX3/RBP4/RDH12/KIFC3/NOB1/RGS16/GLRA1/RGR/SLC38A8/SOX14/CNGB3/BBS1/IRX5/GRM8/TH/RRH/RP1L1/TACSTD2/GRK1/ELFN1/RBP3",53
"GO:1902850","microtubule cytoskeleton organization involved in mitosis","46/2712","166/16800",0.27710843373494,1.7166009169421,4.070942246156,0.000106704688389782,0.00553259087854633,0.00505741457407744,"PAX6/TACC3/SPDL1/INTS13/WDR62/AURKA/TPX2/BIRC5/KIF4A/MYBL2/RAE1/ARHGEF10/TTK/CENPA/CDC20/NEK2/GPSM2/STIL/DLGAP5/RAN/CCNB1/PSRC1/CDCA8/KIF23/CENPE/NUF2/CENPJ/SPC25/CENPH/ANKFN1/CCSAP/RACGAP1/SPICE1/MAD2L1/PLK1/KIFC2/CDK1/AURKB/RCC1/SAPCD2/PRC1/MZT1/KIF4B/KIFC1/UHRF1/TBCE",46
"GO:0040020","regulation of meiotic nuclear division","15/2712","34/16800",0.441176470588235,2.73295158771473,4.43785434435655,0.00010874337057412,0.00558883691398045,0.00510882981977031,"TRIP13/RAD51AP1/WNT5A/CDC20/MSX2/PRDM7/LIF/DMRT1/HORMAD1/FBXO43/NPM2/MSX1/GPR3/SYCP2/MEIOSIN",15
"GO:0048562","embryonic organ morphogenesis","72/2712","293/16800",0.245733788395904,1.52224470687728,3.95672318371677,0.000117380777504964,0.00598029543827463,0.0054666672397735,"DLX6/PAX6/COL11A1/MYO3B/PAX2/HOXA9/WNT11/TBX15/SIX4/BMP7/FZD3/EYA1/HPN/DLX5/FGF8/HOXB6/FOLR1/MDFI/PTK7/TBX18/SPARC/WNT5A/OTX1/ATP6V1B1/PRRX1/MFAP2/PROX1/HOXB8/MTHFD1L/GJB6/TWIST1/HOXC11/STIL/BMP4/SOX9/SIX1/EPHB2/GSC/GATA4/TFAP2A/MYO7A/STRA6/SIX3/RBP4/SLC39A1/EDNRA/WNT3A/NODAL/MMP14/GRHL3/PPP1R35/MSX1/OTOP1/TBX20/SHH/CTHRC1/STOX1/GBX2/SHOX2/SIX2/CHD7/FOXG1/FOXC2/IRX5/TH/ALX1/HOXC9/NKX2-5/FOXL2/PDZD7/LHFPL5/LHX1",72
"GO:0030858","positive regulation of epithelial cell differentiation","23/2712","65/16800",0.353846153846154,2.19196732471069,4.22444885417636,0.000121907451943469,0.00599797275436832,0.00548282630846399,"PAX6/FOXC1/PAX2/TP73/PKP1/SULT2B1/BMP7/SERPINE1/SFRP4/CYP27B1/BMP4/SOX9/LIF/FOXJ1/LEF1/IL20/NKX6-1/IL13/ETV4/ZBED2/MIR181A2/NME2/LHX1",23
"GO:0000022","mitotic spindle elongation","8/2712","12/16800",0.666666666666667,4.12979351032448,4.75848510933376,0.000122245172369956,0.00599797275436832,0.00548282630846399,"BIRC5/KIF4A/CDCA8/KIF23/RACGAP1/AURKB/PRC1/KIF4B",8
"GO:0002759","regulation of antimicrobial humoral response","8/2712","12/16800",0.666666666666667,4.12979351032448,4.75848510933376,0.000122245172369956,0.00599797275436832,0.00548282630846399,"PGC/ACOD1/IL17A/IL17F/NOD2/KLK5/EVPL/KLK7",8
"GO:0002775","antimicrobial peptide production","8/2712","12/16800",0.666666666666667,4.12979351032448,4.75848510933376,0.000122245172369956,0.00599797275436832,0.00548282630846399,"PGC/IL17A/IL17F/MMP7/NOD2/KLK5/EVPL/KLK7",8
"GO:0051303","establishment of chromosome localization","34/2712","112/16800",0.303571428571429,1.88053097345133,4.10216749700769,0.00012284634417549,0.00599797275436832,0.00548282630846399,"SPDL1/SPAG5/BIRC5/TTK/ECT2/NEK2/CENPF/KIF14/KIF18A/KNSTRN/SGO1/CCNB1/PSRC1/CDCA8/CENPE/KIF2C/NUF2/CDCA5/DSN1/SPC25/SKA1/KASH5/RACGAP1/SPC24/SPICE1/SPDYA/SKA3/CDT1/CDK1/AURKB/RRS1/KNTC1/KIFC1/TERB1",34
"GO:0009952","anterior/posterior pattern specification","55/2712","210/16800",0.261904761904762,1.62241887905605,3.98227362682594,0.000126956521938971,0.0061474236532267,0.00561944135385371,"PAX6/HOXC8/FOXC1/NLE1/HOXA9/AURKA/DLL3/WNT2/FGF8/DKK1/WNT3/HOXB6/KAT2A/TBX18/WNT5A/OTX1/HOXB8/MSX2/HOXC13/HOXC11/BMP4/FOXA2/FEZF1/BHLHE40/GATA4/LEF1/NKD1/HES6/RIPPLY1/CER1/FEZF2/WNT3A/WIF1/NODAL/TDRD5/EN1/MSX1/TBXT/SHH/OTX2/GBX2/AXIN2/SIX2/FOXB1/FOXC2/HES7/HOXC9/WT1/HES4/XRCC2/HOXC6/CRIPTO3/CRIPTO/PRKDC/LHX1",55
"GO:0035082","axoneme assembly","31/2712","99/16800",0.313131313131313,1.93975149727362,4.1145398394727,0.000128121610969216,0.00615298785793963,0.00562452766705237,"ZMYND10/DNAH5/PLA2G3/SPEF1/RP1/RSPH6A/ODAD1/IFT56/ARMC2/DAW1/LRRC61/DNAAF11/FOXJ1/TPGS1/CFAP74/SPAG17/HYDIN/DRC1/LRRC43/DRC7/PIERCE1/CFAP157/CFAP47/DNAAF3/CFAP46/RP1L1/DNAH2/CFAP73/CFAP43/MEIG1/DNAAF4",31
"GO:0048705","skeletal system morphogenesis","58/2712","225/16800",0.257777777777778,1.5968534906588,3.95452308230991,0.000134780748449568,0.00642016589565871,0.0058687586487925,"HOXC8/FOXC1/COL11A1/NLE1/FGF4/HOXA9/TBX15/SIX4/BMP7/EYA1/COMP/DLX5/SFRP4/FGF8/HOXB6/COL1A1/TRPV4/MDFI/VEGFA/PRRX1/HOXB8/MSX2/MTHFD1L/TBX4/TWIST1/HOXC11/BMP4/SOX9/SIX1/GSC/TFAP2A/MMP13/SLC39A1/CER1/SERPINH1/WNT7A/FGF18/NODAL/MMP14/STC1/CBS/LOC102724560/MSX1/FREM1/COL3A1/AXIN2/SHOX2/SIX2/FOXC2/IRX5/ALX1/HOXC9/ATG9B/COL27A1/SP5/IFITM5/SCX/LHX1",58
"GO:0048568","embryonic organ development","102/2712","448/16800",0.227678571428571,1.4103982300885,3.8629664213434,0.000136016634603907,0.00642678598503459,0.00587481016014157,"DLX6/PAX6/FOXC1/COL11A1/MYO3B/PAX2/HOXA9/WNT11/TBX15/SIX4/BMP7/FZD3/EYA1/PPP1R13L/HPN/PBX4/DLX5/WNT2/FGF8/HOXB6/FOLR1/MDFI/PTK7/VEGFA/TBX18/SPARC/WNT5A/OTX1/ATP6V1B1/PRRX1/MFAP2/PROX1/HOXB8/MTHFD1L/TBX4/GJB6/TWIST1/HOXC11/STIL/SNAI1/BMP4/SOX9/CITED1/SIX1/LIF/EPHB2/GSC/GATA4/PPIL1/TFAP2A/GCM1/MYO7A/STRA6/SIX3/RBP4/LEF1/PLK4/VASH2/SLC39A1/EDNRA/WNT3A/NODAL/MMP14/GRHL3/PPP1R35/EN1/MSX1/OTOP1/CSF2/TBX20/SHH/EN2/CTHRC1/STOX1/E2F7/IGF2/GBX2/SHOX2/CXCL8/SIX2/CHD7/CEBPB/FOXG1/FOXC2/IRX5/ZFPM1/TH/ALX1/HOXC9/PHLDA2/NKX2-5/ASCL2/FOXL2/PDZD7/WNT7B/GJB5/COL27A1/ADA/LHFPL5/TEAD4/APELA/LHX1",102
"GO:0045165","cell fate commitment","69/2712","280/16800",0.246428571428571,1.52654867256637,3.89829232255837,0.000147119256838886,0.00688541368845419,0.00629404781610926,"PAX6/FOXP3/DMRT3/PITX1/NOTCH3/WNT8B/PAX2/WNT11/TBX5/TBX15/EYA1/WNT2/LHX3/FGF8/DKK1/WNT3/DBX1/IL23A/NR2E1/TBX18/WNT5A/PRRX1/PROX1/ONECUT2/TBX4/BMP4/SOX9/FOXA2/SIX1/GSC/NKX2-1/TBR1/GATA4/GCM1/DMRTA2/PRDM14/NKX6-2/TENM4/EDNRA/POU4F1/FEZF2/WNT3A/WNT7A/BATF/NODAL/PDPN/TLX3/TBXT/TBX20/SHH/NKX6-3/PTF1A/GSX1/ONECUT1/SIX2/FOXG1/FOXC2/ZFPM1/SOX2/SOX1/NKX2-5/POU3F2/JAG2/WT1/WNT7B/TEAD4/FOXI3/PRKDC/EPOP",69
"GO:0033273","response to vitamin","29/2712","91/16800",0.318681318681319,1.97413206262764,4.08813464209054,0.000148073412654929,0.00688541368845419,0.00629404781610926,"CYP24A1/F7/PTGS2/TYR/CYP26A1/BMP7/COL1A1/FOLR1/CYP27B1/STC2/IL1A/KYNU/SPP1/FGF23/EPO/SLC34A1/POSTN/BRIP1/GATA4/PDX1/CYP1A1/STC1/CBS/LOC102724560/ITGA2/AQP3/CXCL10/F5/BGLAP",29
"GO:2000177","regulation of neural precursor cell proliferation","31/2712","100/16800",0.31,1.92035398230089,4.05003285555348,0.000157344642029019,0.00725891541455135,0.00663547068913094,"PAX6/VCAN/ASPM/WDR62/DCT/LRP2/LHX5/FZD3/NR2E1/VEGFA/WNT5A/PROX1/EMX1/SIX3/HAPLN3/DMRTA2/VAX1/DRD2/WNT3A/ACAN/SHH/SHCBP1/OTP/FOXG1/NAP1L1/FZD9/RASSF10/ADGRG1/TRIM71/SKOR2/LHX1",31
"GO:0051445","regulation of meiotic cell cycle","23/2712","66/16800",0.348484848484849,2.15875569857871,4.13833700566615,0.000158823797938273,0.00726991118844015,0.00664552207162772,"ASPM/TRIP13/CDC25B/RAD51AP1/TTK/WNT5A/CDC20/MSX2/PRDM7/PKMYT1/LIF/DMRT1/HORMAD1/FBXO43/CDC25C/NPM2/MSX1/CDC25A/CNTD1/MAPK15/GPR3/SYCP2/MEIOSIN",23
"GO:0061458","reproductive system development","72/2712","296/16800",0.243243243243243,1.50681655106434,3.85979219310917,0.000163893937958275,0.00744383397284908,0.00680450719160915,"FOXC1/MSH4/ASPM/HOXA9/AFP/LRP2/TYRO3/SIX4/BMP7/ADAM2/LHB/AMH/RETN/NUDT1/FGF8/VEGFA/WNT5A/IL1A/WDR77/KIF18A/INHBA/PRDX4/TNFAIP6/INHA/EREG/BMP4/SOX9/EIF2S2/VGF/DNAAF11/MAS1/ADAM20/CGA/SERPINE2/NKX2-1/BRIP1/GATA4/NR5A1/DMRT1/SULF1/STRA6/CYP19A1/RBP4/BRCA2/GREB1L/REN/GAS2/WNT7A/MMP14/INHBB/SHH/CHD7/CEBPB/IRX5/UMODL1/NHLH2/PSAPL1/ZFP42/TEX19/FOXL2/WT1/ROBO2/HYAL3/FANCA/ZP3/SYCP2/ADGRG1/SERPINB5/FANCG/SCX/LHX1/SRD5A2",72
"GO:0035116","embryonic hindlimb morphogenesis","13/2712","28/16800",0.464285714285714,2.87610619469027,4.35919094142801,0.000166241096433061,0.00749235833847157,0.00684886395669161,"PITX1/FGF4/RPGRIP1L/FGF8/WNT3/MSX2/TBX4/TWIST1/BMP4/WNT7A/MSX1/SHH/CHD7",13
"GO:0050907","detection of chemical stimulus involved in sensory perception","50/2712","188/16800",0.265957446808511,1.64752400677838,3.91729000078882,0.000168078705440042,0.00751735217689471,0.00687171115531486,"CST4/OR2B6/TAS2R3/CA6/GNAT2/OR1J1/AZGP1/RTP3/OR1Q1/OR2D2/OR51B5/LPO/OR1F1/CST2/CST1/OR10A2/OR2AT4/OR10H5/OR10Q1/OR51E1/OR4C6/OR52A1/OR2T10/OR6A2/OR10H1/OR2AG2/OR52K1/OR2H2/TAS2R50/TAS2R13/ASIC3/OR2F1/OR2A5/OR2A14/OR52I2/TAS2R46/OR2M3/OR52I1/OR2I1P/OR1J4/OR5G3/OR5M11/TAS2R43/TAS2R30/TAS2R31/TAS2R38/OR9A4/PKD1L3/OR2T11/OR2AG1",50
"GO:0045137","development of primary sexual characteristics","58/2712","227/16800",0.255506607929515,1.5827842969085,3.87866338848525,0.000174043713270107,0.00772516754582998,0.00706167793555267,"FOXC1/MSH4/ASPM/HOXA9/AFP/LRP2/SIX4/ADAM2/LHB/AMH/RETN/NUDT1/FGF8/VEGFA/WNT5A/IL1A/KIF18A/INHBA/PRDX4/TNFAIP6/INHA/EREG/SOX9/EIF2S2/VGF/DNAAF11/MAS1/ADAM20/CGA/NKX2-1/BRIP1/GATA4/NR5A1/DMRT1/CYP19A1/BRCA2/REN/GAS2/MMP14/INHBB/CEBPB/CBX2/IRX5/UMODL1/NHLH2/ZFP42/TEX19/FOXL2/WT1/ROBO2/HYAL3/FANCA/ZP3/ADGRG1/FANCG/SCX/DACH1/SRD5A2",58
"GO:0050953","sensory perception of light stimulus","53/2712","203/16800",0.261083743842365,1.61733292645713,3.88252758035294,0.000181644927795232,0.00800193708234784,0.00731467663333707,"PAX6/USH2A/ZIC2/COL11A1/CDH3/MYO3B/PAX2/TYR/RDH8/GPR143/RS1/RP1/POU6F2/CRYBA1/COL1A1/PRR4/NR2E1/REEP6/PDC/RPE65/TGFBI/GJA3/NDP/OPN5/OPN1SW/AOC2/GUCY2D/TRPM1/GNAT2/RAX/MIP/MYO7A/SIX3/RBP4/RDH12/KIFC3/NOB1/RGS16/GLRA1/RGR/SLC38A8/SOX14/CNGB3/BBS1/IRX5/GRM8/TH/RRH/RP1L1/TACSTD2/GRK1/ELFN1/RBP3",53
"GO:0007218","neuropeptide signaling pathway","31/2712","101/16800",0.306930693069307,1.90134057653553,3.98626588849445,0.000192389780816647,0.00834971648744246,0.00763258639216451,"GAL/TYRO3/GPR143/NMU/CALCA/KISS1R/OPRD1/PRLHR/GRPR/NMUR2/GRP/GPR84/GLRA1/NPFFR1/AGRP/HCRT/SSTR5/PROK2/UCN/NTSR2/ECEL1/GPR151/NXPH4/RXFP3/NPW/MC2R/NPSR1/NMB/LTB4R/LTB4R2/NPBWR1",31
"GO:0051310","metaphase chromosome alignment","31/2712","101/16800",0.306930693069307,1.90134057653553,3.98626588849445,0.000192389780816647,0.00834971648744246,0.00763258639216451,"SPDL1/SPAG5/BIRC5/TTK/ECT2/NEK2/CENPF/KIF14/KIF18A/KNSTRN/SGO1/CCNB1/PSRC1/CDCA8/CENPE/KIF2C/NUF2/CDCA5/DSN1/SPC25/SKA1/RACGAP1/SPC24/SPICE1/SKA3/CDT1/CDK1/AURKB/RRS1/KNTC1/KIFC1",31
"GO:0007292","female gamete generation","43/2712","156/16800",0.275641025641026,1.70751077830724,3.89518771771353,0.000200140571281069,0.00862223240541018,0.00788169680091393,"MSH4/ASPM/TRIP13/AFP/AURKA/CDC25B/AMH/SHB/TTK/WDR77/NCAPH/INHBA/TNFAIP6/EREG/HROB/MCM8/TOP2A/DMRT1/LGR5/BRCA2/HORMAD1/GAS2/EDNRA/SKA1/CCNB2/NPM2/HSF2BP/KASH5/TDRD5/INHBB/SPDYA/DCAF13/SKA3/SOHLH1/PLK1/FOSL1/ZAR1/REC114/FOXL2/NANOS3/ZP3/CGB7/MEIOSIN",43
"GO:0001708","cell fate specification","32/2712","106/16800",0.30188679245283,1.87009517448656,3.94276937258075,0.00021477898792661,0.00909809126114701,0.00831668568135679,"PAX6/DMRT3/PAX2/TBX5/TBX15/EYA1/LHX3/DKK1/DBX1/TBX18/TBX4/SOX9/FOXA2/SIX1/GSC/TBR1/DMRTA2/PRDM14/TENM4/POU4F1/WNT3A/NODAL/TLX3/TBXT/TBX20/SHH/SIX2/SOX2/SOX1/POU3F2/TEAD4/FOXI3",32
"GO:0031055","chromatin remodeling at centromere","7/2712","10/16800",0.7,4.33628318584071,4.63019673957476,0.000216190294252412,0.00909809126114701,0.00831668568135679,"CENPI/OIP5/CENPA/HJURP/CENPN/CENPP/CENPW",7
"GO:0034080","CENP-A containing chromatin assembly","7/2712","10/16800",0.7,4.33628318584071,4.63019673957476,0.000216190294252412,0.00909809126114701,0.00831668568135679,"CENPI/OIP5/CENPA/HJURP/CENPN/CENPP/CENPW",7
"GO:0021872","forebrain generation of neurons","20/2712","55/16800",0.363636363636364,2.25261464199517,4.08242428588191,0.000217397640648674,0.00909809126114701,0.00831668568135679,"PAX6/ASPM/DCT/LHX5/FGF8/NR2E1/PLXNA1/PROX1/INHBA/PLXNA3/NKX2-1/TBR1/LEF1/FEZF2/WNT3A/GBX2/OTP/FOXG1/NHLH2/SOX1",20
"GO:0042475","odontogenesis of dentin-containing tooth","29/2712","93/16800",0.311827956989247,1.9316776096679,3.95293599737217,0.000225816174107892,0.00931184039703734,0.00851207659653183,"FOXC1/RELT/DLX3/DMRT3/FGF4/BMP7/SERPINE1/FGF8/ODAM/PERP/MSX2/AMELX/BMP4/SLC34A1/EDAR/MMP20/LEF1/DSPP/DMP1/APCDD1/MSX1/SHH/TNFRSF11B/WDR72/KLK5/AMBN/JAG2/CCDC154/FOXI3",29
"GO:0051781","positive regulation of cell division","29/2712","93/16800",0.311827956989247,1.9316776096679,3.95293599737217,0.000225816174107892,0.00931184039703734,0.00851207659653183,"FGF4/BIRC5/CDC6/OSM/CDC25B/CSPP1/FGF8/VEGFA/ECT2/IL1A/KIF14/PGF/CIT/EREG/IL1B/CDCA8/KIF23/KIF20B/DRD2/RACGAP1/SSTR5/PPBP/SHH/IGF2/AURKB/RXFP3/MACC1/FGF3/TAS2R13",29
"GO:0048839","inner ear development","51/2712","195/16800",0.261538461538462,1.62014976174268,3.82169771847653,0.000227273114315812,0.00931184039703734,0.00851207659653183,"DLX6/USH2A/COL11A1/MYO3B/MCM2/PAX2/FGF20/CECR2/SIX4/RPGRIP1L/FZD3/EYA1/CALB1/HPN/DLX5/LHX3/FGF8/PTK7/TBX18/SPARC/WNT5A/OTX1/ATP6V1B1/PRRX1/PROX1/GJB6/BMP4/SOX9/SIX1/EPHB2/TFAP2A/MYO7A/LGR5/DIAPH3/CCNA2/SLC25A27/WNT3A/GRHL3/MSX1/OTOP1/SHH/CTHRC1/STOX1/GBX2/CHD7/FOXG1/SOX2/JAG2/PDZD7/LHFPL5/C1QTNF5",51
"GO:0050000","chromosome localization","35/2712","120/16800",0.291666666666667,1.80678466076696,3.89145594787068,0.000235193709186463,0.00949539946393728,0.00867987036992353,"SPDL1/SPAG5/BIRC5/TTK/ECT2/NEK2/CENPF/KIF14/KIF18A/DLGAP5/KNSTRN/SGO1/CCNB1/PSRC1/CDCA8/CENPE/KIF2C/NUF2/CDCA5/DSN1/SPC25/SKA1/KASH5/RACGAP1/SPC24/SPICE1/SPDYA/SKA3/CDT1/CDK1/AURKB/RRS1/KNTC1/KIFC1/TERB1",35
"GO:0090103","cochlea morphogenesis","11/2712","22/16800",0.5,3.09734513274336,4.31889886215699,0.000235374516907073,0.00949539946393728,0.00867987036992353,"MYO3B/PAX2/EYA1/HPN/PTK7/TBX18/WNT5A/SOX9/SIX1/GRHL3/CTHRC1",11
"GO:0002052","positive regulation of neuroblast proliferation","15/2712","36/16800",0.416666666666667,2.5811209439528,4.16667284210045,0.000236615176947405,0.00949539946393728,0.00867987036992353,"PAX6/VCAN/ASPM/WDR62/DCT/FZD3/NR2E1/VEGFA/HAPLN3/DMRTA2/DRD2/ACAN/SHH/OTP/FOXG1",15
"GO:0044772","mitotic cell cycle phase transition","98/2712","434/16800",0.225806451612903,1.39880102769055,3.69310577288584,0.000249287864602283,0.00993590203200527,0.0090825395996879,"DBF4/DPF1/ANLN/BRCA1/TACC3/BID/SPDL1/TRIP13/GTSE1/RBL1/AURKA/BIRC5/TFAP4/CLSPN/CDC6/CDC7/CDKN3/CDC25B/E2F1/CCNE1/CCNP/EZH2/UBE2S/CDK5RAP3/CCND1/FOXM1/TPD52L1/TTK/MAD2L2/CDC20/CENPF/KIF14/INHBA/CDK2/STIL/CKS2/PCID2/DLGAP5/PKMYT1/CCNB1/USP26/CDCA8/CDK4/MYC/IER3/HECW2/CENPE/CYP1A1/TICRR/NUF2/DTL/CCNA2/SKP2/CDCA5/CDKN2A/CHEK1/CENPJ/SPC25/CCNO/SKA1/BUB1B/CCNB2/CDC25C/NPM2/DONSON/DBF4B/SPC24/RPL26/CCNF/SPDYA/CDC25A/MAD2L1/TERT/MELK/SKA3/STOX1/E2F7/PLK1/BUB1/CDK1/RRM2/MTBP/BRSK2/ATR/UBE2C/ATAD5/HASPIN/AURKB/RCC1/IQGAP3/KNTC1/PLK5/EIF4EBP1/BLM/CCNI2/TRIM71/UBD/PRKDC",98
"GO:0060349","bone morphogenesis","30/2712","98/16800",0.306122448979592,1.89633375474083,3.90445512767372,0.000254951863830993,0.0100929930417959,0.0092261385716365,"FOXC1/FGF4/COMP/DLX5/SFRP4/COL1A1/TRPV4/MSX2/TWIST1/BMP4/SOX9/TFAP2A/MMP13/CER1/SERPINH1/FGF18/MMP14/STC1/CBS/LOC102724560/MSX1/FREM1/COL3A1/AXIN2/SHOX2/ATG9B/COL27A1/SP5/IFITM5/SCX",30
"GO:0050906","detection of stimulus involved in sensory perception","64/2712","260/16800",0.246153846153846,1.52484683458135,3.74208277434355,0.000259143607492775,0.0101648037612477,0.00929178170106776,"COL11A1/PPEF1/COMT/CST4/HPN/CALCA/REEP6/RPE65/OR2B6/TAS2R3/PRDM12/ANO1/CA6/GNAT2/SERPINE2/OR1J1/EPHB1/AZGP1/RTP3/ITGA2/OR1Q1/OR2D2/OR51B5/LPO/OR1F1/CST2/CST1/OR10A2/OR2AT4/OR10H5/OR10Q1/OR51E1/OR4C6/OR52A1/OR2T10/OR6A2/OR10H1/PDZD7/OR2AG2/OR52K1/LHFPL5/OR2H2/TAS2R50/TAS2R13/ASIC3/OR2F1/OR2A5/OR2A14/OR52I2/TAS2R46/OR2M3/OR52I1/OR2I1P/OR1J4/OR5G3/OR5M11/TAS2R43/TAS2R30/TAS2R31/TAS2R38/OR9A4/PKD1L3/OR2T11/OR2AG1",64
"GO:0045616","regulation of keratinocyte differentiation","16/2712","40/16800",0.4,2.47787610619469,4.10575378901384,0.000260235631368348,0.0101648037612477,0.00929178170106776,"FOXC1/PKP1/EZH2/CYP27B1/MSX2/KRT36/GRHL1/REG3G/ABCA12/KRT84/IL20/AQP3/REG3A/ETV4/ZBED2/NME2",16
"GO:0098773","skin epidermis development","37/2712","130/16800",0.284615384615385,1.76310415248468,3.83221246535223,0.000271978258242664,0.0105104213343547,0.0096077153006525,"CDH3/DLX3/GAL/FERMT1/FZD3/DKK4/MET/DKK1/WNT5A/MSX2/INHBA/HOXC13/SNAI1/SOX21/SOX9/TNFRSF19/KRT17/GRHL1/EDAR/LGR5/KRT71/ZNF750/FLG2/ABCA12/APCDD1/GRHL3/KRT84/CLDN1/FOXQ1/SHH/DNASE1L2/DSG4/ALOXE3/KRT16/CYSRT1/HRNR/FOXI3",37
"GO:0044771","meiotic cell cycle phase transition","8/2712","13/16800",0.615384615384615,3.81211708645337,4.45020908799076,0.000272728806998534,0.0105104213343547,0.0096077153006525,"CDC25B/TTK/CDC20/PKMYT1/CCNB2/CDC25C/CDC25A/MAPK15",8
"GO:0045786","negative regulation of cell cycle","88/2712","383/16800",0.22976501305483,1.42332308972019,3.67693820658328,0.000275843812115834,0.0105104213343547,0.0096077153006525,"BRCA1/SPDL1/FOXC1/IPO5/TRIP13/NLE1/PTGS2/GTSE1/RBL1/BIRC5/TFAP4/CLSPN/CDC45/CDC6/BMP7/CDK5RAP1/TTI1/E2F1/SUV39H1/NAA10/FZD3/EZH2/CDK5RAP3/KAT2A/CCND1/TIMELESS/TTK/MAD2L2/CDC20/NEK2/PROX1/CENPF/INHBA/CDK2/INHA/KIF25/BMP4/PCID2/PKMYT1/LIF/CCNB1/CDCA8/BRIP1/DMRT1/IER3/DNA2/BRCA2/TICRR/NUF2/HORMAD1/DTL/FANCD2/CDKN2A/CHEK1/SPC25/SKA1/EME1/FBXO43/BUB1B/DONSON/SPC24/RPL26/CCNF/MAD2L1/TMEM67/SKA3/E2F7/PLK1/CDT1/BUB1/CDK1/MTBP/BRSK2/ATR/HASPIN/AURKB/HOXC9/NPM1/SOX2/KNTC1/GNB1L/H2AX/SYCP2/BLM/EME2/RPA4/MCIDAS/PRKDC",88
"GO:0060563","neuroepithelial cell differentiation","17/2712","44/16800",0.386363636363636,2.39340305711987,4.0605027373636,0.000276259581070256,0.0105104213343547,0.0096077153006525,"DLX3/WNT11/SERPINE1/LHX3/FGF8/B9D1/SOX4/BMP4/EMX1/LEF1/VAX1/DSPP/NODAL/MSX1/OTP/CEBPB/POU3F2",17
"GO:0001656","metanephros development","28/2712","90/16800",0.311111111111111,1.92723697148476,3.86977447559096,0.000299915061802426,0.0113367893361317,0.0103631092322631,"PAX2/SIX4/BMP7/CTSH/EYA1/CALB1/FGF8/HOXC11/BMP4/SOX9/CITED1/SIX1/LIF/FOXJ1/MYC/GREB1L/KIF26B/SHH/AQP2/IRX2/SIX2/FOXC2/IRX3/WT1/ROBO2/WNT7B/FOXD1/LHX1",28
"GO:0044784","metaphase/anaphase transition of cell cycle","30/2712","99/16800",0.303030303030303,1.87717886832931,3.84057637636693,0.000310095452031764,0.0115629317224404,0.0105698289817334,"DPF1/TACC3/SPDL1/TRIP13/BIRC5/CDC6/TTK/MAD2L2/CDC20/CENPF/PCID2/DLGAP5/CCNB1/CDCA8/HECW2/CENPE/NUF2/SPC25/SKA1/BUB1B/SPC24/MAD2L1/SKA3/PLK1/BUB1/UBE2C/HASPIN/AURKB/MAPK15/KNTC1",30
"GO:0048732","gland development","99/2712","442/16800",0.223981900452489,1.38749849837825,3.6222460107124,0.000315293121965266,0.0115629317224404,0.0105698289817334,"PAX6/CPS1/TG/FOXC1/PITX1/POLB/TYR/HOXA9/CPB2/CAD/WNT11/AURKA/SIX4/BMP7/SLC7A5/RPGRIP1L/FGL1/HPN/MET/WNT2/GHRHR/EZH2/LHX3/FGF8/WNT3/CDK5RAP3/AREG/CCND1/PERP/VEGFA/SLC29A1/WNT5A/PLXNA1/WDR77/PROX1/ONECUT2/MSX2/TNFSF11/GCM2/BMP4/SOX9/SIX1/PCNA/CGA/SERPINE2/EDAR/NKX2-8/NKX2-1/BAAT/NR5A1/SULF1/STRA6/CYP19A1/PNPT1/SIX3/LEF1/PDX1/BRCA2/SERPINA10/CYP1A1/SLC6A3/DRD2/EDNRA/WNT3A/NODAL/CCNB2/AIRE/INHBB/MSX1/CLDN1/ITGA2/SHH/E2F7/IGF2/PTF1A/PCSK9/FASN/GSX1/ONECUT1/APLN/OTP/FOXB1/PRL/CEBPB/PCSK1/PSAPL1/OXTR/SOX2/EPHB3/NKX2-5/IQGAP3/POU3F2/WT1/WNT7B/ADA/SERPINB5/FOXI3/NME1/CRIPTO",99
"GO:0008406","gonad development","56/2712","222/16800",0.252252252252252,1.56262457147413,3.70246533374355,0.000316944763964782,0.0115629317224404,0.0105698289817334,"FOXC1/MSH4/ASPM/HOXA9/AFP/LRP2/SIX4/ADAM2/LHB/AMH/RETN/NUDT1/FGF8/VEGFA/WNT5A/IL1A/KIF18A/INHBA/PRDX4/TNFAIP6/INHA/EREG/SOX9/EIF2S2/VGF/DNAAF11/MAS1/ADAM20/CGA/NKX2-1/BRIP1/GATA4/NR5A1/DMRT1/CYP19A1/BRCA2/REN/GAS2/MMP14/INHBB/CEBPB/IRX5/UMODL1/NHLH2/ZFP42/TEX19/FOXL2/WT1/ROBO2/HYAL3/FANCA/ZP3/ADGRG1/FANCG/SCX/SRD5A2",56
"GO:0043583","ear development","56/2712","222/16800",0.252252252252252,1.56262457147413,3.70246533374355,0.000316944763964782,0.0115629317224404,0.0105698289817334,"DLX6/USH2A/COL11A1/MYO3B/MCM2/PAX2/FGF20/CECR2/SIX4/RPGRIP1L/FZD3/EYA1/CALB1/HPN/DLX5/LHX3/FGF8/PTK7/TBX18/SPARC/WNT5A/OTX1/ATP6V1B1/PRRX1/PROX1/GJB6/TWIST1/BMP4/SOX9/SIX1/EPHB2/GSC/TFAP2A/MYO7A/STRA6/LGR5/DIAPH3/CCNA2/EDNRA/SLC25A27/WNT3A/GRHL3/MSX1/OTOP1/SHH/CTHRC1/STOX1/GBX2/SIX2/CHD7/FOXG1/SOX2/JAG2/PDZD7/LHFPL5/C1QTNF5",56
"GO:0031639","plasminogen activation","12/2712","26/16800",0.461538461538462,2.85908781484003,4.16226900671992,0.000317738864535401,0.0115629317224404,0.0105698289817334,"CPB2/HPN/SERPINE1/PLAU/F12/SERPINE2/RUNX1/MELTF/SERPINF2/FGG/FGA/FGB",12
"GO:0051446","positive regulation of meiotic cell cycle","12/2712","26/16800",0.461538461538462,2.85908781484003,4.16226900671992,0.000317738864535401,0.0115629317224404,0.0105698289817334,"CDC25B/RAD51AP1/WNT5A/MSX2/PRDM7/DMRT1/CDC25C/NPM2/MSX1/CDC25A/MAPK15/MEIOSIN",12
"GO:1902099","regulation of metaphase/anaphase transition of cell cycle","29/2712","95/16800",0.305263157894737,1.89101071262226,3.82105575203992,0.000337911640829104,0.0122211376766526,0.0111715037591844,"DPF1/SPDL1/TRIP13/BIRC5/CDC6/TTK/MAD2L2/CDC20/CENPF/PCID2/DLGAP5/CCNB1/CDCA8/HECW2/CENPE/NUF2/SPC25/SKA1/BUB1B/SPC24/MAD2L1/SKA3/PLK1/BUB1/UBE2C/HASPIN/AURKB/MAPK15/KNTC1",29
"GO:0071459","protein localization to chromosome, centromeric region","16/2712","41/16800",0.390243902439024,2.41744010360458,3.98689208087433,0.000363368167251003,0.0130611907479977,0.0119394073940788,"SPDL1/TTK/CENPA/BUB1B/CDK1/MTBP/HASPIN/AURKB/KNTC1/H4C3/H4C13/H4C5/H4C4/H2AC4/H4C1/H4C2",16
"GO:0051988","regulation of attachment of spindle microtubules to kinetochore","11/2712","23/16800",0.478260869565217,2.96267795305887,4.13254599496029,0.000385557532931882,0.0136554782170343,0.0124826534379444,"SPAG5/BIRC5/ECT2/NEK2/KNSTRN/CCNB1/CDCA8/RACGAP1/CDK1/AURKB/KNTC1",11
"GO:0034508","centromere complex assembly","13/2712","30/16800",0.433333333333333,2.68436578171091,4.05128123352242,0.00038689356272874,0.0136554782170343,0.0124826534379444,"CENPI/OIP5/CENPA/CENPF/CENPK/HJURP/DLGAP5/CENPE/CENPH/CENPN/KNTC1/CENPP/CENPW",13
"GO:0051984","positive regulation of chromosome segregation","13/2712","30/16800",0.433333333333333,2.68436578171091,4.05128123352242,0.00038689356272874,0.0136554782170343,0.0124826534379444,"RAD18/BIRC5/CDC6/NCAPG/NCAPH/CCNB1/CDCA8/NCAPG2/NCAPD3/SKA1/SKA3/CDK1/AURKB",13
"GO:0002526","acute inflammatory response","31/2712","105/16800",0.295238095238095,1.82890855457227,3.73826380429339,0.000412489735865823,0.0144717207331608,0.0132287915290596,"PTGS2/GSTP1/OSM/TFR2/VNN1/IL1A/TNFSF4/TNFSF11/IL1B/LBP/EPO/F12/CRP/SAA2/IL1RN/REG3G/AHSG/SAA4/ADAM8/SERPINF2/REG3A/CEBPB/SAA1/F2/ZP3/C2CD4A/C2CD4B/IGHG1/DNASE1/ORM2/ORM1",31
"GO:0035270","endocrine system development","37/2712","133/16800",0.278195488721804,1.72333488588728,3.67450125656948,0.000443238414762009,0.0154579397148251,0.0141303073578265,"PAX6/TG/PITX1/WNT11/GHRHR/LHX3/FGF8/WNT5A/ONECUT2/SOX4/GCM2/BMP4/SOX9/FOXA2/SIX1/CGA/NKX2-1/NR5A1/STRA6/SIX3/PDX1/SLC6A3/NKX6-2/DRD2/EDNRA/INHBB/NKX6-1/SHH/GSX1/ONECUT1/OTP/PCSK1/SOX2/NKX2-5/POU3F2/WT1/FOXI3",37
"GO:0000395","mRNA 5'-splice site recognition","10/2712","20/16800",0.5,3.09734513274336,4.11766307873876,0.000455326267801791,0.0157855420298858,0.0144297729715074,"RNVU1-3/RNVU1-7/RNVU1-15/RNVU1-1/RNU6ATAC/RNU4ATAC/RNVU1-4/RNVU1-20/RNVU1-2A/RNVU1-8",10
"GO:0007346","regulation of mitotic cell cycle","108/2712","495/16800",0.218181818181818,1.3515687851971,3.48348859022098,0.000483198521631205,0.0166532949308072,0.0152229973873658,"DPF1/ANLN/BRCA1/BID/SPDL1/FOXC1/INTS13/ASNS/TRIP13/NLE1/GTSE1/TP73/RBL1/AURKA/BIRC5/TFAP4/CLSPN/CDC6/CDC7/BMP7/CDC25B/E2F1/FZD3/CCNE1/EZH2/SHB/FGF8/CDK5RAP3/CCND1/TTK/IL1A/MAD2L2/CDC20/NEK2/CENPF/KIF14/INHBA/CDK2/STIL/CKS2/EREG/BMP4/IL1B/PCID2/DLGAP5/PKMYT1/CCNB1/CDCA8/CDK4/DMRT1/IER3/KIF20B/HECW2/CENPE/BRCA2/CYP1A1/TICRR/NUF2/DTL/FANCD2/CDCA5/CDKN2A/MKI67/CHEK1/CENPJ/SPC25/SKA1/EME1/FBXO43/BUB1B/CDC25C/NPM2/DONSON/DBF4B/SPC24/RPL26/CDC25A/MAD2L1/TERT/SKA3/STOX1/E2F7/PLK1/IGF2/BUB1/CDK1/RRM2/MTBP/BRSK2/ATR/UBE2C/FOXG1/SPHK1/ATAD5/HASPIN/AURKB/RCC1/EPGN/KNTC1/CDCA2/L3MBTL1/PLK5/EIF4EBP1/BLM/EME2/UBD/MCIDAS/PRKDC",108
"GO:0042730","fibrinolysis","12/2712","27/16800",0.444444444444444,2.75319567354966,4.00008099360681,0.000488380823026499,0.0167232645620874,0.0152869575537232,"FAP/CPB2/SERPINE1/HRG/PLAU/F12/SERPINF2/FGG/FGA/FGB/F2/SERPINB2",12
"GO:0031640","killing of cells of another organism","31/2712","106/16800",0.292452830188679,1.81165470028385,3.67795085782288,0.000494210178347365,0.0167232645620874,0.0152869575537232,"CXCL2/LYZ/GZMB/HAMP/CCL1/C9/HRG/CCL20/SEMG1/TREM1/CXCL6/CCL25/C8A/PGLYRP3/PGLYRP4/CXCL3/PPBP/PF4/CXCL1/DEFA5/DEFA6/RNASE7/CXCL10/CXCL11/CXCL8/MUC7/DEFB4A/F2/KRT6A/GBP7/CCL18",31
"GO:0141061","disruption of cell in another organism","31/2712","106/16800",0.292452830188679,1.81165470028385,3.67795085782288,0.000494210178347365,0.0167232645620874,0.0152869575537232,"CXCL2/LYZ/GZMB/HAMP/CCL1/C9/HRG/CCL20/SEMG1/TREM1/CXCL6/CCL25/C8A/PGLYRP3/PGLYRP4/CXCL3/PPBP/PF4/CXCL1/DEFA5/DEFA6/RNASE7/CXCL10/CXCL11/CXCL8/MUC7/DEFB4A/F2/KRT6A/GBP7/CCL18",31
"GO:0007091","metaphase/anaphase transition of mitotic cell cycle","29/2712","97/16800",0.298969072164948,1.8520208010218,3.69233171288399,0.000496645849770133,0.0167232645620874,0.0152869575537232,"DPF1/TACC3/SPDL1/TRIP13/BIRC5/CDC6/TTK/MAD2L2/CDC20/CENPF/PCID2/DLGAP5/CCNB1/CDCA8/HECW2/CENPE/NUF2/SPC25/SKA1/BUB1B/SPC24/MAD2L1/SKA3/PLK1/BUB1/UBE2C/HASPIN/AURKB/KNTC1",29
"GO:1901988","negative regulation of cell cycle phase transition","63/2712","261/16800",0.241379310344828,1.495270064083,3.53809585441438,0.000504869635173787,0.0169030353856184,0.0154512884436946,"BRCA1/SPDL1/TRIP13/GTSE1/RBL1/BIRC5/CLSPN/CDC45/CDC6/TTI1/E2F1/EZH2/CDK5RAP3/CCND1/TIMELESS/TTK/MAD2L2/CDC20/PROX1/CENPF/INHBA/CDK2/PCID2/PKMYT1/CCNB1/CDCA8/BRIP1/IER3/DNA2/BRCA2/TICRR/NUF2/HORMAD1/DTL/FANCD2/CHEK1/SPC25/SKA1/EME1/BUB1B/DONSON/SPC24/RPL26/MAD2L1/SKA3/E2F7/PLK1/CDT1/BUB1/CDK1/BRSK2/ATR/HASPIN/AURKB/SOX2/KNTC1/GNB1L/H2AX/SYCP2/BLM/EME2/RPA4/PRKDC",63
"GO:0071492","cellular response to UV-A","7/2712","11/16800",0.636363636363636,3.94207562349155,4.28252242601554,0.000511388619403931,0.0170240109152707,0.0155618737770766,"MMP9/TIMP1/OPN5/OPN1SW/MMP3/MME/MMP1",7
"GO:0072074","kidney mesenchyme development","9/2712","17/16800",0.529411764705882,3.27954190525768,4.12571410535777,0.000515911490323436,0.0170775447559605,0.015610809769644,"PAX2/SIX4/BMP7/SIX1/MYC/SHH/SIX2/WT1/FOXD1",9
"GO:0030071","regulation of mitotic metaphase/anaphase transition","28/2712","93/16800",0.301075268817204,1.86506803692073,3.6703238843949,0.000543627263881647,0.017585301130116,0.0160749565939994,"DPF1/SPDL1/TRIP13/BIRC5/CDC6/TTK/MAD2L2/CDC20/CENPF/PCID2/DLGAP5/CCNB1/CDCA8/HECW2/CENPE/NUF2/SPC25/SKA1/BUB1B/SPC24/MAD2L1/SKA3/PLK1/BUB1/UBE2C/HASPIN/AURKB/KNTC1",28
"GO:0048704","embryonic skeletal system morphogenesis","28/2712","93/16800",0.301075268817204,1.86506803692073,3.6703238843949,0.000543627263881647,0.017585301130116,0.0160749565939994,"COL11A1/HOXA9/TBX15/SIX4/BMP7/EYA1/FGF8/HOXB6/MDFI/PRRX1/HOXB8/MTHFD1L/TWIST1/HOXC11/BMP4/SIX1/GSC/TFAP2A/SLC39A1/NODAL/MMP14/SHOX2/SIX2/FOXC2/IRX5/ALX1/HOXC9/LHX1",28
"GO:0051231","spindle elongation","8/2712","14/16800",0.571428571428571,3.53982300884956,4.17114942318708,0.000546257860672661,0.017585301130116,0.0160749565939994,"BIRC5/KIF4A/CDCA8/KIF23/RACGAP1/AURKB/PRC1/KIF4B",8
"GO:0051255","spindle midzone assembly","8/2712","14/16800",0.571428571428571,3.53982300884956,4.17114942318708,0.000546257860672661,0.017585301130116,0.0160749565939994,"BIRC5/KIF4A/CDCA8/KIF23/RACGAP1/AURKB/PRC1/KIF4B",8
"GO:0070141","response to UV-A","8/2712","14/16800",0.571428571428571,3.53982300884956,4.17114942318708,0.000546257860672661,0.017585301130116,0.0160749565939994,"MMP9/TIMP1/CCND1/OPN5/OPN1SW/MMP3/MME/MMP1",8
"GO:1902751","positive regulation of cell cycle G2/M phase transition","13/2712","31/16800",0.419354838709677,2.59777333713959,3.90664834612034,0.000568548764653508,0.0182028809404639,0.0166394944754504,"CDC7/CDC25B/CCND1/CCNB1/CDK4/DTL/CDC25C/DBF4B/CDC25A/STOX1/CDK1/ATAD5/NPM1",13
"GO:0051346","negative regulation of hydrolase activity","56/2712","227/16800",0.246696035242291,1.52820552804959,3.51541977728187,0.000573413995859936,0.0182588728355618,0.016690677408097,"ANOS1/DPEP1/CD44/SERPINB3/PTGS2/PAX2/BIRC5/SERPIND1/SERPINA4/MMP9/R3HDML/BIRC7/CST4/EPPIN/TIMP1/ITIH6/SERPINE1/AMBP/SLCO1B3/VEGFA/COL7A1/SPINK4/SERPINA7/WFDC3/CSTL1/PCID2/BCL2L12/IFI6/APOC1/ANGPTL3/SERPINE2/SERPINA10/SPINK7/SERPINH1/SPINT4/ITIH2/APOA2/WFDC8/PPP1R35/ABCE1/SERPINB7/A2ML1/SERPINF2/WFDC13/CST5/CST2/CST1/CST6/WFDC10A/MAGEA3/SERPINB2/SERPINB13/SERPINB4/SERPINB5/SERPINE3/SLCO1B3-SLCO1B7",56
"GO:1901987","regulation of cell cycle phase transition","97/2712","439/16800",0.220956719817768,1.368758441349,3.43503522240523,0.000587544183801989,0.0185813499782297,0.016985458033836,"DBF4/DPF1/ANLN/BRCA1/BID/SPDL1/TRIP13/GTSE1/RBL1/AURKA/BIRC5/TFAP4/CLSPN/CDC45/CDC6/CDC7/CDC25B/TTI1/E2F1/CCNE1/EZH2/CDK5RAP3/CCND1/TIMELESS/TTK/MAD2L2/CDC20/PROX1/CENPF/KIF14/INHBA/CDK2/STIL/PCID2/DLGAP5/PKMYT1/CCNB1/CDCA8/CDK4/BRIP1/IER3/SIX3/DNA2/HECW2/CENPE/BRCA2/CYP1A1/TICRR/NUF2/HORMAD1/DTL/FANCD2/CDCA5/CDKN2A/CHEK1/CENPJ/SPC25/SKA1/EME1/BUB1B/CDC25C/NPM2/DONSON/DBF4B/SPC24/RPL26/CDC25A/MAD2L1/TERT/SKA3/STOX1/E2F7/PLK1/CDT1/BUB1/CDK1/RRM2/MTBP/BRSK2/ATR/UBE2C/ATAD5/HASPIN/AURKB/MAPK15/NPM1/SOX2/KNTC1/GNB1L/PLK5/H2AX/SYCP2/BLM/EME2/RPA4/UBD/PRKDC",97
"GO:0033045","regulation of sister chromatid segregation","31/2712","107/16800",0.289719626168224,1.79472334794475,3.61828315677433,0.000589884126293008,0.0185813499782297,0.016985458033836,"DPF1/TACC3/SPDL1/TRIP13/BIRC5/CDC6/TTK/MAD2L2/CDC20/CENPF/PCID2/DLGAP5/CCNB1/CDCA8/HECW2/CENPE/NUF2/SPC25/SKA1/BUB1B/SPC24/MAD2L1/SKA3/PLK1/BUB1/CDK1/UBE2C/HASPIN/AURKB/MAPK15/KNTC1",31
"GO:0060993","kidney morphogenesis","29/2712","98/16800",0.295918367346939,1.83312262958281,3.62910568284482,0.000598227380092377,0.0186567902459708,0.017054418981414,"PAX2/WNT11/SIX4/BMP7/EYA1/CALB1/FGF8/VEGFA/SOX4/BMP4/SOX9/CITED1/SIX1/LIF/FOXJ1/AGT/MYC/GREB1L/HS3ST3A1/KIF26B/SHH/IRX2/SIX2/IRX3/TACSTD2/WT1/WNT7B/FOXD1/LHX1",29
"GO:0051785","positive regulation of nuclear division","21/2712","63/16800",0.333333333333333,2.06489675516224,3.71535961851564,0.00059864764742149,0.0186567902459708,0.017054418981414,"AURKA/FGF8/RAD51AP1/WNT5A/IL1A/CDC20/MSX2/EREG/IL1B/DLGAP5/PRDM7/DMRT1/SKA1/NPM2/MSX1/SKA3/IGF2/UBE2C/SPHK1/EPGN/MEIOSIN",21
"GO:0000466","maturation of 5.8S rRNA from tricistronic rRNA transcript (SSU-rRNA, 5.8S rRNA, LSU-rRNA)","11/2712","24/16800",0.458333333333333,2.83923303834808,3.95603438653023,0.000608488427664135,0.0188631412575882,0.0172430471732393,"EXOSC7/EXOSC3/RCL1/EXOSC8/RPP40/EXOSC2/WDR12/URB1/RPS21/RRS1/BOP1",11
"GO:0090183","regulation of kidney development","14/2712","35/16800",0.4,2.47787610619469,3.84000824735561,0.000625358889405093,0.0192840933317076,0.017627845037635,"PAX2/SIX4/EZH2/VEGFA/BMP4/SOX9/SIX1/AGT/MYC/SIX2/TACSTD2/WT1/FOXD1/LHX1",14
"GO:0009593","detection of chemical stimulus","55/2712","223/16800",0.246636771300448,1.52783840628596,3.48146742426251,0.000642584882313114,0.0197115435888614,0.018018582977179,"TREM2/CST4/SLC11A2/OR2B6/TAS2R3/LBP/CA6/GNAT2/OR1J1/AZGP1/RTP3/OR1Q1/OR2D2/NOD2/OR51B5/LPO/OR1F1/CST2/CST1/OR10A2/OR2AT4/REG3A/OR10H5/OR10Q1/OR51E1/OR4C6/OR52A1/OR2T10/OR6A2/OR10H1/OR2AG2/OR52K1/OR2H2/TAS2R50/TAS2R13/ASIC3/OR2F1/OR2A5/OR2A14/OR52I2/TAS2R46/OR2M3/OR52I1/OR2I1P/OR1J4/OR5G3/OR5M11/TAS2R43/TAS2R30/TAS2R31/TAS2R38/OR9A4/PKD1L3/OR2T11/OR2AG1",55
"GO:0071542","dopaminergic neuron differentiation","15/2712","39/16800",0.384615384615385,2.38257317903336,3.79255907439087,0.000660796741257417,0.0201646255574334,0.0184327512034964,"FGF20/WNT2/FGF8/DKK1/WNT3/VEGFA/WNT5A/FOXA2/DMRTA2/WNT3A/EN1/SHH/EN2/OTX2/OTP",15
"GO:0007405","neuroblast proliferation","25/2712","81/16800",0.308641975308642,1.91194143996504,3.60965917680543,0.000703975834870186,0.0211517662384842,0.0193351095698759,"PAX6/VCAN/ASPM/WDR62/DCT/LHX5/FZD3/NR2E1/VEGFA/PROX1/SIX3/LEF1/HAPLN3/DMRTA2/VAX1/DRD2/WNT3A/ACAN/RACGAP1/ACSL6/SHH/OTP/FOXG1/FZD9/SKOR2",25
"GO:0061333","renal tubule morphogenesis","25/2712","81/16800",0.308641975308642,1.91194143996504,3.60965917680543,0.000703975834870186,0.0211517662384842,0.0193351095698759,"PAX2/WNT11/SIX4/EYA1/FGF8/VEGFA/BMP4/SOX9/CITED1/SIX1/AGT/MYC/LGR5/GREB1L/HS3ST3A1/KIF26B/SHH/IRX2/SIX2/IRX3/TACSTD2/WT1/COL4A1/FOXD1/LHX1",25
"GO:0072028","nephron morphogenesis","25/2712","81/16800",0.308641975308642,1.91194143996504,3.60965917680543,0.000703975834870186,0.0211517662384842,0.0193351095698759,"PAX2/WNT11/SIX4/BMP7/EYA1/FGF8/VEGFA/BMP4/SOX9/CITED1/SIX1/LIF/AGT/MYC/GREB1L/HS3ST3A1/KIF26B/SHH/IRX2/SIX2/IRX3/TACSTD2/WT1/FOXD1/LHX1",25
"GO:0003156","regulation of animal organ formation","12/2712","28/16800",0.428571428571429,2.65486725663717,3.84513540588226,0.000729985617971579,0.0218213557943647,0.0199471902483319,"BMP7/WNT2/FGF8/DKK1/WNT5A/HOXC11/BMP4/SIX1/SULF1/SHH/WT1/ROBO2",12
"GO:0003228","atrial cardiac muscle tissue development","10/2712","21/16800",0.476190476190476,2.94985250737463,3.92274662831265,0.000744042300272436,0.0221286489202853,0.0202280909633244,"TBX5/WNT2/TBX18/PROX1/GJB6/BMP4/EDNRA/SHOX2/NKX2-5/MYH6",10
"GO:0001704","formation of primary germ layer","35/2712","127/16800",0.275590551181102,1.7071981046617,3.50992599452357,0.000751479524665806,0.0222369622980654,0.020327101656032,"FOXC1/COL11A1/PAX2/WNT11/MMP9/BMP7/EYA1/DKK1/WNT3/COL12A1/WNT5A/COL7A1/MMP8/DUSP4/INHBA/SNAI1/BMP4/COL5A1/LEF1/COL8A1/HMGA2/WNT3A/NODAL/MMP14/DUSP2/ITGA2/TBXT/TBX20/SIX2/FOXC2/SOX2/COL5A2/APELA/SCX/LHX1",35
"GO:1905330","regulation of morphogenesis of an epithelium","21/2712","64/16800",0.328125,2.03263274336283,3.63138195681627,0.000757275249341356,0.0222958577180452,0.0203809387392162,"PAX2/SIX4/BMP7/WNT2/VEGFA/WNT5A/BMP4/SOX9/SIX1/LIF/AGT/SULF1/ITGAX/ADAMTS12/SHH/STOX1/CXCL10/SIX2/LBX2/TACSTD2/LHX1",21
"GO:0048644","muscle organ morphogenesis","24/2712","77/16800",0.311688311688312,1.93081255028158,3.59180196889591,0.000763251787670336,0.0223594611198025,0.0204390794508772,"FOXC1/COL11A1/LRP2/WNT2/TNNC1/PROX1/TNNT2/LIF/TNNI3/GSC/MYBPC3/ANKRD1/EDNRA/POU4F1/TBX20/COL3A1/SHOX2/CHD7/FOXC2/ZFPM1/MYL11/NKX2-5/MYH6/SMTNL1",24
"GO:0007492","endoderm development","26/2712","86/16800",0.302325581395349,1.87281333607738,3.56034666261444,0.000787594749261278,0.0229577991836907,0.0209860281971269,"COL11A1/MMP9/FGF8/DKK1/COL12A1/COL7A1/MMP8/DUSP4/INHBA/HOXC11/BMP4/COL5A1/NKX2-1/GATA4/COL8A1/HMGA2/NODAL/MMP14/DUSP2/TBX20/ONECUT1/SOX2/PAX9/COL5A2/APELA/LHX1",26
"GO:0060350","endochondral bone morphogenesis","20/2712","60/16800",0.333333333333333,2.06489675516224,3.62549481394156,0.000800726055983697,0.0232250196139034,0.0212302979304067,"FOXC1/COMP/DLX5/COL1A1/TRPV4/BMP4/SOX9/MMP13/CER1/SERPINH1/FGF18/MMP14/STC1/CBS/LOC102724560/COL3A1/AXIN2/SHOX2/COL27A1/SCX",20
"GO:1905820","positive regulation of chromosome separation","13/2712","32/16800",0.40625,2.51659292035398,3.76760415336806,0.000817229913212487,0.0235869461158225,0.0215611397377502,"BIRC5/NCAPG/CDC20/NCAPH/DLGAP5/CDCA8/NCAPG2/NCAPD3/SKA1/SKA3/UBE2C/AURKB/MAPK15",13
"GO:0042742","defense response to bacterium","66/2712","281/16800",0.234875444839858,1.45498063175133,3.37455164380562,0.000823749698423805,0.0236585758973778,0.0216266174694547,"SLC11A1/ARG2/LYZ/TREM2/PGC/BPI/EPPIN/RIPK2/HAMP/SERPINE1/CALCA/IL23A/IL17A/IL17F/CCL20/WFDC3/SEMG2/SEMG1/TREM1/CXCL6/IL1B/VGF/LBP/BPIFA2/CRP/MMP7/ANXA3/REG3G/LYG1/GSDMC/LCN2/PGLYRP3/SPON2/PGLYRP4/PPBP/DEFA5/DEFA6/RNASE7/CLEC4D/NOD2/LPO/KLK5/EVPL/GSDMA/WFDC13/KLK7/FPR2/FGA/FGB/DEFB4A/CEBPB/F2/WFDC10A/WFDC10B/GBP6/IFNE/NCR3LG1/PRB3/KRT6A/IGHG4/IGHG1/IGHG3/GBP7/SPRR2A/H2BC7/H2BC10",66
"GO:0141060","disruption of anatomical structure in another organism","31/2712","109/16800",0.284403669724771,1.76179264431274,3.50082765823457,0.000831181838622389,0.0237555824023833,0.021715292400055,"CXCL2/LYZ/GZMB/HAMP/CCL1/C9/HRG/CCL20/SEMG1/TREM1/CXCL6/CCL25/C8A/PGLYRP3/PGLYRP4/CXCL3/PPBP/PF4/CXCL1/DEFA5/DEFA6/RNASE7/CXCL10/CXCL11/CXCL8/MUC7/DEFB4A/F2/KRT6A/GBP7/CCL18",31
"GO:0001657","ureteric bud development","29/2712","100/16800",0.29,1.79646017699115,3.50483612499821,0.000857301263520234,0.0243831461308983,0.0222889567132905,"FOXC1/PAX2/ARG2/WNT11/SIX4/BMP7/EYA1/CALB1/FGF8/VEGFA/BMP4/SOX9/CITED1/SIX1/FOXJ1/AGT/MYC/GREB1L/CER1/HS3ST3A1/KIF26B/SHH/SIX2/FOXC2/TACSTD2/WT1/ROBO2/FOXD1/LHX1",29
"GO:0042303","molting cycle","32/2712","114/16800",0.280701754385965,1.73886042539978,3.47296652956051,0.000883347622035354,0.0247956933183364,0.0226660715594894,"CDH3/DLX3/GAL/PTGS2/FERMT1/FZD3/DKK4/PPP1R13L/DKK1/WNT5A/MSX2/INHBA/HOXC13/SNAI1/SOX21/SOX9/TNFRSF19/KRT17/EDAR/LGR5/KRT71/APCDD1/KRT84/TERT/FOXQ1/SHH/DNASE1L2/KRT83/DSG4/TSPEAR/KRT16/FOXI3",32
"GO:0042633","hair cycle","32/2712","114/16800",0.280701754385965,1.73886042539978,3.47296652956051,0.000883347622035354,0.0247956933183364,0.0226660715594894,"CDH3/DLX3/GAL/PTGS2/FERMT1/FZD3/DKK4/PPP1R13L/DKK1/WNT5A/MSX2/INHBA/HOXC13/SNAI1/SOX21/SOX9/TNFRSF19/KRT17/EDAR/LGR5/KRT71/APCDD1/KRT84/TERT/FOXQ1/SHH/DNASE1L2/KRT83/DSG4/TSPEAR/KRT16/FOXI3",32
"GO:0010755","regulation of plasminogen activation","9/2712","18/16800",0.5,3.09734513274336,3.90612541214516,0.000884502458360184,0.0247956933183364,0.0226660715594894,"CPB2/HPN/SERPINE1/PLAU/F12/SERPINE2/RUNX1/MELTF/SERPINF2",9
"GO:0090102","cochlea development","17/2712","48/16800",0.354166666666667,2.19395280235988,3.63443019457617,0.000896753520074736,0.0250194232100851,0.0228705860157406,"MYO3B/MCM2/PAX2/CECR2/RPGRIP1L/EYA1/CALB1/HPN/PTK7/TBX18/WNT5A/SOX9/SIX1/MYO7A/CCNA2/GRHL3/CTHRC1",17
"GO:0051225","spindle assembly","36/2712","133/16800",0.270676691729323,1.67675826734979,3.43789460772405,0.000912829738724453,0.0253472485269506,0.0231702554783239,"ASPM/SPAG5/AURKA/TPX2/BIRC5/KIF4A/MYBL2/ARHGEF10/CDC20/NEK2/GPSM2/STIL/CDCA8/KIF23/HAUS6/CENPJ/CCSAP/SKA1/CCNB2/KASH5/RACGAP1/SPICE1/DCAF13/SKA3/PLK1/KIFC2/AURKB/RCC1/MAPK15/PRC1/MZT1/HAUS7/KIF4B/KIFC1/HAUS5/UHRF1",36
"GO:0001823","mesonephros development","30/2712","105/16800",0.285714285714286,1.76991150442478,3.47219520612304,0.000921185778829785,0.0254586201800175,0.023272061780963,"FOXC1/PAX2/ARG2/WNT11/SIX4/BMP7/EYA1/CALB1/FGF8/VEGFA/BMP4/SOX9/CITED1/SIX1/FOXJ1/AGT/MYC/GREB1L/REN/CER1/HS3ST3A1/KIF26B/SHH/SIX2/FOXC2/TACSTD2/WT1/ROBO2/FOXD1/LHX1",30
"GO:0048592","eye morphogenesis","42/2712","162/16800",0.259259259259259,1.60603080957063,3.40066253614917,0.00093711835817044,0.0257773542747446,0.023563420837021,"PAX6/PAX2/BMP7/RS1/RPGRIP1L/RP1/CALB1/WNT2/VEGFA/WNT5A/MFAP2/PROX1/TWIST1/NDP/SOX4/BMP4/SOX9/GNGT1/COL5A1/EPHB2/GNAT2/TFAP2A/MYO7A/STRA6/SIX3/RBP4/NKD1/COL8A1/THY1/EPHB1/MEGF11/AQP5/HCN1/PTF1A/FJX1/TH/SOX1/FOXL2/SAMD7/TMEM215/COL5A2/LHX1",42
"GO:0003341","cilium movement","57/2712","237/16800",0.240506329113924,1.48986221574997,3.33227243668222,0.000995754552908655,0.0272622706798683,0.0249208025833706,"ZMYND10/DNAH5/INTS13/KIF9/PLA2G3/SPEF1/EPPIN/KLC3/RSPH6A/ODAD1/ARMC2/DAW1/SEMG2/SEMG1/RIBC2/DNAAF11/TTLL9/TTC29/ADCY3/SORD/TPGS1/AKAP4/PRDM14/CABYR/SPAG17/CFAP70/CFAP161/HYDIN/DRC1/CFAP251/DRC7/PIERCE1/CFAP157/SLC9B2/IQUB/CFAP47/ARMC3/CCDC38/DPCD/TEKT1/CFAP46/IQCF1/CIMIP2C/BBS1/CATSPERD/CATSPER1/DNAH2/PRSS55/DNAH14/CFAP73/CFAP144/CATSPER4/DNAH10/CFAP43/MEIG1/CFAP45/DNAAF4",57
"GO:0072163","mesonephric epithelium development","29/2712","101/16800",0.287128712871287,1.7786734425655,3.44375862263538,0.00102016255504128,0.0276719093054947,0.0252952586747077,"FOXC1/PAX2/ARG2/WNT11/SIX4/BMP7/EYA1/CALB1/FGF8/VEGFA/BMP4/SOX9/CITED1/SIX1/FOXJ1/AGT/MYC/GREB1L/CER1/HS3ST3A1/KIF26B/SHH/SIX2/FOXC2/TACSTD2/WT1/ROBO2/FOXD1/LHX1",29
"GO:0072164","mesonephric tubule development","29/2712","101/16800",0.287128712871287,1.7786734425655,3.44375862263538,0.00102016255504128,0.0276719093054947,0.0252952586747077,"FOXC1/PAX2/ARG2/WNT11/SIX4/BMP7/EYA1/CALB1/FGF8/VEGFA/BMP4/SOX9/CITED1/SIX1/FOXJ1/AGT/MYC/GREB1L/CER1/HS3ST3A1/KIF26B/SHH/SIX2/FOXC2/TACSTD2/WT1/ROBO2/FOXD1/LHX1",29
"GO:0021978","telencephalon regionalization","7/2712","12/16800",0.583333333333333,3.61356932153392,3.97362658517409,0.0010561894452515,0.0282566847476188,0.0258298096488326,"PAX6/BMP4/EMX1/SIX3/DMRTA2/SHH/ADGRG1",7
"GO:0033083","regulation of immature T cell proliferation","7/2712","12/16800",0.583333333333333,3.61356932153392,3.97362658517409,0.0010561894452515,0.0282566847476188,0.0258298096488326,"FOXP3/RIPK2/IL1A/BMP4/IL1B/CDKN2A/SHH",7
"GO:0033084","regulation of immature T cell proliferation in thymus","7/2712","12/16800",0.583333333333333,3.61356932153392,3.97362658517409,0.0010561894452515,0.0282566847476188,0.0258298096488326,"FOXP3/RIPK2/IL1A/BMP4/IL1B/CDKN2A/SHH",7
"GO:0001541","ovarian follicle development","19/2712","57/16800",0.333333333333333,2.06489675516224,3.5333786381607,0.00107201940177239,0.028420641063278,0.0259796842877729,"FOXC1/MSH4/AMH/VEGFA/INHBA/TNFAIP6/INHA/EREG/VGF/CGA/GAS2/MMP14/INHBB/CEBPB/UMODL1/FOXL2/HYAL3/ZP3/FANCG",19
"GO:0010718","positive regulation of epithelial to mesenchymal transition","19/2712","57/16800",0.333333333333333,2.06489675516224,3.5333786381607,0.00107201940177239,0.028420641063278,0.0259796842877729,"FOXC1/SERPINB3/BAMBI/BMP7/EZH2/COL1A1/MAD2L2/TWIST1/SNAI1/BMP4/IL1B/LOXL2/AGT/LEF1/ADAM8/PDPN/TBX20/AXIN2/ALX1",19
"GO:1903317","regulation of protein maturation","22/2712","70/16800",0.314285714285714,1.94690265486726,3.48311865998464,0.00110004488804786,0.0290322657615873,0.0265387785224632,"CPB2/HPN/TFR2/SERPINE1/RFX4/PLAU/SOX4/BCL2L12/CHAC1/F12/SERPINE2/ACP4/NKD2/ADAM8/MMP14/RUNX1/MELTF/PRSS37/SERPINF2/FGA/LDLRAD3/MAGEA3",22
"GO:0072088","nephron epithelium morphogenesis","24/2712","79/16800",0.30379746835443,1.8819312198947,3.44729956875986,0.00114216250522496,0.0299739894456969,0.0273996206106136,"PAX2/WNT11/SIX4/EYA1/FGF8/VEGFA/BMP4/SOX9/CITED1/SIX1/LIF/AGT/MYC/GREB1L/HS3ST3A1/KIF26B/SHH/IRX2/SIX2/IRX3/TACSTD2/WT1/FOXD1/LHX1",24
"GO:0035115","embryonic forelimb morphogenesis","13/2712","33/16800",0.393939393939394,2.4403325288281,3.63374078099628,0.00115107486350603,0.0299739894456969,0.0273996206106136,"HOXA9/TBX5/RPGRIP1L/WNT3/MSX2/TWIST1/TFAP2A/CRABP2/WNT7A/EN1/MSX1/SHH/SHOX2",13
"GO:0060351","cartilage development involved in endochondral bone morphogenesis","13/2712","33/16800",0.393939393939394,2.4403325288281,3.63374078099628,0.00115107486350603,0.0299739894456969,0.0273996206106136,"COMP/COL1A1/TRPV4/SOX9/MMP13/CER1/SERPINH1/STC1/CBS/LOC102724560/AXIN2/SHOX2/COL27A1",13
"GO:0002922","positive regulation of humoral immune response","10/2712","22/16800",0.454545454545455,2.81576830249397,3.73906970920151,0.00116793211974357,0.0302783818122902,0.0276778697030987,"TREM2/PGC/ACOD1/IL17A/IL17F/IL1B/NOD2/KLK5/KLK7/ZP3",10
"GO:0022616","DNA strand elongation","14/2712","37/16800",0.378378378378378,2.34393685721119,3.59058936521417,0.00119763126251086,0.0306961988263795,0.0280598017676124,"GINS1/POLA1/MCM4/POLD2/MCM3/INO80B/PCNA/RFC3/DNA2/RFC4/TERT/MCM7/RUVBL1/RUVBL2",14
"GO:0030574","collagen catabolic process","16/2712","45/16800",0.355555555555556,2.20255653883972,3.5440629811341,0.00119976609169498,0.0306961988263795,0.0280598017676124,"FAP/ADAMTS2/MMP11/MMP9/MMP8/MMP7/MMP20/MMP13/ADAMTS14/MMP3/MMP14/MMP10/KLK6/MMP1/MMP12/PRSS2",16
"GO:0048701","embryonic cranial skeleton morphogenesis","16/2712","45/16800",0.355555555555556,2.20255653883972,3.5440629811341,0.00119976609169498,0.0306961988263795,0.0280598017676124,"TBX15/SIX4/FGF8/PRRX1/MTHFD1L/TWIST1/BMP4/SIX1/TFAP2A/SLC39A1/NODAL/MMP14/SIX2/FOXC2/IRX5/LHX1",16
"GO:0001890","placenta development","39/2712","150/16800",0.26,1.61061946902655,3.29587736645623,0.00131856050431719,0.0335888956295409,0.0307040542149467,"DLX3/PTGS2/HSP90AB1/BMP7/ITGB8/WNT2/LHX3/CYP27B1/MDFI/STC2/SPP1/SNAI1/NDP/CITED1/LIF/GCM1/LEF1/DNMT3L/PLK4/VASH2/NODAL/STC1/CCNF/CSF2/DCAF13/E2F7/IGF2/PLAC1/CEBPB/FOSL1/PHLDA2/TEX19/ASCL2/WNT7B/GJB3/GJB5/MME/ADA/APELA",39
"GO:0022412","cellular process involved in reproduction in multicellular organism","83/2712","375/16800",0.221333333333333,1.37109144542773,3.18864208517678,0.00133341534150656,0.0338202618436665,0.0309155491345883,"ZPBP/ASPM/TRIP13/MOV10L1/AURKA/ANGPT2/PLA2G3/CCNB1IP1/CDC25B/OCA2/ADAM2/KLC3/AMH/RETN/RSPH6A/IFT56/CHN2/GALNTL5/SHB/FOLR1/PCSK4/WDR77/PMFBP1/ARMC2/PAEP/INHBA/TNFAIP6/SEMG2/SEMG1/TCP11/EREG/PIWIL1/BMP4/LIN28A/RAN/BRIP1/DMRT1/BRDT/LGR5/BRCA2/SPACA3/ZMYND15/TPGS1/DNMT3L/DMRTA2/HORMAD1/AKAP4/EDNRA/CABYR/SPAG17/NODAL/LYZL4/DRC1/NPM2/DRC7/CFAP157/KASH5/TDRD5/INHBB/SPDYA/DCAF13/CFAP47/ARMC3/SOHLH1/CCDC38/IGF2/IQCF1/CATSPERD/ZAR1/IZUMO1/FAM9A/REC114/FOXL2/WT1/CFAP73/NANOS3/ZP3/CATSPER4/CFAP43/MEIG1/FANCG/MEIOSIN/ETV5",83
"GO:2001251","negative regulation of chromosome organization","28/2712","98/16800",0.285714285714286,1.76991150442478,3.35375623801593,0.00134103664351362,0.0338669555790789,0.030958232496358,"SPDL1/TRIP13/MCM2/BIRC5/NAA10/TTK/MAD2L2/CDC20/CENPF/PCID2/GNL3L/TOP2A/CCNB1/CDCA8/PIF1/NUF2/SPC25/SKA1/BUB1B/SPC24/MAD2L1/SKA3/PLK1/BUB1/HASPIN/AURKB/KNTC1/RTEL1",28
"GO:0045005","DNA-templated DNA replication maintenance of fidelity","19/2712","58/16800",0.327586206896552,2.02929508696979,3.44518155941099,0.00135645105787978,0.0341092135112344,0.0311796836796581,"BRCA1/DDX11/POLQ/TIMELESS/MCM8/PCNA/ZNF365/DNA2/BRCA2/MMS22L/EME1/DONSON/TONSL/EXO1/ATR/TRAIP/BLM/EME2/RTEL1",19
"GO:0048738","cardiac muscle tissue development","56/2712","235/16800",0.238297872340426,1.47618151007343,3.22531862978242,0.00137745449907137,0.0341187085816513,0.0311883632492417,"FOXC1/COL11A1/NEBL/FGF20/TP73/LRP2/NOX4/TBX5/BMP7/NPRL3/PPP1R13L/WNT2/FGF8/DKK1/KAT2A/VEGFA/TBX18/TNNC1/PROX1/TNNT2/MSX2/GJB6/BMP4/PRMT1/CSRP3/TNNI3/MYO18B/MYBPC3/ALPK3/GATA4/RBP4/ANKRD1/TENM4/EDNRA/POU4F1/WNT3A/RUNX1/MSX1/TBX20/SHOX2/CDK1/CHD7/FOXC2/IRX3/NDUFV2/ZFPM1/NKX2-5/NEB/WT1/FGF3/KCNJ11/MYH6/ALPK2/MIR25/MIR200B/MIR17HG",56
"GO:0021854","hypothalamus development","11/2712","26/16800",0.423076923076923,2.62083049693669,3.62884017026735,0.00137747533685294,0.0341187085816513,0.0311883632492417,"PRDM13/PLXNA1/PLXNA3/RAX/NKX2-1/GSX1/OTP/FOXB1/NHLH2/POU3F2/SRD5A2",11
"GO:0032967","positive regulation of collagen biosynthetic process","11/2712","26/16800",0.423076923076923,2.62083049693669,3.62884017026735,0.00137747533685294,0.0341187085816513,0.0311883632492417,"INHBA/AMELX/BMP4/CBX8/RUNX1/UCN/ITGA2/SERPINB7/SERPINF2/F2/SCX",11
"GO:0061053","somite development","24/2712","80/16800",0.3,1.85840707964602,3.376618797905,0.00138594515146493,0.0341187085816513,0.0311883632492417,"FOXC1/NLE1/WNT11/DLL3/SIX4/DKK1/KAT2A/TBX18/WNT5A/SIX1/LEF1/NKD1/RIPPLY1/WNT3A/TBXT/SHH/AXIN2/FOXB1/FOXC2/HES7/XRCC2/PRKDC/SCX/LHX1",24
"GO:1904029","regulation of cyclin-dependent protein kinase activity","24/2712","80/16800",0.3,1.85840707964602,3.376618797905,0.00138594515146493,0.0341187085816513,0.0311883632492417,"IPO5/TFAP4/CDC6/CDKN3/CDK5RAP1/GTPBP4/CDK5RAP3/CCND1/PROX1/PKMYT1/PSRC1/CDKN2A/CDC25C/SPDYA/CDC25A/STOX1/PLK1/SPDYE5/SPDYE2B/SPDYE16/SPDYE17/BLM/SPDYC/SPDYE3",24
"GO:0060541","respiratory system development","54/2712","225/16800",0.24,1.48672566371681,3.22485819727085,0.00139958632289262,0.0343103609448865,0.0313635552119694,"CLDN18/CELSR1/TP73/WNT11/ADAMTS2/TBX5/SIX4/RPGRIP1L/CTSH/DLX5/WNT2/PLOD3/LHX3/FGF8/TIMELESS/PTK7/VEGFA/LOX/WNT5A/PROX1/TBX4/DPPA4/BMP4/SOX9/SIX1/FGFRL1/LIF/FOXJ1/CHI3L1/NKX2-8/NKX2-1/STRA6/RBP4/LEF1/ABCA12/SLC7A11/FGF18/NODAL/MMP14/HYDIN/SIM2/PDPN/MSX1/SHH/COL3A1/IL13/CHD7/WT1/WNT7B/MME/ADA/ADAMTSL2/MIR17HG/MMP12",54
"GO:0030540","female genitalia development","9/2712","19/16800",0.473684210526316,2.93432696786213,3.70134574424128,0.00144110512968547,0.0350349998125608,0.032025957195194,"LRP2/TYRO3/WNT5A/STRA6/CYP19A1/RBP4/CHD7/LHX1/SRD5A2",9
"GO:0042481","regulation of odontogenesis","9/2712","19/16800",0.473684210526316,2.93432696786213,3.70134574424128,0.00144110512968547,0.0350349998125608,0.032025957195194,"DMRT3/FGF8/BMP4/APCDD1/MSX1/SHH/TNFRSF11B/SP6/PAX9",9
"GO:0031100","animal organ regeneration","21/2712","67/16800",0.313432835820896,1.9416193369436,3.38834599012899,0.00146823298508777,0.035547012643096,0.0324939949026819,"F7/PTPRU/CPB2/CAD/AURKA/ANGPT2/SLC7A5/EZH2/CCND1/NR0B2/PCNA/BAAT/PNPT1/ANXA3/PDX1/SERPINA10/CCNA2/APOA2/CLDN1/CDK1/CEBPB",21
"GO:0031297","replication fork processing","17/2712","50/16800",0.34,2.10619469026549,3.43693289033266,0.00150878372118394,0.0363784519441017,0.0332540245760619,"BRCA1/DDX11/POLQ/PCNA/ZNF365/DNA2/BRCA2/MMS22L/EME1/DONSON/TONSL/EXO1/ATR/TRAIP/BLM/EME2/RTEL1",17
"GO:0071824","protein-DNA complex organization","55/2712","231/16800",0.238095238095238,1.47492625368732,3.18893674649205,0.00154249782693725,0.0370389129837105,0.0338577607569315,"MCM2/CDC45/CENPI/OIP5/ASF1B/CENPA/CENPF/TAF1L/CENPK/NFE2/HJURP/H1-3/SOX9/DLGAP5/MYC/HMGA1/CENPE/CENPH/ATAD2/CHAF1B/CENPN/CDT1/H1-4/TSPYL6/NPM1/H2AC25/H3C13/H1-5/KNTC1/H2BC13/SMYD3/NAP1L1/CENPP/H2AX/H4C3/H3C12/CENPW/SETSIP/H2BC15/H2BC14/H2BC17/H4C13/H3C11/H3C1/H2BC3/H4C5/H4C4/H2BC7/H3C7/H2BC10/H4C1/H4C2/TAF11L11/H3C2/H3C3",55
"GO:0002920","regulation of humoral immune response","16/2712","46/16800",0.347826086956522,2.1546748749519,3.44065606934484,0.00156759663030372,0.0373355636461361,0.0341289330551361,"TREM2/PGC/ACOD1/IL17A/IL17F/CD46/C4BPB/IL1B/FOXJ1/NOD2/KLK5/EVPL/KLK7/SPNS2/ZP3/CD55",16
"GO:0032467","positive regulation of cytokinesis","16/2712","46/16800",0.347826086956522,2.1546748749519,3.44065606934484,0.00156759663030372,0.0373355636461361,0.0341289330551361,"BIRC5/CDC6/CDC25B/CSPP1/ECT2/KIF14/CIT/CDCA8/KIF23/KIF20B/DRD2/RACGAP1/SSTR5/AURKB/RXFP3/TAS2R13",16
"GO:1901990","regulation of mitotic cell cycle phase transition","75/2712","335/16800",0.223880597014925,1.38687095495971,3.13812000653199,0.00160172530196949,0.0379939617175678,0.0347307834494812,"DPF1/ANLN/BRCA1/BID/SPDL1/TRIP13/GTSE1/RBL1/AURKA/BIRC5/TFAP4/CLSPN/CDC6/CDC7/CDC25B/E2F1/CCNE1/EZH2/CDK5RAP3/CCND1/TTK/MAD2L2/CDC20/CENPF/KIF14/INHBA/CDK2/STIL/PCID2/DLGAP5/PKMYT1/CCNB1/CDCA8/CDK4/IER3/HECW2/CENPE/CYP1A1/TICRR/NUF2/DTL/CDCA5/CDKN2A/CHEK1/CENPJ/SPC25/SKA1/BUB1B/CDC25C/NPM2/DONSON/DBF4B/SPC24/RPL26/CDC25A/MAD2L1/TERT/SKA3/STOX1/E2F7/PLK1/BUB1/CDK1/RRM2/MTBP/ATR/UBE2C/ATAD5/HASPIN/AURKB/KNTC1/PLK5/BLM/UBD/PRKDC",75
"GO:0001707","mesoderm formation","22/2712","72/16800",0.305555555555556,1.89282202556539,3.33097229166545,0.00165813889824951,0.0391735314711448,0.035809043778835,"FOXC1/PAX2/WNT11/BMP7/EYA1/DKK1/WNT3/WNT5A/INHBA/SNAI1/BMP4/LEF1/HMGA2/WNT3A/NODAL/ITGA2/TBXT/TBX20/SIX2/FOXC2/APELA/SCX",22
"GO:0052547","regulation of peptidase activity","72/2712","320/16800",0.225,1.39380530973451,3.12061246665743,0.00170893381112716,0.0402114184714619,0.0367577900275417,"PRSS22/ANOS1/DPEP1/CD44/SERPINB3/PTGS2/PAX2/BIRC5/SERPIND1/SERPINA4/MMP9/R3HDML/BIRC7/CST4/EPPIN/TIMP1/ITIH6/CTSH/RIPK2/SERPINE1/AMBP/SLC11A2/SLCO1B3/PERP/SLC22A2/VEGFA/COL7A1/HSPE1/SPINK4/SERPINA7/WFDC3/SEMG2/SEMG1/CSTL1/PCID2/BCL2L12/IFI6/PRR7/SERPINE2/MYC/SERPINA10/PMAIP1/EFNA3/HSPD1/SPINK7/CDKN2A/SERPINH1/SPINT4/ITIH2/NODAL/WFDC8/SERPINB7/A2ML1/SERPINF2/WFDC13/CST5/CST2/CST1/CST6/WFDC10A/ST20/SOX2/TNFSF15/FOXL2/DIABLO/MAGEA3/SERPINB2/SERPINB13/SERPINB4/SERPINB5/SERPINE3/SLCO1B3-SLCO1B7",72
"GO:0030174","regulation of DNA-templated DNA replication initiation","8/2712","16/16800",0.5,3.09734513274336,3.68251093047615,0.00172707055639215,0.0403143680872575,0.0368518976344025,"MCM2/MCM4/MCM3/CDK2/TICRR/MCM7/CDT1/MCIDAS",8
"GO:0043584","nose development","8/2712","16/16800",0.5,3.09734513274336,3.68251093047615,0.00172707055639215,0.0403143680872575,0.0368518976344025,"SIX4/RPGRIP1L/DLX5/PROX1/SIX1/STRA6/MSX1/CHD7",8
"GO:0065004","protein-DNA complex assembly","51/2712","212/16800",0.240566037735849,1.49023209216898,3.15162503351239,0.00176907397689807,0.0409842544256022,0.0374642496056385,"MCM2/CDC45/CENPI/OIP5/ASF1B/CENPA/CENPF/TAF1L/CENPK/HJURP/H1-3/SOX9/DLGAP5/CENPE/CENPH/ATAD2/CHAF1B/CENPN/CDT1/H1-4/TSPYL6/NPM1/H3C13/H1-5/KNTC1/H2BC13/SMYD3/NAP1L1/CENPP/H2AX/H4C3/H3C12/CENPW/SETSIP/H2BC15/H2BC14/H2BC17/H4C13/H3C11/H3C1/H2BC3/H4C5/H4C4/H2BC7/H3C7/H2BC10/H4C1/H4C2/TAF11L11/H3C2/H3C3",51
"GO:0042438","melanin biosynthetic process","10/2712","23/16800",0.434782608695652,2.69334359368988,3.56544499584792,0.00176975872498334,0.0409842544256022,0.0374642496056385,"CDH3/TYR/DCT/ASIP/OCA2/WNT5A/CITED1/SLC7A11/MFSD12/MC1R",10
"GO:0170039","proteinogenic amino acid metabolic process","43/2712","172/16800",0.25,1.54867256637168,3.17336003312747,0.00178482696744333,0.0410780070758006,0.0375499501444783,"CPS1/ASNS/TYR/DCT/ARG2/CAD/PHGDH/MTAP/PRODH/OCA2/PYCR3/PLOD3/AADAT/KYNU/NDP/GNMT/PPAT/GAD1/SCLY/PSAT1/GLS2/MTHFS/BAAT/GCSH/PSPH/SLC7A11/MAT1A/TDO2/ACMSD/ALDH4A1/UROC1/CBS/LOC102724560/GPT2/GLYATL1/PAH/CTPS1/PIPOX/TH/SHMT2/PYCR1/PRODH2/ARHGAP11B",43
"GO:0051216","cartilage development","49/2712","202/16800",0.242574257425743,1.50267239113292,3.153513709541,0.00178782928901334,0.0410780070758006,0.0375499501444783,"CD44/COL11A1/PITX1/FGF4/EPYC/WNT11/BMP7/TIMP1/CCN4/COMP/ITGB8/KAT2A/COL1A1/TRPV4/IL17F/WNT5A/PRRX1/MSX2/TGFBI/SNAI1/AMELX/BMP4/SOX9/MATN3/CHI3L1/LOXL2/SULF1/MMP13/CER1/SERPINH1/HMGA2/ADAMTS12/WNT7A/FGF18/STC1/RUNX1/CBS/LOC102724560/MSX1/COL3A1/AXIN2/SHOX2/SIX2/BBS1/BGN/HYAL3/WNT7B/COL27A1/SCX",49
"GO:0060675","ureteric bud morphogenesis","21/2712","68/16800",0.308823529411765,1.91306611140031,3.31012686291054,0.00180631371476363,0.041340593964063,0.0377899842957129,"PAX2/WNT11/SIX4/EYA1/FGF8/VEGFA/BMP4/SOX9/CITED1/SIX1/AGT/MYC/GREB1L/HS3ST3A1/KIF26B/SHH/SIX2/TACSTD2/WT1/FOXD1/LHX1",21
"GO:0001503","ossification","92/2712","427/16800",0.215456674473068,1.33468736399246,3.07362591177972,0.0018204358043551,0.0415016862946168,0.0379372409279489,"CYP24A1/IBSP/VCAN/FOXC1/COL11A1/CBFB/FSTL3/PTGS2/WNT11/SNX10/TXLNG/BAMBI/BMP7/OXT/CCN4/FBL/COMP/DLX5/ATP6V0A4/GTPBP4/DKK1/WNT3/COL1A1/AREG/CALCA/CYP27B1/VEGFA/LOX/WNT5A/HSPE1/ATP6V1B1/SPP1/FGF23/MSX2/TNFSF11/TWIST1/TNFAIP6/SNAI1/AMELX/BMP4/SOX9/CITED1/SLC34A1/KREMEN2/FIGNL1/GRP/TFAP2A/MMP13/ITGA11/LEF1/CDH11/AHSG/SCUBE3/CER1/ADAMTS12/DMP1/WNT3A/FGF18/MMP14/STC1/RUNX1/CBS/LOC102724560/SHH/COL1A2/CTHRC1/DDX21/CLEC3A/IGF2/AXIN2/SHOX2/FASN/SP7/SIX2/CEBPB/FOXC2/ERFE/SOX2/NOTUM/IFITM1/WNT7B/FZD9/IARS1/CCDC154/SMOC1/COL5A2/IFITM5/PAM16/BGLAP/CLEC5A/SCX/CCL3",92
"GO:0000079","regulation of cyclin-dependent protein serine/threonine kinase activity","23/2712","77/16800",0.298701298701299,1.85036202735318,3.28136100356351,0.00183915614306714,0.0416046943715459,0.038031401974906,"IPO5/TFAP4/CDC6/CDKN3/CDK5RAP1/GTPBP4/CDK5RAP3/CCND1/PROX1/PKMYT1/PSRC1/CDKN2A/CDC25C/SPDYA/CDC25A/PLK1/SPDYE5/SPDYE2B/SPDYE16/SPDYE17/BLM/SPDYC/SPDYE3",23
"GO:0072078","nephron tubule morphogenesis","23/2712","77/16800",0.298701298701299,1.85036202735318,3.28136100356351,0.00183915614306714,0.0416046943715459,0.038031401974906,"PAX2/WNT11/SIX4/EYA1/FGF8/VEGFA/BMP4/SOX9/CITED1/SIX1/AGT/MYC/GREB1L/HS3ST3A1/KIF26B/SHH/IRX2/SIX2/IRX3/TACSTD2/WT1/FOXD1/LHX1",23
"GO:0045861","negative regulation of proteolysis","63/2712","274/16800",0.22992700729927,1.42432659388928,3.10708793509789,0.0018592852950985,0.0418982790153158,0.038299771584863,"ANOS1/DPEP1/CD44/SERPINB3/PTGS2/PAX2/CPB2/BIRC5/HSP90AB1/SERPIND1/SERPINA4/MMP9/R3HDML/BIRC7/CST4/EPPIN/TIMP1/ITIH6/SERPINE1/AMBP/SLCO1B3/VEGFA/COL7A1/SPINK4/PLAU/SERPINA7/WFDC3/CSTL1/PCID2/BCL2L12/PRKCG/IFI6/CHAC1/USP26/SERPINE2/SERPINA10/ACP4/SPINK7/CDKN2A/SERPINH1/SPINT4/ITIH2/WFDC8/SHH/SERPINB7/A2ML1/SERPINF2/PBK/WFDC13/CST5/CST2/CST1/CST6/F2/WFDC10A/MAGEA3/SERPINB2/SERPINB13/SERPINB4/SERPINB5/SERPINE3/SLCO1B3-SLCO1B7/PANO1",63
"GO:0046545","development of primary female sexual characteristics","29/2712","105/16800",0.276190476190476,1.71091445427729,3.20612660795269,0.00196994663912765,0.0437256028504039,0.0399701524964481,"FOXC1/MSH4/AFP/AMH/RETN/VEGFA/INHBA/TNFAIP6/INHA/EREG/VGF/CGA/NR5A1/CYP19A1/BRCA2/GAS2/MMP14/INHBB/CEBPB/UMODL1/ZFP42/FOXL2/WT1/ROBO2/HYAL3/FANCA/ZP3/FANCG/DACH1",29
"GO:0015801","aromatic amino acid transport","7/2712","13/16800",0.538461538461538,3.3356024506467,3.69611894962389,0.00197022685654662,0.0437256028504039,0.0399701524964481,"SLC38A5/SLC7A5/SLC7A1/SLC3A2/SLC38A3/SLC25A29/SLC6A14",7
"GO:0033079","immature T cell proliferation","7/2712","13/16800",0.538461538461538,3.3356024506467,3.69611894962389,0.00197022685654662,0.0437256028504039,0.0399701524964481,"FOXP3/RIPK2/IL1A/BMP4/IL1B/CDKN2A/SHH",7
"GO:0033080","immature T cell proliferation in thymus","7/2712","13/16800",0.538461538461538,3.3356024506467,3.69611894962389,0.00197022685654662,0.0437256028504039,0.0399701524964481,"FOXP3/RIPK2/IL1A/BMP4/IL1B/CDKN2A/SHH",7
"GO:0010714","positive regulation of collagen metabolic process","11/2712","27/16800",0.407407407407407,2.52376270075385,3.47660806492392,0.00198872781510862,0.0439696462970618,0.0401932358421952,"INHBA/AMELX/BMP4/CBX8/RUNX1/UCN/ITGA2/SERPINB7/SERPINF2/F2/SCX",11
"GO:1904888","cranial skeletal system development","22/2712","73/16800",0.301369863013699,1.86689295672203,3.25671505805277,0.00201764897935569,0.0441108658159629,0.0403223264741817,"FGF4/LRP2/TBX15/SIX4/FGF8/PRRX1/MSX2/MTHFD1L/TWIST1/BMP4/SIX1/TFAP2A/CEP55/SLC39A1/EDNRA/NODAL/MMP14/FREM1/SIX2/FOXC2/IRX5/LHX1",22
"GO:0002065","columnar/cuboidal epithelial cell differentiation","34/2712","129/16800",0.263565891472868,1.63270906222131,3.16504559253197,0.00203309386375528,0.0441108658159629,0.0403223264741817,"PAX6/DLX3/PKP1/WNT11/BMP7/SERPINE1/LHX3/FGF8/B9D1/WNT5A/WDR77/PROX1/SOX4/BMP4/SOX9/EMX1/GATA4/LEF1/PDX1/VAX1/NKX6-2/DSPP/NODAL/MSX1/NKX6-1/NKX6-3/WDR72/IL13/FASN/ONECUT1/OTP/CEBPB/POU3F2/NTF4",34
"GO:0007498","mesoderm development","34/2712","129/16800",0.263565891472868,1.63270906222131,3.16504559253197,0.00203309386375528,0.0441108658159629,0.0403223264741817,"FOXC1/PAX2/WNT11/DLL3/PUS7/BMP7/EYA1/AMH/MEST/FGF8/DKK1/WNT3/VEGFA/WNT5A/INHBA/SNAI1/BMP4/LEF1/CER1/HMGA2/POU4F1/WNT3A/NODAL/ITGA2/TBXT/TBX20/SHH/SIX2/FOXC2/IRX3/HES7/APELA/SCX/LHX1",34
"GO:0002778","antibacterial peptide production","6/2712","10/16800",0.6,3.71681415929204,3.77047851206751,0.00204781626590577,0.0441108658159629,0.0403223264741817,"PGC/MMP7/NOD2/KLK5/EVPL/KLK7",6
"GO:0021683","cerebellar granular layer morphogenesis","6/2712","10/16800",0.6,3.71681415929204,3.77047851206751,0.00204781626590577,0.0441108658159629,0.0403223264741817,"CBLN1/PROX1/KIF14/SERPINE2/WNT7A/KNDC1",6
"GO:0048340","paraxial mesoderm morphogenesis","6/2712","10/16800",0.6,3.71681415929204,3.77047851206751,0.00204781626590577,0.0441108658159629,0.0403223264741817,"FOXC1/WNT11/WNT5A/LEF1/WNT3A/FOXC2",6
"GO:1901993","regulation of meiotic cell cycle phase transition","6/2712","10/16800",0.6,3.71681415929204,3.77047851206751,0.00204781626590577,0.0441108658159629,0.0403223264741817,"CDC25B/TTK/PKMYT1/CDC25C/CDC25A/MAPK15",6
"GO:0045740","positive regulation of DNA replication","15/2712","43/16800",0.348837209302326,2.16093846470467,3.34431502333355,0.00210421034169364,0.0451595911794251,0.0412809802141402,"DBF4/CDC7/CDK2/EREG/MAS1/PCNA/DNA2/NPM2/DBF4B/UCN/CDC25A/E2F7/CDT1/CDK1/ATAD5",15
"GO:0045604","regulation of epidermal cell differentiation","19/2712","60/16800",0.316666666666667,1.96165191740413,3.2739925466619,0.00212044944508462,0.0453420193385066,0.0414477402097217,"FOXC1/PKP1/SULT2B1/EZH2/SFRP4/CYP27B1/MSX2/BMP4/KRT36/GRHL1/REG3G/ABCA12/KRT84/IL20/AQP3/REG3A/ETV4/ZBED2/NME2",19
"GO:0072001","renal system development","73/2712","328/16800",0.222560975609756,1.37869630908698,3.03890213014777,0.00215640883049745,0.0458795533994915,0.0419391072118671,"ADAMTS6/FOXC1/NLE1/NOTCH3/PAX2/TP73/ARG2/LRP2/WNT11/ANGPT2/COMT/CYP26A1/UPK3A/SIX4/MMP9/BMP7/RPGRIP1L/CTSH/EYA1/CALB1/EZH2/FGF8/PTK7/VEGFA/TBX18/WNT5A/ODC1/PROX1/CENPF/HELLS/HOXC11/SOX4/BMP4/SOX9/CITED1/SIX1/LIF/FOXJ1/SLC34A1/LIN28A/AGT/MYC/TFAP2A/SULF1/STRA6/RBP4/LGR5/GREB1L/REN/CER1/PTPRO/EDNRA/HS3ST3A1/CYP4A22/KIF26B/SHH/ANKS6/SERPINB7/AQP2/PCSK9/IRX2/SIX2/FOXC2/GPR4/IRX3/TACSTD2/WT1/ROBO2/COL4A1/WNT7B/MME/FOXD1/LHX1",73
"GO:0000460","maturation of 5.8S rRNA","13/2712","35/16800",0.371428571428571,2.30088495575221,3.38012702012739,0.00216198923651925,0.0458795533994915,0.0419391072118671,"EXOSC7/EXOSC3/RCL1/EXOSC8/RPP40/EXOSC2/WDR12/URB1/RPS21/EXOSC4/RRS1/PRKDC/BOP1",13
"GO:0007281","germ cell development","76/2712","344/16800",0.22093023255814,1.36859436097963,3.03059327299197,0.00218172102662584,0.0458795533994915,0.0419391072118671,"ZPBP/ASPM/TRIP13/MOV10L1/AURKA/ANGPT2/PLA2G3/CCNB1IP1/CDC25B/OCA2/KLC3/AMH/RSPH6A/IFT56/CHN2/GALNTL5/SHB/PCSK4/WDR77/PMFBP1/ARMC2/PAEP/TNFAIP6/SEMG2/SEMG1/TCP11/EREG/PIWIL1/BMP4/LIN28A/RAN/BRIP1/DMRT1/BRDT/LGR5/BRCA2/ZMYND15/TPGS1/DNMT3L/DMRTA2/HORMAD1/AKAP4/EDNRA/CABYR/SPAG17/NODAL/DRC1/NPM2/DRC7/CFAP157/KASH5/TDRD5/INHBB/SPDYA/DCAF13/CFAP47/ARMC3/SOHLH1/CCDC38/IGF2/IQCF1/CATSPERD/ZAR1/FAM9A/REC114/FOXL2/WT1/CFAP73/NANOS3/ZP3/CATSPER4/CFAP43/MEIG1/FANCG/MEIOSIN/ETV5",76
"GO:0060348","bone development","51/2712","214/16800",0.238317757009346,1.47630468943843,3.07668333867118,0.00218744291972802,0.0458795533994915,0.0419391072118671,"FOXC1/CLDN18/FGF4/EPYC/SNX10/PLS3/CCN4/COMP/DLX5/SFRP4/FGF8/KAT2A/COL1A1/TRPV4/LOX/P3H1/MSX2/TNFSF11/TWIST1/BMP4/SOX9/TTC9/TFAP2A/SULF1/MMP13/CER1/SERPINH1/ADAMTS12/FGF18/MMP14/STC1/CBS/LOC102724560/MSX1/SLC9B2/FREM1/COL3A1/AXIN2/SHOX2/ATG9B/BGN/SPNS2/NOTUM/COL27A1/SIGLEC15/CCDC154/SP5/IFITM5/BGLAP/SCX/SRD5A2",51
"GO:0008585","female gonad development","28/2712","101/16800",0.277227722772277,1.71733987558048,3.17250498970585,0.00219684145413819,0.0458795533994915,0.0419391072118671,"FOXC1/MSH4/AFP/AMH/RETN/VEGFA/INHBA/TNFAIP6/INHA/EREG/VGF/CGA/NR5A1/CYP19A1/BRCA2/GAS2/MMP14/INHBB/CEBPB/UMODL1/ZFP42/FOXL2/WT1/ROBO2/HYAL3/FANCA/ZP3/FANCG",28
"GO:0048645","animal organ formation","21/2712","69/16800",0.304347826086957,1.88534051558292,3.23322420264034,0.00220823247288899,0.0458795533994915,0.0419391072118671,"PAX2/LRP2/WNT11/TBX5/BMP7/EYA1/WNT2/FGF8/DKK1/FOLR1/WNT5A/HOXC11/BMP4/SIX1/TBR1/SULF1/SHH/AXIN2/WT1/ROBO2/NTF4",21
"GO:0060415","muscle tissue morphogenesis","21/2712","69/16800",0.304347826086957,1.88534051558292,3.23322420264034,0.00220823247288899,0.0458795533994915,0.0419391072118671,"FOXC1/COL11A1/LRP2/WNT2/TNNC1/PROX1/TNNT2/TNNI3/MYBPC3/ANKRD1/EDNRA/POU4F1/TBX20/COL3A1/SHOX2/CHD7/FOXC2/ZFPM1/MYL11/NKX2-5/MYH6",21
"GO:0072171","mesonephric tubule morphogenesis","21/2712","69/16800",0.304347826086957,1.88534051558292,3.23322420264034,0.00220823247288899,0.0458795533994915,0.0419391072118671,"PAX2/WNT11/SIX4/EYA1/FGF8/VEGFA/BMP4/SOX9/CITED1/SIX1/AGT/MYC/GREB1L/HS3ST3A1/KIF26B/SHH/SIX2/TACSTD2/WT1/FOXD1/LHX1",21
"GO:0048736","appendage development","46/2712","189/16800",0.243386243386243,1.50770239265814,3.07966948090188,0.00225670138997585,0.0463896366368995,0.0424053810527294,"DLX6/PITX1/FGF4/HOXA9/TBX5/SALL4/BMP7/RSPO4/RPGRIP1L/COMP/DLX5/FGF8/DKK1/WNT3/B9D1/KAT2A/WNT5A/PRRX1/MSX2/TBX4/TWIST1/HOXC13/HOXC11/BMP4/SOX9/KREMEN2/RAX/TFAP2A/LEF1/CRABP2/SLC39A1/SLC7A11/WNT7A/KRT84/EN1/MSX1/SP8/SHH/COL3A1/SHOX2/CHD7/ZNRF3/CIBAR1/SMOC1/SP9/SCX",46
"GO:0060173","limb development","46/2712","189/16800",0.243386243386243,1.50770239265814,3.07966948090188,0.00225670138997585,0.0463896366368995,0.0424053810527294,"DLX6/PITX1/FGF4/HOXA9/TBX5/SALL4/BMP7/RSPO4/RPGRIP1L/COMP/DLX5/FGF8/DKK1/WNT3/B9D1/KAT2A/WNT5A/PRRX1/MSX2/TBX4/TWIST1/HOXC13/HOXC11/BMP4/SOX9/KREMEN2/RAX/TFAP2A/LEF1/CRABP2/SLC39A1/SLC7A11/WNT7A/KRT84/EN1/MSX1/SP8/SHH/COL3A1/SHOX2/CHD7/ZNRF3/CIBAR1/SMOC1/SP9/SCX",46
"GO:0001837","epithelial to mesenchymal transition","43/2712","174/16800",0.247126436781609,1.53087173227546,3.0883906073651,0.0022629982866444,0.0463896366368995,0.0424053810527294,"FOXC1/SERPINB3/TCOF1/WNT11/TBX5/BAMBI/BMP7/HPN/WNT2/EZH2/FGF8/COL1A1/VEGFA/WNT5A/MAD2L2/MSX2/TWIST1/SNAI1/AMELX/BMP4/SOX9/IL1B/POLR1B/FOXA2/GSC/LOXL2/AGT/NKX2-1/LEF1/ZNF750/HMGA2/EDNRA/ADAM8/SPSB3/PDPN/MSX1/TBX20/NOLC1/AXIN2/ALX1/SPRED3/SP6/SLC39A10",43
"GO:0170033","L-amino acid metabolic process","44/2712","179/16800",0.245810055865922,1.52271716023137,3.08479696294616,0.0022644540157285,0.0463896366368995,0.0424053810527294,"CPS1/ASNS/TYR/DCT/ARG2/CAD/PHGDH/MTAP/PRODH/OCA2/PYCR3/PLOD3/AADAT/KYNU/NDP/GNMT/PPAT/GAD1/SCLY/PSAT1/GLS2/MTHFS/BAAT/GCSH/PSPH/SLC7A11/MAT1A/TDO2/ACMSD/ALDH4A1/UROC1/CBS/LOC102724560/GPT2/GLYATL1/KYAT1/PAH/CTPS1/PIPOX/TH/SHMT2/PYCR1/PRODH2/ARHGAP11B",44
"GO:0060986","endocrine hormone secretion","18/2712","56/16800",0.321428571428571,1.99115044247788,3.2596117240549,0.00228151242401827,0.0465762414366657,0.0425759589708599,"GAL/RETN/GNRHR/SPP1/INHBA/INHA/IL1B/CGA/AGT/CYP19A1/REN/INHBB/UCN/TRPV6/KISS1/HCAR2/FOXL2/FOXD1",18
"GO:0001578","microtubule bundle formation","34/2712","130/16800",0.261538461538462,1.62014976174268,3.11431360922023,0.00233445756325583,0.0474916210524858,0.0434127195973891,"ZMYND10/DNAH5/PLA2G3/SPEF1/RP1/RSPH6A/ODAD1/IFT56/KIF20A/ARMC2/DAW1/LRRC61/DNAAF11/FOXJ1/PSRC1/TPGS1/CFAP74/SPAG17/HYDIN/DRC1/LRRC43/DRC7/PIERCE1/CFAP157/CFAP47/PLK1/DNAAF3/CFAP46/RP1L1/DNAH2/CFAP73/CFAP43/MEIG1/DNAAF4",34
"GO:0048332","mesoderm morphogenesis","22/2712","74/16800",0.297297297297297,1.84166467352308,3.18361688265659,0.0024411815678694,0.0491406650284244,0.0449201325292844,"FOXC1/PAX2/WNT11/BMP7/EYA1/DKK1/WNT3/WNT5A/INHBA/SNAI1/BMP4/LEF1/HMGA2/WNT3A/NODAL/ITGA2/TBXT/TBX20/SIX2/FOXC2/APELA/SCX",22
"GO:0010951","negative regulation of endopeptidase activity","27/2712","97/16800",0.278350515463918,1.72429522853754,3.13881801783767,0.00244906540165556,0.0491406650284244,0.0449201325292844,"DPEP1/CD44/SERPINB3/PTGS2/PAX2/BIRC5/SERPIND1/SERPINA4/MMP9/TIMP1/SERPINE1/VEGFA/SERPINA7/PCID2/BCL2L12/IFI6/SERPINE2/SERPINA10/SERPINH1/SERPINB7/SERPINF2/MAGEA3/SERPINB2/SERPINB13/SERPINB4/SERPINB5/SERPINE3",27
"GO:0022404","molting cycle process","27/2712","97/16800",0.278350515463918,1.72429522853754,3.13881801783767,0.00244906540165556,0.0491406650284244,0.0449201325292844,"CDH3/DLX3/GAL/FERMT1/FZD3/DKK4/DKK1/WNT5A/MSX2/INHBA/HOXC13/SNAI1/SOX21/SOX9/TNFRSF19/KRT17/EDAR/LGR5/KRT71/APCDD1/KRT84/FOXQ1/SHH/DNASE1L2/DSG4/TSPEAR/FOXI3",27
"GO:0022405","hair cycle process","27/2712","97/16800",0.278350515463918,1.72429522853754,3.13881801783767,0.00244906540165556,0.0491406650284244,0.0449201325292844,"CDH3/DLX3/GAL/FERMT1/FZD3/DKK4/DKK1/WNT5A/MSX2/INHBA/HOXC13/SNAI1/SOX21/SOX9/TNFRSF19/KRT17/EDAR/LGR5/KRT71/APCDD1/KRT84/FOXQ1/SHH/DNASE1L2/DSG4/TSPEAR/FOXI3",27
