"baseMean","log2FoldChange","lfcSE","stat","pvalue","padj","ensembl_id","gene_symbol"
865.546429350194,-1.22559471789032,0.18628960988793,-6.5789751700464,4.73701861109658e-11,2.55433596831459e-10,"ENSG00000000971","CFH"
353.734748792111,-1.19408735848442,0.0848717054377065,-14.0693220706027,5.86287303770709e-45,3.64740905632241e-43,"ENSG00000001460","STPG1"
8865.69670607842,-1.9316397667527,0.169334937333566,-11.40721340303,3.84861793263271e-30,9.14510591198577e-29,"ENSG00000002726","AOC1"
102.075737096729,-1.31034927944032,0.211033473364185,-6.20920112127909,5.3254630525717e-10,2.57934086649312e-09,"ENSG00000003137","CYP26B1"
200.651965468352,-1.04836929206416,0.229524895550717,-4.56756244044342,4.93428715516647e-06,1.47357882751814e-05,"ENSG00000004468","CD38"
184.793028466477,-2.96627551729833,0.311718978423649,-9.51586436058101,1.80208450671107e-21,2.3719528596207e-20,"ENSG00000004776","HSPB6"
1025.34448879657,-3.33644418606385,0.196747823821103,-16.9579725013761,1.68043583828889e-64,3.10614022474485e-62,"ENSG00000004799","PDK4"
8.83415193869794,-3.07914154595487,0.433987317528741,-7.09500352104403,1.29348192278373e-12,8.167268760924e-12,"ENSG00000004846","ABCB5"
2.45507269120697,-1.27325794740543,0.396872118001674,-3.20823229864704,0.00133553577658783,0.00268132344660429,"ENSG00000004939","SLC4A1"
70.997786648602,-1.42347259013071,0.206997909798228,-6.8767486179848,6.12340242995245e-12,3.61416108726408e-11,"ENSG00000005102","MEOX1"
284.296587767811,-1.83379227726939,0.206643278311046,-8.87419272602279,7.04424863143448e-19,7.56297757980345e-18,"ENSG00000005249","PRKAR2B"
505.69783654449,-1.37889581626214,0.11388371781031,-12.1079276544071,9.58861775591199e-34,2.90050029002005e-32,"ENSG00000005469","CROT"
419.994919400819,-1.11961671397336,0.185564253226614,-6.03357971433252,1.60366825230898e-09,7.36545613385778e-09,"ENSG00000005844","ITGAL"
902.716785011185,-1.0533186651723,0.126500428815143,-8.32660153833579,8.31961852446485e-17,7.66693128979147e-16,"ENSG00000005882","PDK2"
34.5432119257466,-1.08632491241279,0.23686622422859,-4.58623814328386,4.51303807238807e-06,1.35366496153147e-05,"ENSG00000006016","CRLF1"
16.4025063510436,-1.96852799355115,0.291630674767135,-6.75007179928176,1.47772010709287e-11,8.38457865368945e-11,"ENSG00000006071","ABCC8"
1212.92600186723,-1.76366016300561,0.119477014355206,-14.7615018045416,2.59438671810725e-49,2.09111920652137e-47,"ENSG00000006555","TTC22"
624.66066143386,-2.26036230450095,0.170188167257396,-13.2815479532271,2.96206862070361e-40,1.39050857460551e-38,"ENSG00000006740","ARHGAP44"
715.685582492684,-2.75555570274569,0.219512838257657,-12.5530503118515,3.82486771852345e-36,1.34173986472693e-34,"ENSG00000006747","SCIN"
394.361781955233,-2.25676715029643,0.361573712597422,-6.24151333924303,4.33357472933004e-10,2.11867939494598e-09,"ENSG00000007216","SLC13A2"
694.519033152777,-1.56362142746488,0.175437122345044,-8.91271702684226,4.97969568374548e-19,5.41290245838175e-18,"ENSG00000007237","GAS7"
94.103131120326,-1.14251823321144,0.216972811929029,-5.26572072811203,1.39640426960836e-07,5.10386490670527e-07,"ENSG00000007264","MATK"
13666.003659826,-4.40575064889116,0.315849462469665,-13.9488939270058,3.19522195315111e-44,1.92248354354931e-42,"ENSG00000007306","CEACAM7"
63.3936657475599,-1.99433457815864,0.222385571793282,-8.96791352998597,3.02184132994196e-19,3.33756775674457e-18,"ENSG00000007312","CD79B"
10.5003064878384,-1.85658490374611,0.280422439217261,-6.62067168707455,3.57570344548131e-11,1.95083113904385e-10,"ENSG00000007314","SCN4A"
0.72607802882867,-2.3677609494674,0.674600803212783,-3.50986974547161,0.000448326255613998,0.000980143270191707,"ENSG00000008196","TFAP2B"
2243.43193027891,-1.04723526809016,0.130309447339501,-8.03652604988609,9.24213079615679e-16,7.82325413297754e-15,"ENSG00000008323","PLEKHG6"
17.3955323614104,-1.29626033641865,0.351613161116742,-3.686609262013,0.000227261891417887,0.000522080421805899,"ENSG00000009694","TENM1"
0.943636257896608,-1.98801389792371,0.443643927098069,-4.48110247091076,7.42584447147895e-06,2.1665005493622e-05,"ENSG00000010282","HHATL"
229.343947875965,-2.03968183406719,0.19362389040749,-10.5342467284103,6.00621980019687e-26,1.08719930630023e-24,"ENSG00000010319","SEMA3G"
1633.60840980222,-1.55384319007178,0.174320248634839,-8.91372747710292,4.93450190996684e-19,5.36681173783578e-18,"ENSG00000010327","STAB1"
1212.7547850888,-1.04712258876295,0.168896499693666,-6.19978857265932,5.65390614689317e-10,2.73085087474374e-09,"ENSG00000010610","CD4"
147.922587029834,-1.50738440437203,0.185586121192566,-8.12229058232191,4.57466421593102e-16,3.96309407638351e-15,"ENSG00000010671","BTK"
750.698384056043,-1.25469086601025,0.0865451124708003,-14.4975357959535,1.25577724446551e-47,9.09244213144358e-46,"ENSG00000011198","ABHD5"
7234.72152011137,-1.74554549517188,0.204633813130388,-8.53009318679733,1.46229876459936e-17,1.43567417269029e-16,"ENSG00000011465","DCN"
127.796568057778,-2.4198032725644,0.281033712589372,-8.61036652958448,7.28273468091183e-18,7.27648909243807e-17,"ENSG00000012124","CD22"
191.290597869689,-1.0578083804572,0.25044786259978,-4.22366703183887,2.40359081743292e-05,6.48907072241018e-05,"ENSG00000012223","LTF"
87.6141644473726,-3.91861143158436,0.370101937549145,-10.5879246607943,3.3902477440109e-26,6.24855489041165e-25,"ENSG00000012504","NR1H4"
10.963727251567,-3.5224502106872,0.451574765345241,-7.80036990772544,6.17259709579617e-15,4.86008274712421e-14,"ENSG00000013293","SLC7A14"
45.9318662923348,-2.15870202311125,0.249084830626849,-8.66653347648123,4.45475781626625e-18,4.4929715047741e-17,"ENSG00000013297","CLDN11"
248.198660864495,-1.0805716990116,0.168466184790284,-6.41417564217269,1.41586895306584e-10,7.29606133742427e-10,"ENSG00000015285","WAS"
5.86138439171752,-4.30588493299062,0.360730298796506,-11.9365768480114,7.62991395303682e-33,2.15696545406181e-31,"ENSG00000015592","STMN4"
14650.2029669373,-2.51601997754818,0.4575839754608,-5.49848795516599,3.83061700170526e-08,1.49579252350764e-07,"ENSG00000016490","CLCA1"
3934.65191329649,-5.43006096335566,0.438504361900102,-12.3831401353146,3.22474185672557e-35,1.0781013057872e-33,"ENSG00000016602","CLCA4"
28.6352806974911,-1.69298040374057,0.279018392961086,-6.06763011489599,1.29811442197183e-09,6.02833738151359e-09,"ENSG00000017427","IGF1"
62.9008689945513,-2.55171780112578,0.336199607620455,-7.58988928983666,3.20178933607343e-14,2.36229504133593e-13,"ENSG00000018236","CNTN1"
986.063764429241,-1.0478267026345,0.186409653534036,-5.62109677674595,1.8974893543077e-08,7.68652125224613e-08,"ENSG00000018408","WWTR1"
180.994918032044,-4.80642167421045,0.349188716170161,-13.7645389201759,4.16533194465625e-43,2.29433405839826e-41,"ENSG00000018625","ATP1A2"
15.6302403077015,-1.35198166140912,0.188618686922569,-7.16780337869776,7.62106488031286e-13,4.9352717105169e-12,"ENSG00000018869","ZNF582"
1312.5794006346,-2.8242463647689,0.322914276746261,-8.74611798904184,2.20818213669857e-18,2.28650629166846e-17,"ENSG00000019102","VSIG2"
534.202565168924,-1.01076579864235,0.159098034927575,-6.35310045848446,2.11017807475609e-10,1.06820298143709e-09,"ENSG00000020577","SAMD4A"
1365.77772028667,-3.29065304965108,0.209835419607088,-15.6820667159661,2.00618918386726e-55,2.30244643439237e-53,"ENSG00000022267","FHL1"
921.44688753203,-1.51349905065877,0.151695856689688,-9.97719439203148,1.91813764039347e-23,2.90913758817387e-22,"ENSG00000023902","PLEKHO1"
1827.13363455239,-1.23791381625048,0.182851979002086,-6.77003236719878,1.28753587946385e-11,7.36010601063112e-11,"ENSG00000024422","EHD2"
88.1582080755554,-1.40508183887814,0.172274535793861,-8.15606225495465,3.46124087727071e-16,3.03545456223602e-15,"ENSG00000025423","HSD17B6"
564.18820919232,-1.17442669778455,0.149903266732072,-7.83456373825162,4.70473367686929e-15,3.74034110162517e-14,"ENSG00000026103","FAS"
69.8307890677427,-1.45845414274423,0.306602272702787,-4.75682756650018,1.96659012862654e-06,6.19648341872682e-06,"ENSG00000026559","KCNG1"
590.533171365115,-1.80351196287248,0.223526430460081,-8.06845060407551,7.11958613981781e-16,6.09356098124278e-15,"ENSG00000026751","SLAMF7"
187.344896456766,-1.35996152051371,0.193607652032536,-7.02431699489423,2.15115921669399e-12,1.32753801611932e-11,"ENSG00000028277","POU2F2"
20.9059479374651,-3.6202537916489,0.327617714719859,-11.0502382166499,2.1863395787382e-28,4.67509442623736e-27,"ENSG00000030304","MUSK"
20.3846478439565,-1.38516027971248,0.204092478258742,-6.78692468987722,1.14548963423463e-11,6.58010458201386e-11,"ENSG00000033122","LRRC7"
4.56850335391828,-1.50823499179309,0.246856367981119,-6.10976740899165,9.97764445953304e-10,4.69535491475725e-09,"ENSG00000034239","CLXN"
23.2427227906428,-4.8691425571031,0.557959795042535,-8.72669070489551,2.62232979854554e-18,2.70151966143302e-17,"ENSG00000034971","MYOC"
6229.93881023407,-1.05443755176552,0.106777111529779,-9.87512713781782,5.33652442629444e-23,7.84601738499971e-22,"ENSG00000035403","VCL"
20.8862127490054,-2.29891271759224,0.250737579461621,-9.1686005844374,4.79199254391339e-20,5.66885345648732e-19,"ENSG00000035720","STAP1"
117.173944324643,-1.42706636652531,0.367935699582789,-3.87857543626101,0.000105069945876143,0.000255510702662877,"ENSG00000036473","OTC"
186.293027253442,-4.18587717620661,0.205339334745723,-20.3851696577769,2.26430177516692e-92,1.31902439924004e-89,"ENSG00000036672","USP2"
4.35918867254088,-3.12526387721972,0.345287683924005,-9.05118839369773,1.41420717565023e-19,1.60484130112823e-18,"ENSG00000036828","CASR"
32.5324911022556,-2.27555607928393,0.27231043541634,-8.35647769357347,6.46186450891534e-17,6.00530105811622e-16,"ENSG00000038295","TLL1"
17.0128547455877,-1.59107736195514,0.334585836413131,-4.75536376259081,1.98089409139176e-06,6.23695316777814e-06,"ENSG00000039537","C6"
192.235789950067,-3.79498429439562,0.378849320167335,-10.0171337056099,1.2816598750175e-23,1.97025098819663e-22,"ENSG00000039987","BEST2"
848.273866627279,-2.70198189236995,0.116274524169611,-23.237952695713,1.88321757118956e-119,2.58585949855446e-116,"ENSG00000040199","PHLPP2"
1.79448706312328,-3.82400573878722,0.439846802977655,-8.69394914979407,3.50054403275634e-18,3.56612126198683e-17,"ENSG00000040731","CDH10"
4269.82724960866,-1.9477630372681,0.0959613571496056,-20.2973685983984,1.3565736157216e-91,7.78450534382814e-89,"ENSG00000042445","RETSAT"
302.285902663581,-1.32315531789067,0.202069415329132,-6.54802368649161,5.83034739206311e-11,3.11360956995743e-10,"ENSG00000042980","ADAM28"
279.450166567046,-1.91621647645883,0.265233730005303,-7.22463344469997,5.02455259586496e-13,3.31182879570067e-12,"ENSG00000043039","BARX2"
39.9592006135594,-1.14711365907648,0.264968182814518,-4.3292505797931,1.49617616354184e-05,4.1692748394356e-05,"ENSG00000043591","ADRB1"
391.158965894937,-6.3101552364589,0.430206181498878,-14.6677465546258,1.03733236183557e-48,8.05703380110954e-47,"ENSG00000044012","GUCA2B"
127.403788974659,-1.00624397341082,0.212845261847828,-4.72758455920069,2.27206454377827e-06,7.09457680826809e-06,"ENSG00000044524","EPHA3"
155.960439192623,-2.34623266283735,0.208955129528946,-11.2284042422243,2.95771958941574e-29,6.62291467992236e-28,"ENSG00000046653","GPM6B"
113.786853025827,-1.18945934108205,0.200771175473204,-5.92445274217563,3.13339099665822e-09,1.39062084322427e-08,"ENSG00000046889","PREX2"
542.932167826649,-1.16345021584608,0.116790947107733,-9.96181848557896,2.239287307197e-23,3.38020726736565e-22,"ENSG00000047346","ATOSA"
144.06577960078,-1.97677624991716,0.321974039019145,-6.13955167298322,8.27547024192989e-10,3.93089948593376e-09,"ENSG00000047457","CP"
26.0017604097501,-1.0054689039495,0.373330365240541,-2.693241690377,0.00707609530834921,0.0124595665820976,"ENSG00000047936","ROS1"
188.432616756332,-1.652876924844,0.213789294440891,-7.73133626343013,1.06423496215886e-14,8.2194940920293e-14,"ENSG00000048052","HDAC9"
80.5616148858049,-3.29850696010896,0.29002241292313,-11.3732829365268,5.68098821996845e-30,1.33588351127295e-28,"ENSG00000048462","TNFRSF17"
166.173798216705,-3.39106878047443,0.30938034781955,-10.9608409337373,5.89490327343567e-28,1.23040904535169e-26,"ENSG00000048540","LMO3"
992.266631209812,-1.14349764964465,0.151838010293959,-7.53103684269065,5.03389808680051e-14,3.63930574921435e-13,"ENSG00000049130","KITLG"
300.69137694339,-1.59031351601096,0.17295683251345,-9.19485800531927,3.75490191472194e-20,4.48059323138779e-19,"ENSG00000049246","PER3"
2293.80794499828,-1.25760354172836,0.0980252773482685,-12.8293800920378,1.12258772835253e-37,4.3508195959647e-36,"ENSG00000049759","NEDD4L"
17.1006222115351,-3.21652599259764,0.348845910982966,-9.22047784230644,2.95779138651245e-20,3.55369391991388e-19,"ENSG00000050030","NEXMIF"
6025.60355641109,-1.43995231315235,0.122491238185658,-11.7555535765737,6.61259465259981e-32,1.76184633824328e-30,"ENSG00000050405","LIMA1"
134.156207474122,-1.16076237814676,0.197052080121633,-5.89063752805992,3.84708552312895e-09,1.68768709616315e-08,"ENSG00000050555","LAMC3"
36.3117419503058,-1.27755098290689,0.175062689362327,-7.29767712103833,2.92778182471105e-13,1.97101081797699e-12,"ENSG00000050767","COL23A1"
1451.43369622904,-1.10278414747759,0.115495523512791,-9.54828476408839,1.31861271122154e-21,1.74876519173282e-20,"ENSG00000052795","FNIP2"
1434.4066188812,-1.25459431458673,0.115681217946981,-10.845272351487,2.10009442641332e-27,4.23177832349648e-26,"ENSG00000053254","FOXN3"
16.2711110158793,-3.27219015804727,0.269732457824261,-12.1312436198509,7.21453993037902e-34,2.20315660606261e-32,"ENSG00000053328","METTL24"
81.5441494215778,-2.29643900088236,0.232721375379732,-9.86776138262012,5.74320152142344e-23,8.42139088078441e-22,"ENSG00000053438","NNAT"
94.8444988375269,-1.7653649482174,0.134811280097492,-13.0950833412511,3.51288522114367e-39,1.53826763208782e-37,"ENSG00000054277","OPN3"
64.5425649453184,-1.55358307014103,0.275200585978114,-5.64527529844932,1.64917137570256e-08,6.72810822173559e-08,"ENSG00000054356","PTPRN"
7.90605704569636,-1.46250065905981,0.258915425561757,-5.64856518643758,1.61792502078894e-08,6.60764428237437e-08,"ENSG00000055813","CCDC85A"
1.80078557227853,-1.19677828937121,0.361991002253518,-3.30609954921766,0.000946044701345725,0.00195425427856432,"ENSG00000056487","PHF21B"
995.801254997503,-2.48695914585563,0.140382450545689,-17.7155986107126,3.17828339811191e-70,8.36955217857593e-68,"ENSG00000057704","TMCC3"
2460.52875096758,-2.1255321769134,0.163873257147562,-12.9705860120875,1.79651570369342e-38,7.43494502259427e-37,"ENSG00000058668","ATP2B4"
2566.0932240118,-1.75594702156231,0.14145664482556,-12.4133229918445,2.21274781743071e-35,7.47570433539179e-34,"ENSG00000059728","MXD1"
275.657083844418,-3.48601672217222,0.259395305742764,-13.4390123683626,3.57171773911319e-41,1.75379095677758e-39,"ENSG00000059915","PSD"
393.984725237733,-1.76254504543081,0.139435280895144,-12.6405959389593,1.26094597875161e-36,4.56493314925265e-35,"ENSG00000060140","STYK1"
135.004121113869,-4.57902963894527,0.325295541099872,-14.0765213794905,5.29529092617442e-45,3.3157662905314e-43,"ENSG00000060566","CREB3L3"
1268.02447812923,-1.20209925198688,0.105066649758823,-11.4413018283752,2.5995525986117e-30,6.23487203735647e-29,"ENSG00000060762","MPC1"
62.7276392906434,-1.95477326126531,0.230329472771813,-8.48685683921094,2.12301039823263e-17,2.0529019311079e-16,"ENSG00000061455","PRDM6"
257.181809819181,-1.685456764993,0.269535331449269,-6.25319417654983,4.02141627018106e-10,1.97460269910155e-09,"ENSG00000062524","LTK"
9.89041414419627,-1.80248611777846,0.374577215706763,-4.81205487733011,1.49386318677152e-06,4.78461828905403e-06,"ENSG00000063015","SEZ6"
69.0278880808089,-3.58747066051334,0.341036959935336,-10.5193016651144,7.03933744647391e-26,1.2700206795147e-24,"ENSG00000064205","CCN5"
109.30183529434,-1.86548985562411,0.275132540832514,-6.78033158120587,1.1990037693829e-11,6.87518238948013e-11,"ENSG00000064300","NGFR"
141.191507013981,-1.35093988870288,0.168749058894727,-8.0056143575038,1.1887170504961e-15,9.95699443146481e-15,"ENSG00000064309","CDON"
209.641697375398,-1.33927215749869,0.135939872480148,-9.85194507736704,6.72300986110766e-23,9.82812015703446e-22,"ENSG00000064652","SNX24"
175.560273967835,-2.87530373330257,0.288921974091596,-9.9518347205776,2.47576067839387e-23,3.722548721244e-22,"ENSG00000064655","EYA2"
1819.80329063524,-2.5498382037462,0.220039843342231,-11.5880749823131,4.73658282214279e-31,1.1957150345563e-29,"ENSG00000064787","BCAS1"
54.504965365799,-1.18198314832718,0.26961011904073,-4.38404594209097,1.16495188476636e-05,3.30350384375366e-05,"ENSG00000064886","CHI3L2"
245.621869342422,-2.73933708624639,0.196617513132541,-13.9323147902893,4.03076858650237e-44,2.40265054023653e-42,"ENSG00000065320","NTN1"
59.0793618802339,-3.93410664441738,0.218800033974103,-17.9803749248185,2.77609050370736e-72,8.14750775542266e-70,"ENSG00000065325","GLP2R"
2.58712599815475,-3.1081782111401,0.427226046569276,-7.27525448436368,3.45768004056548e-13,2.31477319379455e-12,"ENSG00000065371","ROPN1"
5047.29088699092,-3.35206564201027,0.225204213685855,-14.8845600495121,4.15208703716937e-50,3.53175421057635e-48,"ENSG00000065534","MYLK"
10.4602476885142,-2.92583204613054,0.381745751350114,-7.66434737199509,1.79742811570315e-14,1.35607768376058e-13,"ENSG00000065609","SNAP91"
5122.13342419694,-1.13957293997065,0.224915528480147,-5.06667079712659,4.04833515329535e-07,1.39756075818215e-06,"ENSG00000065618","COL17A1"
1762.98948723235,-1.48455463782049,0.144997871384194,-10.2384581487196,1.33344400287887e-24,2.20787775963324e-23,"ENSG00000065809","FAM107B"
1970.97126133111,-1.00408889236071,0.094165904827873,-10.6629771592605,1.51663306859166e-26,2.86113795820136e-25,"ENSG00000065882","TBC1D1"
1284.25248276146,-3.64863568287461,0.287128608334757,-12.7073220047121,5.38470572765923e-37,2.00606377045847e-35,"ENSG00000066230","SLC9A3"
19.1781234909262,-1.90292976215465,0.238510756307829,-7.97838131752294,1.48264753312973e-15,1.23277140368164e-14,"ENSG00000066382","MPPED2"
700.975116175794,-2.21916233969676,0.215963964841252,-10.275613995733,9.0764634231457e-25,1.52053502932324e-23,"ENSG00000066468","FGFR2"
331.341899580751,-2.22939493676871,0.178054226426894,-12.520876260604,5.73979477467439e-36,2.00252168513527e-34,"ENSG00000066629","EML1"
0.906663321257525,-1.31661494554161,0.540865500720319,-2.43427422120316,0.0149216857135619,0.0245967265747434,"ENSG00000066813","ACSM2B"
769.777188177741,-1.94133436365965,0.10485358446706,-18.5147162448178,1.57122377559078e-76,5.59341115742024e-74,"ENSG00000067113","PLPP1"
4205.2959038952,-1.15345527147251,0.111352378721915,-10.3586046810287,3.82501015576651e-25,6.58576647822458e-24,"ENSG00000067141","NEO1"
202.315377702133,-1.29060563415969,0.124886172425457,-10.3342556593288,4.93226298016802e-25,8.41680935634797e-24,"ENSG00000067191","CACNB1"
63.8281628412086,-3.21575457141175,0.236569032284029,-13.5933031486169,4.38820161442284e-42,2.24054697834947e-40,"ENSG00000067840","PDZD4"
3.6403587881405,-3.35658568205615,0.357760460948374,-9.38221533245541,6.46008853551393e-21,8.15132996143432e-20,"ENSG00000067842","ATP2B3"
298.49728603442,-1.23672432837691,0.282941321505834,-4.37095692419535,1.23703197831858e-05,3.49065456663594e-05,"ENSG00000068615","REEP1"
1.01959099814841,-1.4962886525691,0.495690662247504,-3.01859358371771,0.00253950954774341,0.00486165033023408,"ENSG00000068781","STON1-GTF2A1L"
129.974261017771,-1.63921709763402,0.179944844422409,-9.10955300161901,8.27220856186167e-20,9.56803858537592e-19,"ENSG00000068831","RASGRP2"
74.5740418031581,-3.89360742183312,0.240556669650397,-16.1858219416312,6.34962772250659e-59,8.87724134717131e-57,"ENSG00000068976","PYGM"
5.1690915961053,-2.25129550938647,0.265527938568774,-8.47856357986739,2.27991145123409e-17,2.19743684045116e-16,"ENSG00000069018","TRPC7"
143.076748861637,-1.0093797405902,0.239845871314064,-4.20845159877062,2.57126590315024e-05,6.91107479914494e-05,"ENSG00000069431","ABCC9"
373.600307918347,-2.45552539781119,0.267569158727892,-9.17716155884905,4.42603957384798e-20,5.24885698629653e-19,"ENSG00000069535","MAOB"
731.422589381844,-1.18802703014361,0.176358816943888,-6.73641982142349,1.62336805202257e-11,9.15692950353755e-11,"ENSG00000069702","TGFBR3"
125.107841176853,-1.47642092944848,0.206662724972546,-7.14410849680128,9.05818355531863e-13,5.81596498248723e-12,"ENSG00000069764","PLA2G10"
967.345074895277,-1.64630046097324,0.110718286848906,-14.8692732504062,5.21766515569853e-50,4.38957488492651e-48,"ENSG00000069974","RAB27A"
52.8617233770615,-1.90396572579472,0.244008103723668,-7.80287907138896,6.05105290529909e-15,4.76828922012777e-14,"ENSG00000070193","FGF10"
4903.59410918944,-1.47171376422199,0.225722561639807,-6.52001179470246,7.03018631449468e-11,3.7291607786062e-10,"ENSG00000070526","ST6GALNAC1"
5.60300364411566,-3.58897500110765,0.27827237354679,-12.89734570257,4.65868685883567e-38,1.86965066452667e-36,"ENSG00000070729","CNGB1"
8.6062339541092,-4.70510570134074,0.436506696529396,-10.7790000445592,4.32562366388429e-27,8.51547634436043e-26,"ENSG00000070748","CHAT"
199.244121509638,-1.35047269572103,0.091916074208728,-14.6924540386082,7.20562045578946e-49,5.64225029865046e-47,"ENSG00000070759","TESK2"
546.983458665888,-1.50281881096227,0.0900999184972493,-16.6794691496658,1.84854261179561e-62,3.01147956761465e-60,"ENSG00000070778","PTPN21"
16.6976913325717,-1.4941742682307,0.257538814000385,-5.80174399742504,6.56287082709448e-09,2.80982956224166e-08,"ENSG00000070808","CAMK2A"
2123.37012294555,-1.02154554041162,0.106414512922148,-9.59968252788013,8.01910382095825e-22,1.08445474711355e-20,"ENSG00000070961","ATP2B1"
2261.82062086478,-1.31570283302887,0.115507519724406,-11.390624923538,4.6563809506908e-30,1.09830600252276e-28,"ENSG00000071073","MGAT4A"
1426.84232375433,-5.52073584858023,0.435575729115317,-12.6745717898314,8.18041927033324e-37,2.98966330500477e-35,"ENSG00000071203","MS4A12"
313.065735895969,-1.09315981949958,0.185145064746897,-5.90434220320149,3.54056568038621e-09,1.56141464457225e-08,"ENSG00000071205","ARHGAP10"
1771.79392080767,-2.08850790508283,0.189493032716803,-11.0215551207316,3.00816557449489e-28,6.38272305974642e-27,"ENSG00000071967","CYBRD1"
38.9940411806025,-4.08403271614618,0.404443111149223,-10.0979163782551,5.64283578724882e-24,8.89139784886703e-23,"ENSG00000071991","CDH19"
265.604923235684,-1.29422983221018,0.268077877125507,-4.82781289559474,1.38040694711233e-06,4.44307290880098e-06,"ENSG00000072133","RPS6KA6"
855.47821718814,-2.42952730128008,0.209670174761187,-11.5873767170142,4.77534705121023e-31,1.20323216675094e-29,"ENSG00000072163","LIMS2"
293.799818408425,-2.90324492148626,0.281595865203097,-10.3099699968689,6.35211488319984e-25,1.07585797759641e-23,"ENSG00000072195","SPEG"
82.2509572762949,-2.40035959330566,0.259903649681093,-9.23557478415922,2.56902953616782e-20,3.10602133890076e-19,"ENSG00000072657","TRHDE"
817.218000917419,-1.64186202434112,0.179227041823862,-9.16079408348818,5.15168143358739e-20,6.07566552383848e-19,"ENSG00000072952","IRAG1"
1413.22480135939,-1.25421635547025,0.083043415595853,-15.1031402847655,1.54401406665955e-51,1.40337373098959e-49,"ENSG00000073417","PDE8A"
17.0792362200636,-1.26641526168807,0.226506237492554,-5.59108338784576,2.25657169721762e-08,9.07324953387635e-08,"ENSG00000073670","ADAM11"
304.158196383972,-1.98166549002696,0.154902252172497,-12.793006313557,1.79397463946007e-37,6.89729429633215e-36,"ENSG00000073711","PPP2R3A"
837.061561150534,-1.73023721391116,0.18923683819428,-9.1432367525334,6.06105112701231e-20,7.0980576509364e-19,"ENSG00000073712","FERMT2"
42.7425862398919,-5.34402291773029,0.296924495092919,-17.9979186831923,2.02278868060717e-72,6.07579346900811e-70,"ENSG00000073734","ABCB11"
989.906288537142,-3.32210966665249,0.309954740084678,-10.7180476276791,8.37525435572569e-27,1.6124356745848e-25,"ENSG00000073737","DHRS9"
24.4044596439486,-1.03294024321837,0.222694067563607,-4.63838239841451,3.51146646075046e-06,1.06901061854836e-05,"ENSG00000073861","TBX21"
2072.97382850611,-2.38456152476079,0.24353940136995,-9.79127611937627,1.22736911513208e-22,1.76142815862199e-21,"ENSG00000074276","CDHR2"
2.62364981137302,-2.06850778241761,0.363694340113519,-5.68748961496617,1.28920440301395e-08,5.32452913123615e-08,"ENSG00000074317","SNCB"
5009.8383246865,-1.65847962570653,0.188204057881408,-8.81213531937537,1.22784283001518e-18,1.29404806155684e-17,"ENSG00000074370","ATP2A3"
5291.73869908419,-2.3012939638437,0.191952420334346,-11.9888770343988,4.06376893928211e-33,1.17385217436949e-31,"ENSG00000074410","CA12"
6137.82398973582,-1.55938763618081,0.113328913449852,-13.7598392917694,4.44513891278293e-43,2.44146079685379e-41,"ENSG00000074416","MGLL"
572.415993210268,-1.02642521583392,0.138782873991607,-7.39590690344113,1.40446382260065e-13,9.71176629272074e-13,"ENSG00000074527","NTN4"
2617.96181338218,-1.79712086446114,0.106231455636265,-16.9170313415873,3.36993948001862e-64,6.08281986799417e-62,"ENSG00000074755","ZZEF1"
19.9592095541633,-2.70268278610106,0.339618189349407,-7.95800363719764,1.74837216418656e-15,1.44496269553914e-14,"ENSG00000075035","WSCD2"
251.253553231378,-3.77699928698924,0.285516563247063,-13.228652110529,5.99528898770448e-40,2.76711735546548e-38,"ENSG00000075073","TACR2"
5428.53745284811,-1.55020111415999,0.121312742134351,-12.7785514273775,2.16056059620865e-37,8.2407810756383e-36,"ENSG00000075142","SRI"
1568.34739434637,-1.22122008076471,0.10355110555904,-11.7934045626237,4.22124702639591e-32,1.14372293462892e-30,"ENSG00000075239","ACAT1"
2175.53733971173,-1.10833274793246,0.100152397994904,-11.0664624125011,1.82462010452975e-28,3.93444583055834e-27,"ENSG00000075240","GRAMD4"
32.0074535783108,-1.24532811174838,0.30412283580786,-4.09481947792685,4.22497454107723e-05,0.000109732889401335,"ENSG00000075340","ADD2"
2.99437035503397,-1.82006605609379,0.439953178579739,-4.13695398671591,3.51946650208258e-05,9.26356737218928e-05,"ENSG00000075429","CACNG5"
2790.37480828067,-1.0839862995721,0.0747096669858359,-14.5093177804903,1.05767249746173e-47,7.71619250662454e-46,"ENSG00000075568","TMEM131"
1127.27658594363,-1.20242562293532,0.121467891749851,-9.89912318072971,4.19940561577738e-23,6.22655409601978e-22,"ENSG00000075651","PLD1"
133.488340184194,-1.20427112504892,0.159447191049711,-7.55278984296099,4.26032148598552e-14,3.10455989711307e-13,"ENSG00000075884","ARHGAP15"
128.653277543032,-1.86267829594958,0.124521035093433,-14.9587440752636,1.36579270282512e-50,1.17736843151384e-48,"ENSG00000076258","FMO4"
163.82109421769,-1.10760442991737,0.134810978287743,-8.21598095337074,2.10436861667677e-16,1.88155023733423e-15,"ENSG00000076351","SLC46A1"
2113.22993202286,-1.24085040347942,0.108836103434408,-11.4010917730736,4.12908132466442e-30,9.78734831623755e-29,"ENSG00000076356","PLXNA2"
756.844035443534,-1.86766261809521,0.136407021582132,-13.6918363617424,1.13601480015668e-42,6.08305863810919e-41,"ENSG00000076555","ACACB"
1137.29228025447,-1.6968193637517,0.155276079074554,-10.9277576679212,8.49209455806566e-28,1.7562967158362e-26,"ENSG00000076641","PAG1"
42.6781206072623,-1.46793272437888,0.213839702385788,-6.86464070049341,6.66588123701969e-12,3.91990113061633e-11,"ENSG00000076662","ICAM3"
1.35805293232188,-2.14207427024655,0.595340083310318,-3.59806828113404,0.000320589462936424,0.000719791116650122,"ENSG00000077009","NMRK2"
1.69512615510308,-3.01921380462166,0.358485809046197,-8.42212921246373,3.69702994110896e-17,3.50443072351618e-16,"ENSG00000077080","ACTL6B"
2666.92703418878,-2.59337686832394,0.195713463913639,-13.2508863542893,4.45905570607163e-40,2.07802805734953e-38,"ENSG00000077157","PPP1R12B"
17.5124490267726,-1.74708430606365,0.252505036939053,-6.91900774433002,4.54818002830869e-12,2.72119323915942e-11,"ENSG00000077264","PAK3"
3.54394999081465,-1.10424700387077,0.363003264997123,-3.04197540448987,0.00235031098060182,0.00452581419769599,"ENSG00000077279","DCX"
218.884622294881,-1.21082201596982,0.181532064150204,-6.67001734177363,2.55773199831505e-11,1.41532990989089e-10,"ENSG00000077420","APBB1IP"
1091.88797213121,-1.15874708946868,0.172368047700266,-6.72251675950783,1.78612186000022e-11,1.0032290307002e-10,"ENSG00000077782","FGFR1"
3663.61741533037,-1.69559070341177,0.213730299061338,-7.93331928537265,2.13364950514308e-15,1.74797405762276e-14,"ENSG00000077942","FBLN1"
168.474889543504,-2.0345662391639,0.152640730957128,-13.3291175062267,1.56740787394188e-40,7.43976920116585e-39,"ENSG00000077943","ITGA8"
68.1345035374891,-1.38518206829608,0.247249221401441,-5.60237181110091,2.11438397299255e-08,8.53366792039099e-08,"ENSG00000078018","MAP2"
50.2383030953142,-2.0455447625302,0.216750944316734,-9.43730496297667,3.8249049432276e-21,4.91333512703881e-20,"ENSG00000078295","ADCY2"
23.9673564920767,-1.10403644370815,0.371109208960631,-2.97496374935085,0.0029302317290064,0.00554258679942482,"ENSG00000078328","RBFOX1"
23.1915613975107,-4.02239812037456,0.357923392192845,-11.2381537728815,2.64863573412878e-29,5.95161297896256e-28,"ENSG00000078549","ADCYAP1R1"
87.2389040750775,-1.40515792874675,0.211535399377593,-6.6426609110399,3.0807003797087e-11,1.69205267855229e-10,"ENSG00000078589","P2RY10"
285.611873119611,-2.14959007667946,0.188251694755462,-11.4187023892229,3.37231355209425e-30,8.04313518221883e-29,"ENSG00000078596","ITM2A"
1952.76453305772,-2.61631727747315,0.152294305866185,-17.1793506171662,3.79131434309531e-66,7.5525731890666e-64,"ENSG00000078804","TP53INP2"
132.280877338329,-1.22679475466553,0.228866285448182,-5.36031225509312,8.30782267314017e-08,3.12260101978903e-07,"ENSG00000079102","RUNX1T1"
576.366993931887,-1.31762236301374,0.128715881508199,-10.2366727988404,1.35827283734401e-24,2.24802048116079e-23,"ENSG00000079257","LXN"
106.480751325685,-1.02349607581201,0.220008369755642,-4.65207790480329,3.28606880067048e-06,1.00412881242551e-05,"ENSG00000079263","SP140"
4168.16482046392,-2.72387763989636,0.225382008656561,-12.0856037095979,1.25842410399269e-33,3.76811772010959e-32,"ENSG00000079308","TNS1"
237.108878052398,-1.90794639524374,0.11910701361668,-16.0187577314637,9.45197929536658e-58,1.25310430334124e-55,"ENSG00000079335","CDC14A"
8590.64383385098,-2.38834497503802,0.15905606157784,-15.0157431998855,5.79091478582239e-51,5.08318038288844e-49,"ENSG00000079385","CEACAM1"
62.0141535349504,-5.0413243760506,0.314429825293123,-16.0332257646071,7.48921286518685e-58,1.00677540918825e-55,"ENSG00000079689","SCGN"
2430.22765665412,-1.45384297339842,0.120158250100182,-12.0994020151448,1.06383277592255e-33,3.20793558712897e-32,"ENSG00000079739","PGM1"
1869.99645285644,-2.13544354264067,0.149728594253124,-14.2620957158697,3.7696162912686e-46,2.5471078655607e-44,"ENSG00000080031","PTPRH"
7.80560854790776,-3.74557336916702,0.425338686068614,-8.80609615783409,1.29579892675414e-18,1.36417254482247e-17,"ENSG00000080224","EPHA6"
8.61626902646457,-2.08175123437018,0.266638834273772,-7.80738199685024,5.83880995176459e-15,4.60670482691346e-14,"ENSG00000080293","SCTR"
1197.58544030971,-4.59474907884946,0.300217046318567,-15.3047574586217,7.10664203995575e-53,6.934747880969e-51,"ENSG00000080493","SLC4A4"
90.1107559091742,-1.97933873081648,0.261916819691175,-7.55712723279973,4.1206885073051e-14,3.00622601594609e-13,"ENSG00000080644","CHRNA3"
294.721680017629,-1.15017340570263,0.236336965019691,-4.86666741111278,1.13495787158008e-06,3.69700290507831e-06,"ENSG00000080854","IGSF9B"
905.769914062392,-1.15011918307021,0.101908964674288,-11.2857508340519,1.54318220704897e-29,3.53159085204832e-28,"ENSG00000081026","MAGI3"
411.839879306927,-1.49363546031557,0.166430176772259,-8.97454710006973,2.84519888694846e-19,3.14789529802899e-18,"ENSG00000081189","MEF2C"
1459.27835036276,-1.10745801116328,0.125263706634605,-8.84101261983047,9.48549430874253e-19,1.00910016515834e-17,"ENSG00000081320","STK17B"
3.1448927888551,-3.18842174037661,0.650872129553041,-4.89869145659398,9.64770030529753e-07,3.16975844845133e-06,"ENSG00000081800","SLC13A1"
45.3718041959825,-1.12011681385741,0.218043748341422,-5.13711960272984,2.78981414536992e-07,9.81784754663957e-07,"ENSG00000081818","PCDHB4"
5984.73477747533,-1.63369817882004,0.107194941270567,-15.2404410082793,1.90579644300681e-52,1.81816763881595e-50,"ENSG00000081923","ATP8B1"
624.037896317491,-1.01154969948985,0.0984846970609073,-10.2711358178241,9.5078581816818e-25,1.59003316011797e-23,"ENSG00000082146","STRADB"
51.0401570582108,-2.22796810620635,0.27744206613344,-8.03039040638767,9.71629761885308e-16,8.20655743743507e-15,"ENSG00000082175","PGR"
8.01987254118945,-2.49773833237742,0.334310189835036,-7.47131977523603,7.93944535159377e-14,5.63084035109252e-13,"ENSG00000082293","COL19A1"
777.230818134554,-2.67685387565294,0.218567560081409,-12.2472606394832,1.73766748648631e-34,5.51221962482996e-33,"ENSG00000082397","EPB41L3"
10.5880720431277,-1.99945640904047,0.340949535866631,-5.86437639211979,4.50823786525191e-09,1.96561829445838e-08,"ENSG00000082482","KCNK2"
167.993903170947,-1.54790827826066,0.222011759069878,-6.97219050353751,3.12043601842385e-12,1.89978469675918e-11,"ENSG00000082497","SERTAD4"
62.063316785033,-1.50816284867291,0.164894773973428,-9.1462137479017,5.89639559718045e-20,6.91576331680283e-19,"ENSG00000083814","ZNF671"
127.990576328341,-1.688896705718,0.269898369802706,-6.25752836874328,3.91126524903234e-10,1.92444861824349e-09,"ENSG00000085265","FCN1"
873.378651441356,-1.88317928150316,0.157943887186106,-11.923090630815,8.97174328259998e-33,2.52700816107049e-31,"ENSG00000085552","IGSF9"
1655.48608278305,-1.84140570231393,0.246083635677271,-7.48284499798622,7.27306458770318e-14,5.18212591184996e-13,"ENSG00000085563","ABCB1"
3116.04046493642,-1.10399904013053,0.0941883185703215,-11.7211885389618,9.9269395531411e-32,2.60875628844577e-30,"ENSG00000086015","MAST2"
770.876061075163,-3.32982480193485,0.26481869457071,-12.5739793685364,2.93567079547666e-36,1.03929774469329e-34,"ENSG00000086696","HSD17B2"
10.9635255704206,-1.52692220439264,0.253078284144823,-6.033398754667,1.60546593285106e-09,7.371951357975e-09,"ENSG00000086967","MYBPC2"
218.627271095452,-3.44414664801999,0.250449364463647,-13.7518681885891,4.9631168991262e-43,2.71432369019495e-41,"ENSG00000087258","GNAO1"
3763.32342953098,-1.71596674734279,0.108063613103426,-15.8792279664059,8.82580117082867e-57,1.11254287742574e-54,"ENSG00000088256","GNA11"
493.809775263432,-1.97246965883922,0.133990472179912,-14.7209695342422,4.72832372797037e-49,3.74824458493355e-47,"ENSG00000088280","ASAP3"
226.106475068115,-2.94239018439475,0.361374978361568,-8.14220784663952,3.88134207348515e-16,3.3945850477544e-15,"ENSG00000088386","SLC15A1"
37.173112381443,-1.51161969916073,0.221064539483737,-6.83791123936428,8.03561560083668e-12,4.6880927618417e-11,"ENSG00000088538","DOCK3"
101.801326642541,-1.10383501333915,0.144228719492728,-7.65336485841024,1.95787381082647e-14,1.47163977331076e-13,"ENSG00000088543","C3orf18"
66.960756675207,-1.08616322823082,0.194965074036756,-5.57106565674452,2.53185884291981e-08,1.01124430639661e-07,"ENSG00000088756","ARHGAP28"
317.546781401471,-1.78880557672527,0.225694145830701,-7.92579519571188,2.26690946547807e-15,1.85359141257412e-14,"ENSG00000088827","SIGLEC1"
209.337251108559,-1.75354177957288,0.186177388665446,-9.41866137527541,4.56875318157713e-21,5.84541942003647e-20,"ENSG00000088854","DNAAF9"
5.15767566611979,-2.3414747947875,0.306858427876263,-7.63047249831986,2.33894859766949e-14,1.74816401117027e-13,"ENSG00000089169","RPH3A"
130.6098062587,-2.62635035239551,0.370315816381575,-7.09219060114167,1.32005528903911e-12,8.32412099355201e-12,"ENSG00000089199","CHGB"
33.5358139980983,-3.2564385554172,0.378054869779613,-8.61366646940836,7.07603567474803e-18,7.07548357833647e-17,"ENSG00000089250","NOS1"
501.313106642812,-1.22941562663202,0.182322800927249,-6.74307119230022,1.55073175249677e-11,8.77682668750821e-11,"ENSG00000089486","CDIP1"
4751.70053244629,-1.36872133893173,0.161823542021553,-8.4581101231206,2.71745440409598e-17,2.60348790117813e-16,"ENSG00000090006","LTBP4"
2531.30113133906,-1.4990533233246,0.122960407038553,-12.1913497151534,3.45648657613801e-34,1.06998018834765e-32,"ENSG00000090020","SLC9A1"
834.917320347508,-3.31165053773837,0.383044122351925,-8.64561115676321,5.35180715016124e-18,5.37832035808261e-17,"ENSG00000090402","SI"
1.36223742716634,-1.56967675847403,0.55339102699663,-2.83646947980525,0.00456153378725621,0.00832355431982153,"ENSG00000090512","FETUB"
475.84024221534,-1.79960629660894,0.208727387838368,-8.62180241532318,6.59083579235275e-18,6.60062161262271e-17,"ENSG00000090530","P3H2"
164.263385567358,-2.33409703078765,0.210137384027821,-11.1074811442338,1.15367954628896e-28,2.51163745844687e-27,"ENSG00000090659","CD209"
16035.1073874802,-4.70138966862179,0.36436211682949,-12.9030693682732,4.32520108949967e-38,1.74126708154967e-36,"ENSG00000091138","SLC26A3"
448.661200283591,-1.02551097420251,0.109350975294101,-9.3781602902433,6.7133834824081e-21,8.46815796417796e-20,"ENSG00000091157","WDR7"
8.43447398157343,-1.80142118029462,0.273630975850635,-6.58339639616661,4.5982104232876e-11,2.48053032333574e-10,"ENSG00000091181","IL5RA"
32.4603306613251,-2.29932736085888,0.443102020032696,-5.18916018638148,2.11244619595608e-07,7.55298232083357e-07,"ENSG00000091482","SMPX"
544.030507567248,-1.40623712155569,0.16694140728291,-8.42353700285144,3.65285650573946e-17,3.46549518712116e-16,"ENSG00000091622","PITPNM3"
1941.19353792096,-1.6352220491795,0.252020097360561,-6.48845892175026,8.67187928785935e-11,4.5609814361194e-10,"ENSG00000091986","CCDC80"
12.9104435731189,-3.71456945317187,0.395073390392316,-9.40222637997267,5.3420529213422e-21,6.77617646541879e-20,"ENSG00000092009","CMA1"
15.8920423625526,-2.54882287901417,0.234122517793623,-10.8867054012333,1.3337842006091e-27,2.71898203397762e-26,"ENSG00000092051","JPH4"
9.3965950844438,-1.49963355147289,0.325974323489213,-4.60046526186752,4.21548319241535e-06,1.27046078465778e-05,"ENSG00000092067","CEBPE"
194.475519182674,-1.80010080297107,0.176077825884188,-10.2233247936344,1.55900058669897e-24,2.57248478784615e-23,"ENSG00000092096","SLC22A17"
995.3484455288,-2.37895535495727,0.198531485780977,-11.9827610497096,4.37505608334258e-33,1.25998338004698e-31,"ENSG00000092421","SEMA6A"
1044.7827265456,-1.43167347521466,0.191024613640065,-7.49470682302896,6.64467157028798e-14,4.75023592158539e-13,"ENSG00000093072","ADA2"
37.4835423831183,-1.59474981564616,0.336562740539405,-4.73834332668634,2.15472526252393e-06,6.74724891417639e-06,"ENSG00000094963","FMO2"
728.953323174267,-2.31119967717259,0.294049391957065,-7.85990292919924,3.84431260072397e-15,3.07537009072065e-14,"ENSG00000095110","NXPE1"
3627.07532821258,-1.42943453132711,0.112643418583062,-12.6899072250107,6.72654155204921e-37,2.47478797178599e-35,"ENSG00000095203","EPB41L4B"
790.856860829519,-2.92064385510542,0.167492433818905,-17.4374674038306,4.28652719977499e-68,1.00490311737652e-65,"ENSG00000095303","PTGS1"
2214.07310617673,-1.05970196805246,0.172758283306211,-6.13401538711845,8.56882252044363e-10,4.06471954896355e-09,"ENSG00000095321","CRAT"
1650.3185098958,-1.01925775594471,0.125438744441961,-8.12554175728623,4.45368627130663e-16,3.86351254677179e-15,"ENSG00000095539","SEMA4G"
2162.66208041798,-2.1713113882207,0.194088484858526,-11.1872241663559,4.7094688716526e-29,1.04601357428323e-27,"ENSG00000095637","SORBS1"
23.5962578167708,-1.94305781400517,0.338612545274428,-5.73829245585224,9.5635866483484e-09,4.01321745948348e-08,"ENSG00000095713","CRTAC1"
47.5764444799173,-1.1101825866284,0.379865708215697,-2.92256595585619,0.00347160085863236,0.00647391173361004,"ENSG00000095917","TPSD1"
1801.69547704809,-1.13124636356324,0.123127097958629,-9.18763117395444,4.0158716087858e-20,4.77421817387099e-19,"ENSG00000096060","FKBP5"
1990.30874839752,-1.03126205696706,0.081908246138637,-12.5904546316565,2.38296920633245e-36,8.48314972924665e-35,"ENSG00000096070","BRPF3"
1.34722848185124,-2.81777675820208,0.351791583663364,-8.00979014011451,1.14904348761248e-15,9.63517447507897e-15,"ENSG00000096264","NCR2"
612.58998950616,-2.60514110126386,0.174391076618124,-14.9385000183726,1.85094835936555e-50,1.58493121542377e-48,"ENSG00000099139","PCSK5"
486.670412689538,-1.16748128479127,0.117634100395006,-9.92468409135589,3.25130648390341e-23,4.8544846752091e-22,"ENSG00000099330","OCEL1"
48.5654191020217,-1.08202297762006,0.148450249731487,-7.28879189881586,3.12746683869315e-13,2.10102599243815e-12,"ENSG00000099338","CATSPERG"
1.02032507810199,-3.49196719643954,0.642626157124219,-5.4339014335586,5.51350443897206e-08,2.11639082632946e-07,"ENSG00000099715","PCDH11X"
13425.4763780617,-1.16819965138604,0.12985453189404,-8.99621780115676,2.33627553475774e-19,2.60582493428578e-18,"ENSG00000099812","MISP"
5611.56852432398,-2.53556897788425,0.196723323499834,-12.8890104781419,5.19055216081083e-38,2.07013650338894e-36,"ENSG00000099834","CDHR5"
272.631866631846,-1.85923051852536,0.213893782097626,-8.69230746350898,3.55151380487925e-18,3.61612953538645e-17,"ENSG00000099864","PALM"
57.3804425474533,-2.46829257579676,0.234906343588519,-10.5075603242134,7.97293973611417e-26,1.43307907449454e-24,"ENSG00000099866","MADCAM1"
160.419732993113,-1.30352976111356,0.215261800443677,-6.05555541404396,1.39933991302186e-09,6.47184189052704e-09,"ENSG00000099958","DERL3"
867.577078588168,-1.12407248561195,0.0671270938612229,-16.7454364691526,6.11403838187186e-63,1.03553495007854e-60,"ENSG00000100014","SPECC1L"
350.264747197518,-2.52859269592804,0.274957108392765,-9.19631687541625,3.70429106572559e-20,4.42157338106029e-19,"ENSG00000100079","LGALS2"
13.5527578294728,-2.29547503360491,0.359937793340932,-6.37742153247754,1.80094269070846e-10,9.18313575990295e-10,"ENSG00000100095","SEZ6L"
42.4983773483481,-3.66650856623706,0.338337133521463,-10.8368494113416,2.30264893672756e-27,4.62780677837766e-26,"ENSG00000100146","SOX10"
302.396960917676,-1.34024561780951,0.163796392162081,-8.18238790316765,2.78273572240336e-16,2.46743174167993e-15,"ENSG00000100154","TTC28"
2894.9596525496,-1.0316115059786,0.0683040019152618,-15.1032366633279,1.54175844423827e-51,1.40337373098959e-49,"ENSG00000100221","JOSD1"
1.9878438468585,-1.32438378574454,0.236210078801335,-5.60680472427434,2.0609596336306e-08,8.32591310646167e-08,"ENSG00000100249","C22orf31"
3405.9652387445,-1.18490179110084,0.0722185890400133,-16.4071578640831,1.69978376378892e-60,2.55279634243722e-58,"ENSG00000100266","PACSIN2"
20.4821152059247,-1.87026988222628,0.198116069614652,-9.44027350160979,3.71807623992004e-21,4.77930047463075e-20,"ENSG00000100285","NEFH"
1090.91465716464,-1.75671962974419,0.142336148463521,-12.342048374271,5.37702589868806e-35,1.75940863597327e-33,"ENSG00000100292","HMOX1"
369.581090464907,-2.07815533209437,0.220229393199585,-9.43632138245514,3.86096630384755e-21,4.95800171957338e-20,"ENSG00000100302","RASD2"
635.162331450549,-1.81459274406356,0.112048909406655,-16.1946488696103,5.5010832361435e-59,7.71898347372296e-57,"ENSG00000100307","CBX7"
128.432444056414,-2.04766734905456,0.2227573018249,-9.19236914920142,3.84282742437795e-20,4.57698841341571e-19,"ENSG00000100321","SYNGR1"
94.920795430859,-1.07720639058868,0.168851803394137,-6.37959659852875,1.77555060642136e-10,9.05846525545145e-10,"ENSG00000100351","GRAP2"
2.22699933655252,-1.09554539957131,0.315870525060393,-3.46833690595806,0.000523690296751055,0.0011316502270227,"ENSG00000100362","PVALB"
483.749987693585,-1.23427171493326,0.205422647708597,-6.00845003557807,1.87305319601747e-09,8.52934694152359e-09,"ENSG00000100368","CSF2RB"
4017.73118099872,-1.09265503145599,0.0996848613889189,-10.9610929506439,5.87850896368313e-28,1.22832083764525e-26,"ENSG00000100412","ACO2"
67.7415323209356,-1.86797193263131,0.231825365766937,-8.05766843697878,7.77634002833265e-16,6.63950577546758e-15,"ENSG00000100433","KCNK10"
50.753489174272,-3.29560351726865,0.334984059026604,-9.83809058510129,7.71613266585795e-23,1.12244476959607e-21,"ENSG00000100448","CTSG"
1243.78063740652,-1.09223454224033,0.0956603696469307,-11.4178373580576,3.40604168433978e-30,8.11854213501621e-29,"ENSG00000100485","SOS2"
156.021869553221,-1.44674414033648,0.113972582433795,-12.6937909929073,6.40107926823867e-37,2.36409504924085e-35,"ENSG00000100490","CDKL1"
40.6130499618904,-2.37089258259382,0.253700766829236,-9.3452322286028,9.16880411421925e-21,1.1434090553986e-19,"ENSG00000100505","TRIM9"
261.962737940151,-1.00119566127337,0.102193404585873,-9.79706728952421,1.15901867379762e-22,1.66582396080363e-21,"ENSG00000100532","CGRRF1"
1142.57060964821,-4.67367453717884,0.407496144018438,-11.4692484966615,1.88287296672562e-30,4.5500199215399e-29,"ENSG00000100604","CHGA"
52.1378660990377,-2.66154822761826,0.251837230304641,-10.5685256480888,4.16998561006663e-26,7.63081564732183e-25,"ENSG00000100626","GALNT16"
199.677916450845,-2.97510462137107,0.21351203171808,-13.9341310062534,3.92953968402458e-44,2.35692686788912e-42,"ENSG00000100628","ASB2"
2429.55501917946,-1.11239797075594,0.0917156679664483,-12.1287670407949,7.43605767420622e-34,2.26900086825561e-32,"ENSG00000100647","SUSD6"
7.79317440025002,-1.94398006963724,0.252674256774199,-7.69362140193992,1.43027866357266e-14,1.09106991623766e-13,"ENSG00000100678","SLC8A3"
35.1369537121153,-2.8887997160266,0.449392394480409,-6.42823454848776,1.29094445475703e-10,6.68367108161105e-10,"ENSG00000100721","TCL1A"
49.2683661197262,-1.58331772169365,0.16656171915148,-9.50589204866274,1.98340689168368e-21,2.60259538445605e-20,"ENSG00000100739","BDKRB1"
465.194658872257,-1.05261229320646,0.142409956462184,-7.39142346052168,1.45265175635249e-13,1.0032351729205e-12,"ENSG00000100784","RPS6KA5"
95.8672074812077,-1.18340500092698,0.170294642218136,-6.94916167363106,3.67463241952123e-12,2.21961653783712e-11,"ENSG00000100842","EFS"
822.413479235348,-1.71464474090952,0.193317786402653,-8.86956535565829,7.34319513476568e-19,7.87075058116354e-18,"ENSG00000101049","SGK2"
71.3133286604823,-1.0790183364845,0.176629896777979,-6.10892242008618,1.00306068069092e-09,4.71970064747568e-09,"ENSG00000101082","SLA2"
13.6019806650584,-3.42832010763099,0.411777084891982,-8.32566996419995,8.38531267706747e-17,7.72561985370748e-16,"ENSG00000101098","RIMS4"
145.657362107096,-1.24919477467941,0.383410454276542,-3.25811349363573,0.00112155541308906,0.00228440564563654,"ENSG00000101188","NTSR1"
0.864269624139456,-1.38881482332178,0.473158586560314,-2.93519945060691,0.00333333352950056,0.00623851352185919,"ENSG00000101204","CHRNA4"
88.5348626440079,-1.22315415654572,0.334835911174457,-3.65299573828695,0.000259198534829129,0.000590157886330422,"ENSG00000101210","EEF1A2"
498.273446707573,-1.17873550086248,0.170986825558564,-6.89372118004936,5.43515050664295e-12,3.22526981831921e-11,"ENSG00000101265","RASSF2"
9679.00222293518,-3.24776345872965,0.217737981851073,-14.9159252378441,2.59652945456529e-50,2.21841706532603e-48,"ENSG00000101335","MYL9"
0.88733094903653,-3.3485310470142,0.581205604805621,-5.76135367471909,8.34419846134386e-09,3.52809191953467e-08,"ENSG00000101438","SLC32A1"
304.231246344151,-1.73469537987185,0.179564853867998,-9.66055072863565,4.43473413009219e-22,6.08719111387556e-21,"ENSG00000101445","PPP1R16B"
8.70905060233389,-2.44507569702706,0.305985131448754,-7.99083172914418,1.34031396936191e-15,1.11878096352708e-14,"ENSG00000101489","CELF4"
1605.95912105404,-1.00022598910605,0.148193140099065,-6.74947563994808,1.48380418626756e-11,8.41165136382025e-11,"ENSG00000101596","SMCHD1"
111.678944384785,-3.25231179255558,0.209357057087022,-15.5347607470605,2.01824060102156e-54,2.16746637953844e-52,"ENSG00000101605","MYOM1"
922.068379431614,-1.04196870576997,0.110031761778645,-9.46970846350834,2.80625813474126e-21,3.64008793881232e-20,"ENSG00000101665","SMAD7"
151.352629069108,-2.51042809328895,0.221409923489273,-11.3383720735108,8.47054862448126e-30,1.96540243189759e-28,"ENSG00000101680","LAMA1"
339.89441245019,-1.37011131303412,0.173968826222679,-7.87561394062858,3.39073709323373e-15,2.72784408921442e-14,"ENSG00000101695","RNF125"
2740.40906527021,-1.56381699796784,0.106250946771418,-14.7181464776228,4.9298815058745e-49,3.89197442004839e-47,"ENSG00000101782","RIOK3"
415.150371467693,-3.00573626659547,0.334588690844894,-8.98337675133451,2.62581547581767e-19,2.91523902970725e-18,"ENSG00000101938","CHRDL1"
248.271961468775,-2.57705841973898,0.215242729488683,-11.9728012456489,4.93343750641235e-33,1.41232964861531e-31,"ENSG00000101955","SRPX"
114.275473086517,-1.77586700200599,0.198835004721591,-8.93135997100997,4.20803440942271e-19,4.60012223312695e-18,"ENSG00000102003","SYP"
69.2813372053621,-2.36385362179275,0.216342771434156,-10.9264275673393,8.61745310500662e-28,1.78030746656738e-26,"ENSG00000102010","BMX"
4.24514369055627,-1.12645268475558,0.263411875985715,-4.27639293232423,1.89945844341715e-05,5.2062792310586e-05,"ENSG00000102145","GATA1"
31.5668045929647,-1.2720923843107,0.199806521032805,-6.36662095779065,1.93237921477758e-10,9.8181820629779e-10,"ENSG00000102245","CD40LG"
21.5870985168354,-1.03499264695051,0.238870883938786,-4.33285392461535,1.47188774957431e-05,4.10724838930785e-05,"ENSG00000102271","KLHL4"
1.11597240502533,-2.12846220127862,0.510935472075197,-4.16581411471342,3.1024342188294e-05,8.23069889672468e-05,"ENSG00000102290","PCDH11X"
18.2372239069587,-1.81258839099295,0.238066247643884,-7.61379829745686,2.66156046416937e-14,1.9789018597161e-13,"ENSG00000102383","ZDHHC15"
290.374156774455,-1.88366136704911,0.196112263401202,-9.60501569040364,7.61463325067979e-22,1.03084438235523e-20,"ENSG00000102409","BEX4"
34.5869305258716,-1.40781679387089,0.279957931821534,-5.02867264631867,4.93886714064271e-07,1.68471852503141e-06,"ENSG00000102678","FGF9"
4.61641999360492,-3.8504866737432,0.373269604667716,-10.3155644756312,5.99281064134971e-25,1.01679431036175e-23,"ENSG00000102683","SGCG"
4935.38031702665,-1.08047891954876,0.121248197867604,-8.9112987949609,5.04381851142374e-19,5.47795735335335e-18,"ENSG00000102882","MAPK3"
297.451939774046,-2.06705014949394,0.198795028276303,-10.3978966044411,2.53466364903616e-25,4.41750740319553e-24,"ENSG00000102886","GDPD3"
155.86978563998,-1.19454361275703,0.152521980939773,-7.83194399519845,4.80383526573057e-15,3.81676078655803e-14,"ENSG00000103034","NDRG4"
1372.49370456907,-1.44133712612926,0.152512825652807,-9.45059617091122,3.36906295219106e-21,4.34957566564438e-20,"ENSG00000103056","SMPD3"
5.6622865104075,-1.53471579711538,0.291491710825595,-5.26504096040532,1.40158104809154e-07,5.12132546625883e-07,"ENSG00000103154","NECAB2"
359.916648346663,-1.58151839188405,0.168246616539897,-9.40000116738767,5.45624660545897e-21,6.91646268513291e-20,"ENSG00000103175","WFDC1"
22.6975029591131,-2.40247853628664,0.239075976041654,-10.0490169529541,9.27883947281447e-24,1.44255374529437e-22,"ENSG00000103184","SEC14L5"
579.720087240019,-1.449434578919,0.151412984088957,-9.57272315607644,1.04126235257113e-21,1.39246656241051e-20,"ENSG00000103241","FOXF1"
3730.70279406667,-7.14372967436977,0.43127014946419,-16.5643963145725,1.26038739495596e-61,1.96984203958828e-59,"ENSG00000103375","AQP8"
92.4145007820572,-1.0165358139049,0.201041786303744,-5.05634093585436,4.27377013501384e-07,1.47036814658503e-06,"ENSG00000103449","SALL1"
898.157211982864,-1.35228993747867,0.150854208048741,-8.96421753804674,3.12491603261355e-19,3.44942999442702e-18,"ENSG00000103544","VPS35L"
3.34049830934141,-1.30063144586077,0.56907732163512,-2.28550918550696,0.0222829884451149,0.0354644226000468,"ENSG00000103546","SLC6A2"
57.1968333501882,-1.9834966612737,0.252756338304825,-7.84746556536042,4.24528922843853e-15,3.38838768872277e-14,"ENSG00000103647","CORO2B"
240.858308866093,-1.70306381788392,0.15920171371866,-10.6975218928457,1.04536524235783e-26,1.99956007328018e-25,"ENSG00000103710","RASL12"
23.3968210775964,-1.41216376407736,0.315790435821469,-4.47183829492457,7.75500602040414e-06,2.25619914087384e-05,"ENSG00000103723","AP3B2"
168.462467203791,-2.04539896778024,0.326848970502876,-6.25793302831358,3.90113268947363e-10,1.9199545380465e-09,"ENSG00000104059","ENTREP2"
521.238246695159,-1.28973512915087,0.12913490409175,-9.98750212595124,1.72883281275165e-23,2.633456226302e-22,"ENSG00000104081","BMF"
25.7596327417307,-2.66483687945228,0.352497478770544,-7.55987500604774,4.03456874803781e-14,2.94563358632377e-13,"ENSG00000104112","SCG3"
312.881414707637,-1.27241656816594,0.167497680155615,-7.596622036698,3.03960648863387e-14,2.24565239562848e-13,"ENSG00000104154","SLC30A4"
5516.38152725191,-4.81239021311954,0.259103285389427,-18.573250454492,5.29013656687929e-77,1.97465903482338e-74,"ENSG00000104267","CA2"
291.05726904192,-1.17760459322507,0.253594129483189,-4.64365872989632,3.42292790167576e-06,1.04379210846866e-05,"ENSG00000104321","TRPA1"
648.921156536336,-1.23271935602168,0.13675383438486,-9.01414838981764,1.98405942685381e-19,2.22329154136544e-18,"ENSG00000104324","CPQ"
238.793166580506,-4.17283760496893,0.344158505130492,-12.1247551426537,7.80932578341387e-34,2.37912161961104e-32,"ENSG00000104332","SFRP1"
13984.4780035849,-1.34469849247615,0.144821104358799,-9.28523849082529,1.61345432084705e-20,1.97933880898553e-19,"ENSG00000104419","NDRG1"
139.906454271857,-3.55392786948958,0.274329586839935,-12.9549565193755,2.20260860562251e-38,9.0764944330513e-37,"ENSG00000104435","STMN2"
9.47447339632886,-3.56842028197683,0.310422048984757,-11.4953827978632,1.39162722148487e-30,3.40139172183274e-29,"ENSG00000104722","NEFM"
241.698667373021,-1.23185203199865,0.181222911281194,-6.7974409156646,1.06493799988741e-11,6.14308646386666e-11,"ENSG00000104723","TUSC3"
898.495463915791,-1.29086570958362,0.121740981171706,-10.6033785596237,2.87405882075029e-26,5.32781771848536e-25,"ENSG00000104756","KCTD9"
132.197080531667,-1.33275063269223,0.18071225521294,-7.3749875520163,1.64360408390417e-13,1.13044089828021e-12,"ENSG00000104814","MAP4K1"
16.0035651365663,-3.23507328048501,0.266858290931838,-12.1228134572417,7.99660642163865e-34,2.43232220801219e-32,"ENSG00000104833","TUBB4A"
8643.13312393903,-1.0536228363548,0.158412312531824,-6.65114232293743,2.90826880790411e-11,1.60238192687718e-10,"ENSG00000104870","FCGRT"
15.1746990894215,-1.52322765120404,0.279351641403352,-5.45272490095975,4.96037764470316e-08,1.91419892909668e-07,"ENSG00000104879","CKM"
1548.38957160786,-1.01383625937897,0.0962217498749412,-10.5364562658302,5.86681094258463e-26,1.06246481540062e-24,"ENSG00000104880","ARHGEF18"
15.0056016642149,-3.03463466309251,0.196688618373523,-15.428623619337,1.05087486450285e-53,1.08318997092603e-51,"ENSG00000104888","SLC17A7"
351.402332764461,-1.34385778646892,0.19932432264866,-6.74206623964141,1.56149858701345e-11,8.83210327094493e-11,"ENSG00000104894","CD37"
108.325113941916,-1.00389331646791,0.14285191274392,-7.0275104980044,2.10250994704266e-12,1.30001929774765e-11,"ENSG00000104903","LYL1"
30.3351441464514,-2.89592602971257,0.373992444536634,-7.74327415437641,9.68888142426463e-15,7.50268729342804e-14,"ENSG00000104921","FCER2"
699.454101304809,-1.24109630779259,0.145451708136771,-8.53270355976538,1.42966688807452e-17,1.40471256953236e-16,"ENSG00000104936","DMPK"
1.8982289398298,-3.2129555912331,0.437543507617878,-7.34316824565726,2.08596037675738e-13,1.42272340970713e-12,"ENSG00000104938","CLEC4M"
67.9738573225544,-1.63117803971267,0.412484636738154,-3.95451828851543,7.66890058943787e-05,0.000190851330805954,"ENSG00000105205","CLC"
107.563205271937,-1.18158810881097,0.141137140815321,-8.37191473474081,5.66894589686155e-17,5.29014473050088e-16,"ENSG00000105227","PRX"
58.4324445440795,-1.41226880612288,0.184231705371365,-7.66572074701308,1.77829726698062e-14,1.34264599917458e-13,"ENSG00000105246","EBI3"
173.30494700903,-1.07718043776476,0.195975798044901,-5.4964972640038,3.8740910259691e-08,1.51154026461776e-07,"ENSG00000105251","SHD"
375.799684791722,-1.86909314978461,0.180257422509816,-10.3690218342206,3.4301789967179e-25,5.92719514098036e-24,"ENSG00000105270","CLIP3"
2.8039901199256,-1.50602756800861,0.28451740429907,-5.29327044761577,1.20148031803141e-07,4.42676701364195e-07,"ENSG00000105278","ZFR2"
3590.7590837858,-1.26774010150503,0.134105178456353,-9.45332697885066,3.28228680721122e-21,4.23896811813402e-20,"ENSG00000105289","TJP3"
62.5030053735179,-1.39824313791672,0.218641856420231,-6.39513019515024,1.60410615965337e-10,8.21869263328798e-10,"ENSG00000105290","APLP1"
32.3532619116771,-2.32533606665141,0.23384579056044,-9.94388678572516,2.68155329688094e-23,4.02253919645656e-22,"ENSG00000105366","SIGLEC8"
396.041494084959,-2.50468460992415,0.274865187831558,-9.11241117758086,8.05710389138512e-20,9.33327729171689e-19,"ENSG00000105369","CD79A"
63.234619061,-1.30584080877182,0.181030075344628,-7.21339151124963,5.45752078848159e-13,3.58737052068305e-12,"ENSG00000105383","CD33"
22.3005208698147,-2.14031958999248,0.238280473269567,-8.98235411665955,2.6503424989775e-19,2.94162003632183e-18,"ENSG00000105492","SIGLEC6"
2.17261401140271,-2.02940241152095,0.389515373399048,-5.21007012845648,1.8876926590468e-07,6.78725518211654e-07,"ENSG00000105605","CACNG7"
140.296663366431,-2.73252641823186,0.210167830588124,-13.0016397399415,1.19747850939659e-38,5.03163456292577e-37,"ENSG00000105609","LILRB5"
23.7287679292478,-2.94074684564359,0.284512868785031,-10.3360767412792,4.83946255673458e-25,8.27681569923373e-24,"ENSG00000105696","TMEM59L"
99.6650156224918,-1.21049422696819,0.163710855331213,-7.39409872680201,1.42370606154815e-13,9.84128496014774e-13,"ENSG00000105711","SCN1B"
51.8255286937898,-2.82294658355782,0.247700528069792,-11.3966110833742,4.34713458250738e-30,1.02851866642253e-28,"ENSG00000105737","GRIK5"
3451.09746971194,-1.33568936590925,0.153162258024391,-8.72074741609349,2.76371334447878e-18,2.84412438316851e-17,"ENSG00000105755","ETHE1"
74.9703466504071,-2.47665467515772,0.202957858089045,-12.2028025841262,3.00306775713776e-34,9.31872042442903e-33,"ENSG00000105784","RUNDC3B"
207.578581008824,-1.65241619190062,0.188659796245888,-8.75870866385841,1.97499843079657e-18,2.05002064440701e-17,"ENSG00000105851","PIK3CG"
113.149709339984,-2.6307044785207,0.189944829612588,-13.8498346276985,1.27505297858917e-43,7.30580653767778e-42,"ENSG00000105894","PTN"
1738.06593944177,-1.93490714540145,0.180982947156558,-10.6911019839216,1.1203185802405e-26,2.13761233024846e-25,"ENSG00000105974","CAV1"
25.3772374956803,-1.9404542463627,0.23615021265794,-8.21703366057699,2.08598532517798e-16,1.86598133543783e-15,"ENSG00000106018","VIPR2"
358.754654708163,-2.24591363275318,0.199281825126116,-11.2700374523961,1.84491407415033e-29,4.20708252721576e-28,"ENSG00000106034","CPED1"
25.1834773874904,-3.03979033959853,0.366233132429436,-8.30015110712088,1.03979058519111e-16,9.50923611532889e-16,"ENSG00000106278","PTPRZ1"
3087.85999049306,-1.09954834187254,0.0835589587717959,-13.1589521702331,1.51167739080919e-39,6.82153293948838e-38,"ENSG00000106299","WASL"
1509.20838040656,-1.21550165693103,0.109562542815542,-11.0941351459634,1.33949314974649e-28,2.90793298296461e-27,"ENSG00000106351","AGFG2"
46.1455234301219,-1.20168030333962,0.315989265364029,-3.80291495647882,0.000143003456891484,0.000340205055819993,"ENSG00000106511","MEOX2"
1620.45094735596,-1.02878915731614,0.177745718379559,-5.78798278065556,7.12367117222233e-09,3.03910103815393e-08,"ENSG00000106538","RARRES2"
201.416849879082,-1.47770809334092,0.241709948602285,-6.11355925515658,9.74331688480853e-10,4.59239063712435e-09,"ENSG00000106571","GLI3"
760.007236714186,-1.94782889286951,0.18830052033063,-10.3442565609982,4.44351642568541e-25,7.61997662882815e-24,"ENSG00000106688","SLC1A1"
13.2552781157229,-2.59815585763452,0.278792857214634,-9.31930567946468,1.17104094203919e-20,1.45001646050179e-19,"ENSG00000106714","CNTNAP3"
1614.12026513932,-1.52922880907559,0.217895952853547,-7.01816068196283,2.24807929149591e-12,1.3851266750023e-11,"ENSG00000106772","PRUNE2"
2336.84571467724,-1.13844419475099,0.111685704900122,-10.1932847696943,2.12461678429664e-24,3.46417054732201e-23,"ENSG00000106789","CORO2A"
217.647547954308,-3.69640160610608,0.380497456923653,-9.71465522001573,2.61131266880658e-22,3.64285697306265e-21,"ENSG00000106809","OGN"
476.406325052503,-1.01183504511692,0.126722089345712,-7.98467773330754,1.40889890555265e-15,1.17424531154959e-14,"ENSG00000106829","TLE4"
1116.39098370401,-1.24099971267718,0.108864322966517,-11.3995079274858,4.20488997337782e-30,9.96089986484641e-29,"ENSG00000106853","PTGR1"
1175.78903258195,-1.21266415448549,0.147843469702478,-8.2023518314733,2.35729192411876e-16,2.09890696170898e-15,"ENSG00000107130","NCS1"
31.683911477672,-1.45959632755275,0.252889331035861,-5.77168013207236,7.8484996725633e-09,3.3287508760181e-08,"ENSG00000107165","TYRP1"
248.766557832071,-1.39163628536977,0.208502981983746,-6.67441910005037,2.48213354087796e-11,1.3750805222786e-10,"ENSG00000107186","MPDZ"
1674.54717551492,-1.13476690892003,0.107467395147516,-10.5591738532639,4.60698488962427e-26,8.40250227947743e-25,"ENSG00000107242","PIP5K1B"
187.686788339831,-1.3998668561359,0.155548021449839,-8.99957995664592,2.26582905692073e-19,2.52798403225279e-18,"ENSG00000107282","APBA1"
11.9063194780339,-1.72277630752953,0.362363554160756,-4.75427588604912,1.99158926055305e-06,6.26806092833031e-06,"ENSG00000107295","SH3GL2"
29.6093710428902,-2.91522741900875,0.319849837300048,-9.11436267598912,7.91342076252102e-20,9.17512931413286e-19,"ENSG00000107518","ATRNL1"
1396.41304647088,-1.12622930532293,0.121382893263069,-9.27831982783678,1.72172027030415e-20,2.10812035771922e-19,"ENSG00000107537","PHYH"
1069.68543217831,-2.6000307457417,0.192950509764794,-13.4751172666562,2.19136920493885e-41,1.08852159977111e-39,"ENSG00000107562","CXCL12"
1451.7879749761,-1.01289161262754,0.151094202380299,-6.70370931955499,2.03194276065378e-11,1.13582586971294e-10,"ENSG00000107731","UNC5B"
66.7145098930236,-1.27267046018593,0.194488227630228,-6.54368891985385,6.00195797200831e-11,3.20318265060805e-10,"ENSG00000107736","CDH23"
1485.84379438933,-1.73340334030479,0.127421912943986,-13.6036518386503,3.80927947875102e-42,1.95795946683878e-40,"ENSG00000107738","VSIR"
3816.16257241209,-1.42543601884254,0.196917786476176,-7.23873675583387,4.52883080863165e-13,2.99741707866175e-12,"ENSG00000107796","ACTA2"
189.730062223969,-1.36053909083681,0.115577788879831,-11.7716310722244,5.46573915487425e-32,1.46849247580329e-30,"ENSG00000107864","CPEB3"
481.705123476629,-1.36612864169669,0.273366851029239,-4.99741880390089,5.81027905019015e-07,1.9635035478831e-06,"ENSG00000107954","NEURL1"
40.0024727791423,-3.58210667837208,0.323571599535057,-11.0705225165597,1.74380849843969e-28,3.76441355078667e-27,"ENSG00000108018","SORCS1"
937.180111193516,-2.40234672772419,0.159164049435508,-15.0935260584558,1.78635219405931e-51,1.61599724247055e-49,"ENSG00000108187","PBLD"
9.44916652812873,-4.73171900863906,0.409555509307769,-11.5533032790515,7.10366163449512e-31,1.76887615842898e-29,"ENSG00000108231","LGI1"
89.7519241204235,-2.2091185148443,0.247575257782641,-8.92301813448501,4.53750423710985e-19,4.94903334479893e-18,"ENSG00000108242","CYP2C18"
3211.71344103799,-1.08633682658044,0.152587821427408,-7.11942025528722,1.08381972291669e-12,6.88753998131868e-12,"ENSG00000108352","RAPGEFL1"
115.72957949374,-1.70533529351157,0.116887730502016,-14.589514966091,3.27517861004578e-48,2.47388589431101e-46,"ENSG00000108370","RGS9"
33.9946065505795,-3.872479065024,0.228965426792745,-16.9129423567047,3.61213853050669e-64,6.45934372476236e-62,"ENSG00000108381","ASPA"
81.3885165965934,-2.34673765234698,0.181054852044905,-12.9614734200271,2.02323535463778e-38,8.35524486356164e-37,"ENSG00000108405","P2RX1"
79.8857800477184,-2.47642811508343,0.279973653595189,-8.84521840995821,9.13494601388107e-19,9.72884402758131e-18,"ENSG00000108700","CCL8"
17.983146673232,-1.14360847022064,0.144248824246313,-7.92802628510762,2.22656190601683e-15,1.82137501277934e-14,"ENSG00000108785",NA
274.472089925594,-1.13637188296518,0.191317609815398,-5.93971398692291,2.85519766270105e-09,1.27259198397713e-08,"ENSG00000108797","CNTNAP1"
67.4502647764549,-2.46499115966475,0.273132084995458,-9.02490514692093,1.7985111068539e-19,2.0230355917265e-18,"ENSG00000108823","SGCA"
24.3603659748868,-2.13836251351372,0.233038963144857,-9.17598707382043,4.47456010233433e-20,5.30312614841085e-19,"ENSG00000108830","RND2"
2.77293202378054,-4.50032454690625,0.45215198232372,-9.95312355765418,2.44389618321559e-23,3.67686866784053e-22,"ENSG00000108849","PPY"
68.186010936836,-1.96154572613829,0.191539055026564,-10.2409700510752,1.29927065170858e-24,2.15222140225074e-23,"ENSG00000108852","MPP2"
105.211330719782,-2.59320895359613,0.187928419458326,-13.7989185513859,2.58704485004135e-43,1.43734267846156e-41,"ENSG00000108924","HLF"
1731.10253648568,-1.15022013371065,0.138137242663034,-8.32664755381315,8.31638672337791e-17,7.66579046640399e-16,"ENSG00000108984","MAP2K6"
4128.16210844974,-1.17303952551353,0.122415357541125,-9.58245394267181,9.47660791707578e-22,1.27127405648225e-20,"ENSG00000109062","NHERF1"
1609.14409338578,-1.24977441139559,0.165108727498528,-7.56940247999144,3.74944806172615e-14,2.74633319926053e-13,"ENSG00000109099","PMP22"
8.61680786439636,-4.54424161770804,0.44009706987587,-10.3255439055519,5.40118129663346e-25,9.196599526646e-24,"ENSG00000109132","PHOX2B"
205.25333277024,-4.03466899693443,0.386289142606324,-10.444686510504,1.54966528645273e-25,2.72927078645204e-24,"ENSG00000109182","CWH43"
483.692724899091,-2.15723581164864,0.174482731379665,-12.363606384374,4.11282445081784e-35,1.36315311776374e-33,"ENSG00000109265","CRACD"
89.8926321087417,-1.60899894478034,0.219532329704627,-7.32921181561364,2.31510234259732e-13,1.57342654703622e-12,"ENSG00000109339","MAPK10"
535.193558413006,-1.252622681303,0.157487966555843,-7.95376757156135,1.80923414352055e-15,1.49294877662187e-14,"ENSG00000109436","TBC1D9"
916.881366854539,-1.16681139280237,0.108820488768438,-10.7223502302518,7.99456580771508e-27,1.54455814879006e-25,"ENSG00000109458","GAB1"
0.92614790137383,-1.87026481141131,0.343191243005927,-5.4496285949202,5.04751160379964e-08,1.94626094304768e-07,"ENSG00000109471","IL2"
47.8746160574205,-1.95074371780595,0.216547308247738,-9.008395133567,2.09093792332478e-19,2.33964756513585e-18,"ENSG00000109705","NKX3-2"
158.545115219536,-1.16291394198262,0.180257932850076,-6.45138842765846,1.10830030004371e-10,5.76991491344352e-10,"ENSG00000109743","BST1"
2886.68767889504,-1.86197809678301,0.110085029980895,-16.9139990887603,3.54793211743477e-64,6.3741750522904e-62,"ENSG00000109814","UGDH"
513.64962874586,-1.78573597087065,0.201562627514903,-8.85945967706051,8.04031818239755e-19,8.59399814174697e-18,"ENSG00000109819","PPARGC1A"
2.90647089194123,-1.57618959499765,0.32037968019598,-4.91975519181953,8.66525238748362e-07,2.86780544496499e-06,"ENSG00000109832","DDX25"
468.024693338649,-2.44835717441568,0.209775027832298,-11.6713471556442,1.78572854473884e-31,4.58929848660256e-30,"ENSG00000109846","CRYAB"
149.950746552636,-3.34540442551543,0.314472570929636,-10.638143783497,1.98035160094103e-26,3.70684410912267e-25,"ENSG00000109906","ZBTB16"
1457.30622288876,-1.50748698962285,0.147758174391966,-10.2023931726705,1.93446085080191e-24,3.17025645058742e-23,"ENSG00000110002","VWA5A"
3171.9832148613,-1.56005615319483,0.118707015947559,-13.1420720228029,1.88980122301109e-39,8.46820368544376e-38,"ENSG00000110013","SIAE"
197.356827124615,-1.10625215123863,0.251923637006312,-4.39122015061616,1.12716342255232e-05,3.20438125605362e-05,"ENSG00000110076","NRXN2"
736.524556741772,-1.3748832934814,0.183491133014188,-7.49291407653517,6.73610019453222e-14,4.81380751262417e-13,"ENSG00000110077","MS4A6A"
268.154563433152,-1.5296256929452,0.208337260795092,-7.3420649148769,2.10323333212289e-13,1.43348718170766e-12,"ENSG00000110079","MS4A4A"
1598.74546973451,-1.00474766612401,0.237813764323175,-4.2249348728134,2.39009889178519e-05,6.4562728934494e-05,"ENSG00000110080","ST3GAL4"
5200.32843111307,-1.34445200434729,0.0919577855833033,-14.6203173099397,2.08426660038062e-48,1.5868078808878e-46,"ENSG00000110090","CPT1A"
571.324624959381,-1.34566836389207,0.18137022774565,-7.41945566600491,1.176026565901e-13,8.2044444527664e-13,"ENSG00000110324","IL10RA"
400.591819434185,-1.90359658391212,0.267034282836457,-7.12865989974014,1.01350813482197e-12,6.46637027207108e-12,"ENSG00000110777","POU2AF1"
143.60086256054,-1.01952339544247,0.221403233960186,-4.60482612293641,4.12810628375777e-06,1.24559176182416e-05,"ENSG00000110848","CD69"
15.0076668988782,-5.77820198349815,0.333539337911118,-17.3238995426618,3.1057972733557e-67,6.90223050686165e-65,"ENSG00000110887","DAO"
321.205626596757,-1.65755593928535,0.177344662664935,-9.34652283512493,9.05765191207192e-21,1.12991415659776e-19,"ENSG00000110900","TSPAN11"
253.492498872712,-1.20451234932967,0.123504082300182,-9.75281405194405,1.79424355480254e-22,2.53428662569776e-21,"ENSG00000110934","BIN2"
3.48722624991161,-3.17709375109821,0.459160899720949,-6.9193473421388,4.53729130413617e-12,2.7151009925311e-11,"ENSG00000110975","SYT10"
1129.04780726632,-1.17755422461907,0.130205009633902,-9.04384729842582,1.51252500970536e-19,1.71035438376889e-18,"ENSG00000111077","TNS2"
1.29224803068161,-1.20266291488643,0.326090652502867,-3.68812446985384,0.00022591313830229,0.000519261220081793,"ENSG00000111245","MYL2"
3.52651498567855,-2.89034171161789,0.233956893369854,-12.3541634956174,4.62542355940675e-35,1.53041015136412e-33,"ENSG00000111249","CUX2"
5.24866157311708,-3.41440915276563,0.485616296666124,-7.03108436888628,2.04934530181242e-12,1.26898339215304e-11,"ENSG00000111262","KCNA1"
1.54376377936875,-1.42951145461775,0.475252437490042,-3.00789925911259,0.00263060324529076,0.0050216879310963,"ENSG00000111305","GSG1"
1481.84549984191,-1.69951408871119,0.237670953874759,-7.15070167811401,8.63354353026919e-13,5.5553782110169e-12,"ENSG00000111341","MGP"
17.3600965758035,-5.12226254966219,0.382107664978216,-13.4052860466806,5.63057713443182e-41,2.72643323787784e-39,"ENSG00000111404","RERGL"
3588.31053458726,-1.18697111513134,0.102687980125172,-11.5590073315735,6.64727497768684e-31,1.65953104589043e-29,"ENSG00000111424","VDR"
118.013539460965,-1.45940367436084,0.226348108243834,-6.4476071202181,1.13629857300251e-10,5.91087420325092e-10,"ENSG00000111452","ADGRD1"
592.408565496838,-1.25095423616976,0.098537091368373,-12.6952624519144,6.28190085827904e-37,2.32454516167714e-35,"ENSG00000111684","LPCAT3"
296.664205151738,-1.09119265706338,0.119623337070414,-9.12190450280677,7.3815558528109e-20,8.59214889109963e-19,"ENSG00000111727","HCFC2"
62.0283958618495,-1.45345880621288,0.19228117129996,-7.55902825214992,4.0609170011233e-14,2.96430749842771e-13,"ENSG00000111728","ST8SIA1"
4.73501214682622,-2.81489768274798,0.47177683399322,-5.96658733520695,2.4226709083606e-09,1.08940851945895e-08,"ENSG00000111732","AICDA"
74.0103109688403,-1.84738475874476,0.192838534633933,-9.57995642443385,9.70858890998946e-22,1.30057880774343e-20,"ENSG00000111796","KLRB1"
3720.03319600673,-1.9080166766833,0.120198458331356,-15.8738864305845,9.61013629587272e-57,1.19573110086543e-54,"ENSG00000111802","TDP2"
123.631713165704,-3.80132376815287,0.211898983321865,-17.9393204656335,5.81620171846686e-72,1.64423167257276e-69,"ENSG00000111846","GCNT2"
2215.23452732934,-1.03446785043984,0.129992163065995,-7.95792473977571,1.74948708269869e-15,1.44557339068378e-14,"ENSG00000111859","NEDD9"
642.622357890484,-3.14994170212284,0.279584087533038,-11.2665271114566,1.91994207564216e-29,4.36781141906593e-28,"ENSG00000111863","ADTRP"
2177.81859511139,-1.39279422520867,0.140145414371284,-9.93820762139792,2.83889054687972e-23,4.25192149808666e-22,"ENSG00000111885","MAN1A1"
180.510878320037,-1.26117995573749,0.201431431497675,-6.26108818450235,3.82300247128272e-10,1.88391407348637e-09,"ENSG00000111913","RIPOR2"
121.734671233028,-1.15575009349061,0.249212186332613,-4.63761467887483,3.52453063497164e-06,1.07256315753328e-05,"ENSG00000111962","UST"
2108.2771724657,-1.08437126747593,0.108301064836725,-10.0125633031469,1.3422879575091e-23,2.05769318589922e-22,"ENSG00000112033","PPARD"
3.16652537602091,-2.12856629604626,0.477083205239765,-4.46162487521756,8.13405239651596e-06,2.36040389832326e-05,"ENSG00000112038","OPRM1"
109.404642781922,-1.11301537149704,0.209573100839298,-5.31086941520471,1.09103488128225e-07,4.04036005400295e-07,"ENSG00000112139","MDGA1"
91.2360492394992,-2.63256994032083,0.284820040665113,-9.24292382717605,2.39851738119248e-20,2.90626529324637e-19,"ENSG00000112175","BMP5"
60.6682609533109,-1.28232825644445,0.241309269257445,-5.3140447542294,1.07218267403567e-07,3.97573407467357e-07,"ENSG00000112182","BACH2"
45.8029803600858,-1.88365484265759,0.243966139006427,-7.7209683701555,1.15449202472807e-14,8.87557585977207e-14,"ENSG00000112183","RBM24"
181.483045736907,-2.16229384872541,0.170652548845687,-12.6707386637434,8.59016640471752e-37,3.13345472260128e-35,"ENSG00000112186","CAP2"
33.1533694437054,-1.70885907667424,0.193569229369802,-8.82815456897629,1.06416926691893e-18,1.12835399352543e-17,"ENSG00000112214","FHL5"
3.40285581335679,-4.14361983449752,0.370736709396868,-11.1767184890823,5.30141823816324e-29,1.17477594814215e-27,"ENSG00000112232","KHDRBS2"
8.82132798099337,-1.34001746567196,0.176721011818569,-7.58267198610031,3.38509905323489e-14,2.49228079853929e-13,"ENSG00000112245","PTP4A1"
95.1970007723627,-2.71726559395889,0.214785058328764,-12.6510922831497,1.1033015908681e-36,4.00266528090928e-35,"ENSG00000112276","POPDC1"
156.48932777401,-1.09368775497995,0.190800414383787,-5.73210366713379,9.91926128178538e-09,4.15437294405616e-08,"ENSG00000112320","SOBP"
153.344569723712,-1.42583975550141,0.122093503450646,-11.6782606379854,1.64629802351819e-31,4.2394655130746e-30,"ENSG00000112425","EPM2A"
19.1820451461411,-1.14249429241677,0.183291827566866,-6.23319821501576,4.57007309108128e-10,2.22694043260839e-09,"ENSG00000112619","PRPH2"
1079.69649951657,-1.04548233415793,0.151837546636982,-6.88553231604502,5.75718427488828e-12,3.40742709077324e-11,"ENSG00000112773","TENT5A"
2233.33999245183,-2.16718546855483,0.158073268074594,-13.7100060937068,8.84504109452472e-43,4.77619796293809e-41,"ENSG00000112782","CLIC5"
85.123678452835,-1.22129261604051,0.174228024918448,-7.00973690433652,2.38766681276142e-12,1.46783859850077e-11,"ENSG00000112799","LY86"
4748.34569573737,-2.57809946531225,0.252812899412877,-10.197657917375,2.03111336588759e-24,3.31593272094609e-23,"ENSG00000112818","MEP1A"
620.85933054972,-3.6694661990239,0.318069892665913,-11.5366662599473,8.62016919428364e-31,2.13406081785334e-29,"ENSG00000112936","C7"
126.074384565437,-2.15322287450512,0.236564348053921,-9.10205993514426,8.8634500466169e-20,1.0233425343612e-18,"ENSG00000112964","GHR"
71.8447908944356,-3.98838312730929,0.558662000961431,-7.13917023252964,9.38959915098949e-13,6.01649162654735e-12,"ENSG00000113196","HAND1"
269.991280738591,-1.84516292379588,0.349812270038471,-5.27472327826852,1.32956554512418e-07,4.87439749340989e-07,"ENSG00000113296","THBS4"
580.471889966897,-3.35305120053201,0.263801993130811,-12.7104847114227,5.17129045175849e-37,1.93217302233973e-35,"ENSG00000113303","BTNL8"
6.21000410761085,-2.50455957524693,0.512789900993887,-4.88418272355327,1.03858729376896e-06,3.39979273593318e-06,"ENSG00000113327","GABRG2"
110.164568680512,-1.19479633557252,0.312387526440378,-3.82472485117154,0.000130918215490448,0.000313159499219889,"ENSG00000113389","NPR3"
6.63798712887602,-2.78221775051766,0.363718764059235,-7.64936545881517,2.01973470074082e-14,1.51576693420618e-13,"ENSG00000113396","SLC27A6"
668.396327644126,-1.14505797808708,0.162955621082455,-7.02680871319979,2.1131074269335e-12,1.30552211543166e-11,"ENSG00000113448","PDE4D"
587.698584940762,-1.64080686626001,0.182315019905591,-8.99984470346808,2.26037187056081e-19,2.52262749803923e-18,"ENSG00000113580","NR3C1"
178.454572915514,-3.21194233823983,0.229115100411429,-14.0189028679125,1.19446952272021e-44,7.32436518979647e-43,"ENSG00000113594","LIFR"
673.312341385627,-1.26154172522647,0.107190450374095,-11.7691615328015,5.62811012873274e-32,1.50895362705291e-30,"ENSG00000113790","EHHADH"
65.1271414328009,-2.65502315283558,0.304526656305392,-8.71852462785067,2.81850248249768e-18,2.89818039434576e-17,"ENSG00000113805","CNTN3"
20.1563561568261,-1.56224230338724,0.324426809212937,-4.81539212858905,1.46911109492382e-06,4.7112281480137e-06,"ENSG00000113889","KNG1"
360.004936703665,-1.10917888655741,0.199801277210823,-5.55141039157147,2.83373961578575e-08,1.12480680371789e-07,"ENSG00000113924","HGD"
2462.76352201576,-1.10658015370558,0.0982786554791372,-11.2596183607792,2.07656038987578e-29,4.70462683026248e-28,"ENSG00000114023","FAM162A"
456.60122870483,-1.67777838806745,0.141483558432359,-11.8584689744679,1.94499055707776e-32,5.37205832959544e-31,"ENSG00000114166","KAT2B"
63.8147371460254,-4.10914334141676,0.32163645360224,-12.7757388672692,2.24010271271949e-37,8.5357015853247e-36,"ENSG00000114200","BCHE"
484.012789245746,-1.56356325673816,0.180703064143288,-8.65266598632956,5.03101070689756e-18,5.06089138273392e-17,"ENSG00000114248","LRRC31"
1560.60847650904,-2.8659282567651,0.213939241574348,-13.3959914771836,6.38180638178438e-41,3.08242851709126e-39,"ENSG00000114455","HHLA2"
0.997846962139201,-1.35839644255144,0.609489016635975,-2.22874638504398,0.0258307840845585,0.0405403174143372,"ENSG00000114487","MORC1"
594.556239683896,-1.05368254076889,0.113738217176165,-9.26410284009358,1.96724155504746e-20,2.39805123864647e-19,"ENSG00000114541","FRMD4B"
571.950766745137,-1.66672197105983,0.129185994877897,-12.9017233844518,4.40142412780479e-38,1.77009993139865e-36,"ENSG00000114698","PLSCR4"
205.477941399477,-1.87162194122388,0.164885495495732,-11.3510405241941,7.32853372167048e-30,1.71074763811211e-28,"ENSG00000114790","ARHGEF26"
1214.66381465409,-1.69252309252177,0.160625929161886,-10.5370477939211,5.83003643435498e-26,1.0563025956251e-24,"ENSG00000114812","VIPR1"
980.930986038658,-1.50530094186566,0.137304644924572,-10.9632193629909,5.74196916809245e-28,1.20044311367945e-26,"ENSG00000114859","CLCN2"
46.5590949466866,-1.57707445838551,0.205916611140152,-7.65880153938683,1.876761504581e-14,1.41343485928748e-13,"ENSG00000115041","KCNIP3"
2406.01914780587,-1.32152534196866,0.191070232497981,-6.91643760878676,4.6314225073112e-12,2.76884312142114e-11,"ENSG00000115112","TFCP2L1"
938.113692549485,-1.12199614654287,0.110745726734768,-10.1312816270556,4.01353920387574e-24,6.40971788008905e-23,"ENSG00000115129","TP53I3"
118.456143488231,-1.46648972284759,0.188679135751238,-7.77240004311376,7.70127730740679e-15,6.01688698715441e-14,"ENSG00000115252","PDE1A"
304.677945763367,-3.3483010542041,0.608387623603328,-5.50356536573336,3.72186445757394e-08,1.45524786738885e-07,"ENSG00000115263","GCG"
168.260640246783,-1.76200071509193,0.221016251582593,-7.97226766120171,1.55788935326186e-15,1.29309524967312e-14,"ENSG00000115295","CLIP4"
12.2035141176601,-1.28005595858294,0.257284881506066,-4.97524748088534,6.5164332343072e-07,2.188098764711e-06,"ENSG00000115297","TLX2"
21.8597209616958,-1.95215753105023,0.325556127537121,-5.99637778535636,2.01767328939148e-09,9.14458151093178e-09,"ENSG00000115353","TACR1"
4.08457024759161,-1.27437870236129,0.452451811359708,-2.81660647690089,0.00485339523592001,0.00881137491785506,"ENSG00000115361","ACADL"
1129.56448020762,-1.39455917065421,0.212626323531415,-6.55873246309583,5.42670607842032e-11,2.90545284218112e-10,"ENSG00000115380","EFEMP1"
86.9173932963681,-1.24555758506227,0.180216591170582,-6.91144792481013,4.79731643588706e-12,2.86445760227597e-11,"ENSG00000115468","EFHD1"
12.5179586232263,-3.8013825479418,0.298724881814325,-12.7253629655951,4.27483681743249e-37,1.60659483010584e-35,"ENSG00000115556","PLCD4"
479.00879345754,-1.89415617762421,0.249041255009816,-7.60579277336821,2.83162698851637e-14,2.09925882814286e-13,"ENSG00000115590","IL1R2"
34.2443660324736,-4.57146803710344,0.419433441925991,-10.8991500918758,1.16338875372105e-27,2.37919188374006e-26,"ENSG00000115593","SMYD1"
928.513891260723,-2.15943576959832,0.213146798270775,-10.1312137321202,4.0163273231965e-24,6.40995170589191e-23,"ENSG00000115616","SLC9A2"
7.37917052129126,-4.06387019348176,0.443027826406683,-9.17294569608203,4.60266333630306e-20,5.4482326752107e-19,"ENSG00000115665","SLC5A7"
28.6097269382516,-1.7769327891518,0.273171377895842,-6.50482785875659,7.77823979329345e-11,4.11065271935056e-10,"ENSG00000115705","TPO"
200.006615481298,-1.97316837268658,0.126038340323962,-15.6553027246698,3.05655362828509e-55,3.4871014049459e-53,"ENSG00000115841","RMDN2"
94.039148333273,-1.02329438017078,0.187652065172524,-5.45314744727154,4.94860030971051e-08,1.91022927818715e-07,"ENSG00000115896","PLCL1"
1631.78130333808,-1.04699179630159,0.0763085983532367,-13.7204957094745,7.65403049457902e-43,4.13888200316568e-41,"ENSG00000115993","TRAK2"
5068.00676768944,-1.29378110037958,0.105845594845124,-12.2232871596846,2.3345048477018e-34,7.33290097055483e-33,"ENSG00000116016","EPAS1"
22.5187966187576,-1.46138885612991,0.233851064361775,-6.24922901299734,4.12483731028277e-10,2.02228538725378e-09,"ENSG00000116031","CD207"
7.32964853652449,-1.15120876156541,0.293411514913541,-3.92352959257455,8.72610411998574e-05,0.00021507309769927,"ENSG00000116147","TNR"
4439.03017057116,-1.14618379984954,0.0850684831422088,-13.4736597798913,2.23506946101887e-41,1.108796329907e-39,"ENSG00000116171","SCP2"
241.404298481531,-2.09698479283925,0.310254370218773,-6.75892104714136,1.39023122110439e-11,7.91829153100999e-11,"ENSG00000116176","TPSG1"
23.1282251802972,-2.17783216895417,0.328008785574208,-6.63955438005016,3.14632909210058e-11,1.72612606455466e-10,"ENSG00000116183","PAPPA2"
132.585629146508,-3.65275944398766,0.356385005529322,-10.2494756718577,1.18987231105649e-24,1.9744074554678e-23,"ENSG00000116194","ANGPTL1"
10063.6257102014,-1.09220036232139,0.083622467947198,-13.0610873983179,5.49374108515781e-39,2.3759039763899e-37,"ENSG00000116209","TMEM59"
22.8431226634013,-1.18401110859711,0.232973939286615,-5.08216117314513,3.73164563251317e-07,1.2935765903276e-06,"ENSG00000116254","CHD5"
2096.50543953829,-1.20645699893623,0.0807299580903197,-14.9443530936367,1.69529461328418e-50,1.45488821421734e-48,"ENSG00000116473","RAP1A"
1204.15550246542,-1.56236402259595,0.118199771395489,-13.2179952985559,6.90806390973419e-40,3.16938345032876e-38,"ENSG00000116574","RHOU"
1786.70975407751,-1.05749807142936,0.139375627833144,-7.5873959304805,3.26398574198095e-14,2.40587538002188e-13,"ENSG00000116667","C1orf21"
223.740004075189,-1.31237913442583,0.169532890272503,-7.74114764584234,9.85234052096842e-15,7.62158824969161e-14,"ENSG00000116678","LEPR"
2292.76622745678,-1.31653790829123,0.102506290890676,-12.8434840130479,9.35669161906185e-38,3.65586100282592e-36,"ENSG00000116704","SLC35D1"
805.882410602677,-1.69840740600128,0.189920918816251,-8.94270845248228,3.79746610778781e-19,4.17146226988909e-18,"ENSG00000116741","RGS2"
24.8185716263015,-4.09401297252923,0.286288467562368,-14.3003069854267,2.17846470211677e-46,1.48502539720361e-44,"ENSG00000116748","AMPD1"
723.114113807915,-1.1392633142559,0.18364918398188,-6.20347604903221,5.52294489982068e-10,2.6699442042425e-09,"ENSG00000116774","OLFML3"
470.377995455549,-2.3928167133945,0.153800721379058,-15.557903057536,1.40631325992208e-54,1.54041384342519e-52,"ENSG00000116833","NR5A2"
4.73546260628732,-1.58605322290492,0.280296188918722,-5.65849014581083,1.52710482642396e-08,6.25600418343334e-08,"ENSG00000116983","HPCAL4"
1405.62392926752,-1.23780851651718,0.130485598768638,-9.4861695711871,2.39679994353188e-21,3.12478017731333e-20,"ENSG00000116991","SIPA1L2"
272.305738649272,-1.35826169420876,0.200634737761855,-6.76982315904318,1.28939901013668e-11,7.36933606997545e-11,"ENSG00000117016","RIMS3"
1406.7004548279,-1.33520132799219,0.117469369347083,-11.3663786177919,6.14859950940686e-30,1.44407578092954e-28,"ENSG00000117054","ACADM"
83.1362556424638,-1.29869678066855,0.175447250133122,-7.40220653035687,1.33939965423957e-13,9.28690685420173e-13,"ENSG00000117090","SLAMF1"
165.740825408791,-1.40126668317689,0.211325431612815,-6.63084737356295,3.33765212759403e-11,1.82613791589025e-10,"ENSG00000117091","CD48"
3348.24120178305,-3.31836761747349,0.239530999889715,-13.853603996983,1.20986178613652e-43,6.95299792101507e-42,"ENSG00000117115","PADI2"
86.7423946051873,-1.45175553340861,0.33075218149442,-4.38925459795675,1.13739847568224e-05,3.23180542417818e-05,"ENSG00000117215","PLA2G2D"
1955.80349738567,-1.29996599350668,0.175363013046012,-7.41299987338603,1.23474004169757e-13,8.58135400996865e-13,"ENSG00000117226","GBP3"
21.3480329019292,-2.02751825003326,0.220339721824016,-9.2017827437062,3.52059567665128e-20,4.20753316693229e-19,"ENSG00000117281","CD160"
5279.27170303323,-1.15901247876716,0.104178509155022,-11.1252549894192,9.45351780551703e-29,2.06745960789939e-27,"ENSG00000117298","ECE1"
203.136220013701,-2.65007437917792,0.364519421832662,-7.27004988061918,3.59354780727135e-13,2.40196683842423e-12,"ENSG00000117322","CR2"
14402.4956531253,-2.32335670004053,0.183912720434527,-12.6329309606816,1.3900252686366e-36,5.01805647918041e-35,"ENSG00000117472","TSPAN1"
2481.72079302278,-1.10327827404736,0.0866865098343897,-12.7272199117847,4.17439620541086e-37,1.57038171144258e-35,"ENSG00000117528","ABCD3"
6805.01241228293,-1.50003271394243,0.0770142485108869,-19.4773401409011,1.70932132972777e-84,8.11336755111651e-82,"ENSG00000117592","PRDX6"
3.26160390663396,-1.31999869106019,0.306039724313706,-4.31316128656268,1.60936622868039e-05,4.45787488429936e-05,"ENSG00000117598","PLPPR5"
254.823066934481,-1.11112154245333,0.156702543663309,-7.09064139278224,1.33491848868997e-12,8.41465953816949e-12,"ENSG00000117643","MAN1C1"
1354.41025048122,-1.25762497850146,0.0723679524335454,-17.3782031439444,1.20675704083637e-67,2.76167785410928e-65,"ENSG00000117682","DHDDS"
1601.82539715991,-1.03334433771007,0.0823601511225982,-12.5466542208242,4.14663540635361e-36,1.45328798056588e-34,"ENSG00000117758","STX12"
399.820983445492,-1.14544598356744,0.124377779558695,-9.20941013444363,3.2792195499992e-20,3.92760604482304e-19,"ENSG00000117791","MTARC2"
13.9328433037931,-1.61472067002913,0.228817245622385,-7.05681368393835,1.70363800945937e-12,1.06365330545119e-11,"ENSG00000117971","CHRNB4"
33.7769346084896,-1.23328454350778,0.204023707045341,-6.04480999472135,1.49586181516263e-09,6.89006819307028e-09,"ENSG00000118004","COLEC11"
65.8829416122591,-1.14166232672339,0.236844765223977,-4.82029790966146,1.4334400074931e-06,4.6022102687338e-06,"ENSG00000118094","TREH"
39.4101689555333,-2.88177167535798,0.317085365575064,-9.08831497200011,1.00585782672472e-19,1.15473920167469e-18,"ENSG00000118160","SLC8A2"
25.797654010825,-2.01800071656714,0.176031407940296,-11.4638673869585,2.00363693453621e-30,4.83880836822323e-29,"ENSG00000118298","CA14"
127.166058207169,-2.39887981205498,0.210880192485397,-11.3755577694719,5.53478807289123e-30,1.30309857341365e-28,"ENSG00000118308","IRAG2"
24.7607152086773,-1.45060884809094,0.18946421064146,-7.6563739567472,1.91256283324828e-14,1.43892154659718e-13,"ENSG00000118402","ELOVL4"
57.842493968711,-2.42990199659234,0.221555858085387,-10.9674463929357,5.4798191140994e-28,1.14813408980806e-26,"ENSG00000118407","FILIP1"
43.8005738452932,-3.58649390874223,0.330140494687083,-10.863538300994,1.71954702542742e-27,3.47954865718989e-26,"ENSG00000118432","CNR1"
381.584016525381,-1.03572410296807,0.184060551520387,-5.62708355708342,1.83281958859023e-08,7.43473461938473e-08,"ENSG00000118507","AKAP7"
1976.77652401216,-2.77570279895537,0.164835611030269,-16.8392180646309,1.25889000246902e-63,2.21007049885508e-61,"ENSG00000118515","SGK1"
98.1038723826074,-2.17433728555606,0.175062920586979,-12.4203188103203,2.02751912984291e-35,6.87407654189332e-34,"ENSG00000118526","TCF21"
137.283691912693,-4.3653682438422,0.395503429668301,-11.0374978227201,2.51951741536045e-28,5.36961674436603e-27,"ENSG00000118729","CASQ2"
6.14025867936958,-2.87555640659987,0.452920328402041,-6.34892325708848,2.16827157969314e-10,1.09616748750114e-09,"ENSG00000118733","OLFM3"
336.169575948542,-4.87703856090131,0.241148361443225,-20.2242243393784,5.99254279108144e-91,3.33906221287983e-88,"ENSG00000118777","ABCG2"
87.7282419419434,-1.62886309269964,0.113383161643443,-14.3660052259077,8.45706538126173e-47,5.86192006134234e-45,"ENSG00000118804","STBD1"
566.601696690116,-4.30269235892664,0.265497316941492,-16.2061613597204,4.56187036112871e-59,6.44817021229101e-57,"ENSG00000119121","TRPM6"
937.300017539697,-1.82205026915263,0.16062422293197,-11.3435584987971,7.9830914959733e-30,1.85565851720487e-28,"ENSG00000119138","KLF9"
27.2647582344893,-4.21450099798204,0.329071827827914,-12.8072373311337,1.49358049739999e-37,5.75964788199973e-36,"ENSG00000119147","ECRG4"
1207.71894805149,-1.8757530687063,0.181759888397879,-10.3199505965816,5.72526091499736e-25,9.72687169239521e-24,"ENSG00000119227","PIGZ"
198.363167596435,-1.43933300682766,0.24845324305679,-5.79317455920135,6.90682533386415e-09,2.95117485675789e-08,"ENSG00000119508","NR4A3"
1376.95843424154,-1.40661504088074,0.120292167061336,-11.6933219780097,1.3788569097664e-31,3.57953488249756e-30,"ENSG00000119514","GALNT12"
2156.22795701451,-1.03252231193064,0.088419531318602,-11.6775365864602,1.66037863483043e-31,4.27286327800037e-30,"ENSG00000119541","VPS4B"
211.73888760248,-1.87255796192627,0.161213516284431,-11.6153906017563,3.44211718104377e-31,8.74679968668803e-30,"ENSG00000119686","FLVCR2"
40.1582355925363,-1.08874553307041,0.222153496356389,-4.90087057339757,9.54129009733081e-07,3.13774681697098e-06,"ENSG00000119782","FKBP1B"
160.824675833873,-1.40379545762131,0.151335967741345,-9.27601996123354,1.75927651814279e-20,2.15273406406861e-19,"ENSG00000119865","CNRIP1"
161.184729897815,-2.85401852286149,0.182199397786825,-15.6642588149535,2.65506798528656e-55,3.03807734614025e-53,"ENSG00000119919","NKX2-3"
99.6379473589787,-2.17565623627164,0.234233112393323,-9.28842303311194,1.56591095324605e-20,1.92346895908789e-19,"ENSG00000119938","PPP1R3C"
1554.26950724651,-1.66925342437951,0.0921523456597539,-18.1140633201324,2.46837994911509e-73,7.72769372765755e-71,"ENSG00000119950","MXI1"
29.7551238606705,-3.75413937273752,0.444206872310535,-8.45133114039958,2.88000133263051e-17,2.75167522951405e-16,"ENSG00000120057","SFRP5"
2706.67761885664,-1.02685734993099,0.0928248452885561,-11.0623114613215,1.91108052864351e-28,4.1139592992585e-27,"ENSG00000120063","GNA13"
3868.03818000083,-1.06498974520031,0.175244810764338,-6.07715424242983,1.22334081306197e-09,5.7031386249295e-09,"ENSG00000120129","DUSP1"
220.072940292882,-1.35382427388096,0.156917368023598,-8.62762542434029,6.26388291947963e-18,6.28300304214019e-17,"ENSG00000120156","TEK"
1130.98265554137,-1.55069691681975,0.113793528284636,-13.6272856654988,2.75643136842291e-42,1.43211509218589e-40,"ENSG00000120162","MOB3B"
2.62071093130112,-1.70648265706697,0.429794302266066,-3.97046365684616,7.17328981158501e-05,0.0001793999046289,"ENSG00000120251","GRIA2"
120.358720018702,-1.20842940934252,0.153347648731178,-7.88032564790692,3.2652895352096e-15,2.63243000126239e-14,"ENSG00000120279","MYCT1"
46.6514750021114,-1.35906705340288,0.18594939321111,-7.30880068998081,2.69537216275622e-13,1.81996792310306e-12,"ENSG00000120280","TASL"
2.73275253734441,-1.63454414631414,0.247932189271079,-6.59270646187452,4.31879961305862e-11,2.33602826003468e-10,"ENSG00000120436","GPR31"
27.8191184075399,-4.21674522796724,0.200517872739329,-21.0292737019456,3.54028584216975e-98,2.38795385568246e-95,"ENSG00000120498","TEX11"
49.2386836761581,-1.30179644951287,0.185163494654623,-7.03052430470191,2.05758877450383e-12,1.27380530235796e-11,"ENSG00000120658","ENOX1"
2.26412106471932,-1.53388017278057,0.419095113219114,-3.65998105059893,0.00025223390060432,0.000575698235472501,"ENSG00000120729","MYOT"
6405.65233495142,-1.4605621326619,0.113691314025538,-12.846734556466,8.97181596751011e-38,3.509047899317e-36,"ENSG00000120756","PLS1"
361.387982739168,-1.16685005979349,0.130344942781681,-8.95201635669053,3.49047225274003e-19,3.84742507743968e-18,"ENSG00000120833","SOCS2"
2681.52732682248,-2.36064435135177,0.229921213802845,-10.2671881046,9.90496153696622e-25,1.65356515940834e-23,"ENSG00000120885","CLU"
1991.43400312696,-1.31511820923197,0.110445945937796,-11.9073470562029,1.08370568388538e-32,3.03461270417636e-31,"ENSG00000120899","PTK2B"
4.50689625793114,-2.66607774815758,0.313939762251375,-8.49232263233616,2.02547786506725e-17,1.96155031431337e-16,"ENSG00000120907","ADRA1A"
439.319761500205,-1.13783736904161,0.139757260159269,-8.14152601263729,3.90326655304621e-16,3.41298360620805e-15,"ENSG00000120913","PDLIM2"
1700.64705369583,-1.51478751057524,0.155621893275917,-9.73376867925343,2.16422792482194e-22,3.03900916821144e-21,"ENSG00000120915","EPHX2"
9.96841683283262,-3.40521339578878,0.355943573220414,-9.5667225144142,1.10348383583805e-21,1.47055955065739e-20,"ENSG00000121207","LRAT"
224.241303378934,-1.32886696383958,0.176644921967799,-7.5228144066424,5.36094988599583e-14,3.86629976114953e-13,"ENSG00000121297","TSHZ3"
95.5159773503422,-1.05832680371269,0.216254861440311,-4.89388676242453,9.8863737472835e-07,3.24401648426909e-06,"ENSG00000121406","ZNF549"
219.23093061507,-1.30883320072567,0.206774176300251,-6.32977107753121,2.45525191273953e-10,1.23459417066567e-09,"ENSG00000121413","ZSCAN18"
577.846578607595,-1.44682844445871,0.173243772747897,-8.35140231311011,6.74572240837843e-17,6.26002388208847e-16,"ENSG00000121440","PDZRN3"
99.0510980696271,-3.25936403030948,0.209535268160248,-15.5552049014336,1.46685054939319e-54,1.6021591781966e-52,"ENSG00000121577","POPDC2"
90.7335926846941,-2.12719979118778,0.232116960372836,-9.16434450878118,4.98490012580607e-20,5.88981115970701e-19,"ENSG00000121807","CCR2"
2542.20394370124,-1.56789806509748,0.116804723546301,-13.4232419502792,4.41948259205206e-41,2.15355953379754e-39,"ENSG00000121858","TNFSF10"
12.7980465508701,-3.58650345564653,0.441914667224515,-8.11582805832602,4.82483427743256e-16,4.17511599064708e-15,"ENSG00000121871","SLITRK3"
31.0511891046269,-1.60287008325774,0.199081323998946,-8.05133324945246,8.18969406094901e-16,6.97075863540639e-15,"ENSG00000121895","TMEM156"
411.517385284153,-2.40835776939668,0.246116756695433,-9.78542786656739,1.30044083236088e-22,1.85866351976873e-21,"ENSG00000121898","CPXM2"
5462.08386561633,-1.12383637220549,0.156673416460199,-7.1731146074228,7.33104303925895e-13,4.75787663285599e-12,"ENSG00000121900","TMEM54"
21.4276236268288,-1.41779089497818,0.189150934796497,-7.49555320201585,6.60193194001447e-14,4.72319459057939e-13,"ENSG00000121905","HPCA"
24.9844443738529,-1.58232838741039,0.198941262420725,-7.95374658910151,1.80954074415635e-15,1.49294877662187e-14,"ENSG00000121933","TMIGD3"
20.3194377950027,-1.68476990911155,0.244575587756653,-6.88854486486139,5.63659581976913e-12,3.33759740463058e-11,"ENSG00000122025","FLT3"
664.056036908134,-2.37371462721127,0.332728240047783,-7.13409425923805,9.74265520652939e-13,6.2252927493009e-12,"ENSG00000122121","XPNPEP2"
369.826214671796,-1.24670693413883,0.174672999122115,-7.13737635699067,9.51291230950533e-13,6.08962603335916e-12,"ENSG00000122122","SASH3"
75.3351441972818,-1.40154234324793,0.232114316211242,-6.03815553527693,1.55885775049538e-09,7.16906745613587e-09,"ENSG00000122188","LAX1"
44.6025465191986,-1.01790951123749,0.220150699810582,-4.62369418817793,3.76965505593034e-06,1.14335695752094e-05,"ENSG00000122223","CD244"
62.2692564485294,-2.10461774793406,0.220480399568662,-9.54560020778009,1.35321717622698e-21,1.79403933704823e-20,"ENSG00000122224","LY9"
105.503096625031,-4.06968235467394,0.27759271123518,-14.6606239643881,1.15209342991719e-48,8.91238150905963e-47,"ENSG00000122367","LDB3"
2.38692873030629,-1.68593526145993,0.295044224119846,-5.7141781591871,1.10235462881757e-08,4.59328366903099e-08,"ENSG00000122375","OPN4"
69.0680732733495,-1.00047667931274,0.227426107755528,-4.39912853096093,1.08686444476701e-05,3.09783359092278e-05,"ENSG00000122420","PTGFR"
1628.16208246382,-1.04010158484309,0.120203328106271,-8.65285180726062,5.02282286499395e-18,5.05530027985399e-17,"ENSG00000122490","SLC66A2"
5.7029965937206,-3.60016981258195,0.366261756794165,-9.82949965645803,8.40352394060963e-23,1.21966887483812e-21,"ENSG00000122585","NPY"
773.022188239446,-1.92574254135967,0.141386694168009,-13.6203944274369,3.02927252093364e-42,1.56751602439214e-40,"ENSG00000122694","GLIPR2"
204.890124428557,-1.32738451807082,0.142764389556092,-9.29772839149984,1.43478205837209e-20,1.76634856862734e-19,"ENSG00000122707","RECK"
6.50345930157754,-2.21618713982204,0.271205901704919,-8.17160366308447,3.04316857727116e-16,2.68781764967481e-15,"ENSG00000122733","PHF24"
102.361339622204,-3.97666091021868,0.384721395323562,-10.336469347836,4.81968358915504e-25,8.24665665119019e-24,"ENSG00000122756","CNTFR"
7600.41613079881,-1.81819470976157,0.202151019911719,-8.99423960638731,2.37873090550102e-19,2.65010336493183e-18,"ENSG00000122786","CALD1"
12.7076877178925,-1.79095383246622,0.266285470876857,-6.7256911410478,1.74760912023435e-11,9.82889523780723e-11,"ENSG00000122824","NUDT10"
2320.8354214063,-2.19641101972992,0.14905668957671,-14.7354072196777,3.8188844766784e-49,3.04615459491399e-47,"ENSG00000122971","ACADS"
86.3586291250883,-1.25562796754431,0.144517512342977,-8.68841393120847,3.67534504349353e-18,3.73726503272139e-17,"ENSG00000122986","HVCN1"
643.363951574002,-1.03556415434666,0.188434184967449,-5.4956278475986,3.89322767724969e-08,1.5185444304273e-07,"ENSG00000123095","BHLHE41"
321.493641651004,-1.55662864116149,0.174919899233072,-8.89909408813094,5.63043495966133e-19,6.0892639351364e-18,"ENSG00000123096","SSPN"
31.2303293913885,-2.52401864975868,0.275225887780199,-9.17071671606129,4.69884396470655e-20,5.56037100372647e-19,"ENSG00000123119","NECAB1"
785.176372526359,-2.01394308995482,0.184589561151064,-10.9103845168507,1.02820514617819e-27,2.10834150693935e-26,"ENSG00000123243","ITIH5"
648.426947280545,-1.211127480705,0.181950914381405,-6.65634182066402,2.80726949997533e-11,1.54850918888883e-10,"ENSG00000123338","NCKAP1L"
63.4855581763188,-1.17174668681122,0.204848483194125,-5.72006523329155,1.06483163101316e-08,4.44367542793476e-08,"ENSG00000123360","PDE1B"
78.9368147421374,-5.23431559798943,0.360424674387231,-14.5226339092584,8.70981360522449e-48,6.42737435086499e-46,"ENSG00000123560","PLP1"
42.4019927051739,-2.07224698656211,0.208912383162171,-9.91921567882121,3.43444280470819e-23,5.11996985314524e-22,"ENSG00000123570","RAB9B"
234.661162001464,-1.31016387732099,0.192055180655665,-6.82180961142613,8.99007631170416e-12,5.22117015039410e-11,"ENSG00000123612","ACVR1C"
1000.22402935022,-2.08109277013635,0.0970049200247802,-21.4534764793861,4.23767111892396e-102,3.07407059451452e-99,"ENSG00000123643","SLC36A1"
38.0340812325561,-1.23395765085492,0.240604900557877,-5.12856408158691,2.9196051802351e-07,1.0249275051543e-06,"ENSG00000124203","ZNF831"
393.496962803402,-3.39502813447083,0.261067778614921,-13.0043935428683,1.15511627615639e-38,4.86426675458761e-37,"ENSG00000124205","EDN3"
378.358686366674,-1.44417405067965,0.275908486370089,-5.23425020259258,1.65655933341817e-07,5.99884493660436e-07,"ENSG00000124212","PTGIS"
2346.52235734685,-2.84277295264555,0.263816237281247,-10.7755799337512,4.4894399305987e-27,8.81990275992479e-26,"ENSG00000124253","PCK1"
3.00083760053743,-2.38763598911251,0.289453887071526,-8.24876118703669,1.60044901854224e-16,1.44408503674944e-15,"ENSG00000124302","CHST8"
1245.42765872491,-1.31274770959739,0.168439996190005,-7.79356292621007,6.51456148340611e-15,5.11989667523538e-14,"ENSG00000124406","ATP8A1"
97.8184596245508,-2.31218106439114,0.256460302913546,-9.01574644544728,1.95534260314622e-19,2.19302966928713e-18,"ENSG00000124440","HIF3A"
675.472876186472,-2.61982488552448,0.260494180682786,-10.0571340160368,8.54497041399878e-24,1.33331362624599e-22,"ENSG00000124491","F13A1"
20.1837288032518,-1.70448276344942,0.209955654334463,-8.11829892770667,4.72763173856706e-16,4.09284524775248e-15,"ENSG00000124507","PACSIN1"
2.9038699008372,-2.02348055723992,0.323389804119747,-6.25709447688911,3.9221583189064e-10,1.92931449446001e-09,"ENSG00000124568","SLC17A1"
344.854309861109,-1.87191904870683,0.150775330638269,-12.4152873071645,2.159103846063e-35,7.30088527436975e-34,"ENSG00000124615","MOCS1"
41.7912893721276,-2.07940986482282,0.218810465456475,-9.503246841895,2.03445919748971e-21,2.66594590204113e-20,"ENSG00000124749","COL21A1"
5959.66230127348,-1.18095623873938,0.15143067248645,-7.79865940861519,6.25682810132102e-15,4.92438628477972e-14,"ENSG00000124762","CDKN1A"
236.065216191092,-2.07148668617253,0.163739980345183,-12.6510744767747,1.10355169395891e-36,4.00266528090928e-35,"ENSG00000124772","CPNE5"
0.412247360171265,-1.88413514954162,0.763764735641032,-2.46690513664559,0.0136286457973699,0.0226517614115287,"ENSG00000124935","SCGB1D2"
28.4665845426353,-2.65829542746168,0.320755911229242,-8.28759606416672,1.15560258722566e-16,1.05283063201576e-15,"ENSG00000124939","SCGB2A1"
18978.5134202675,-1.55049207957561,0.156929153930214,-9.88020416056731,5.07294488758004e-23,7.46705635883574e-22,"ENSG00000124942","AHNAK"
3.69972714845725,-1.12987469145801,0.272447832203677,-4.14712307423807,3.36679102330706e-05,8.88482493466171e-05,"ENSG00000125084","WNT1"
1994.92309223235,-3.45011598925947,0.25686654716061,-13.4315504583874,3.95052667945397e-41,1.9373201434307e-39,"ENSG00000125144","MT1G"
2833.11932568043,-2.20101038277374,0.210769680985452,-10.4427276849447,1.58198538774475e-25,2.78364266373558e-24,"ENSG00000125148","MT2A"
3.85895653497417,-4.75498833952705,0.762013773570129,-6.24002938588542,4.37488698375661e-10,2.13778952547649e-09,"ENSG00000125255","SLC10A2"
925.393718446014,-1.17354928835684,0.122017730106237,-9.61785871065681,6.72157965974053e-22,9.13483821767565e-21,"ENSG00000125354","SEPTIN6"
39.3602957776428,-2.10694887282515,0.237809088373021,-8.85983326894658,8.01341978360156e-19,8.56762932202806e-18,"ENSG00000125355","TMEM255A"
7.00372772836418,-1.00286563546444,0.208344022595956,-4.81350807653986,1.48303604768345e-06,4.7531082798671e-06,"ENSG00000125409","TEKT3"
1.87686021130923,-1.9653718847081,0.571493376866358,-3.43901078169047,0.000583843981019345,0.00125060167910473,"ENSG00000125414","MYH2"
2731.45405356836,-1.80551236920763,0.106461121483161,-16.9593589101277,1.64125361861498e-64,3.04837091183045e-62,"ENSG00000125648","SLC25A23"
13.3496178526051,-1.76357597589545,0.290689708455718,-6.06686760692152,1.30428985292174e-09,6.05301381018845e-09,"ENSG00000125675","GRIA3"
1456.27671281916,-1.285942558814,0.29041496196833,-4.42794871895833,9.51335116585155e-06,2.73547088679601e-05,"ENSG00000125740","FOSB"
1939.95227978798,-2.25601368648619,0.18894900496879,-11.9398018891861,7.33978048162283e-33,2.07953235207777e-31,"ENSG00000125775","SDCBP2"
4.53647803253226,-1.61677924863657,0.455822612015955,-3.54694832159835,0.00038972103014374,0.00086133452838536,"ENSG00000125820","NKX2-2"
689.023184849154,-1.93261922953805,0.161063876183788,-11.9990855512055,3.59243555001945e-33,1.04319010265557e-31,"ENSG00000125845","BMP2"
25.6155381494698,-4.63437102622992,0.465109141566293,-9.96405061105291,2.18955732390711e-23,3.3077371486152e-22,"ENSG00000125851","PCSK2"
4.93533579420981,-1.35136624577383,0.376941601516627,-3.58508119118878,0.000336973357110182,0.000753759289086291,"ENSG00000125965","GDF5"
0.802069465084289,-2.03262896898831,0.444741643546631,-4.57035899039931,4.86889441986613e-06,1.45484094008388e-05,"ENSG00000126266","FFAR1"
107.912006057328,-1.23666136207695,0.220223252334112,-5.61548950426334,1.96006554965547e-08,7.93248844080042e-08,"ENSG00000126353","CCR7"
39.4229322914189,-1.0696097251651,0.22620750722929,-4.72844486138522,2.26246047596407e-06,7.06733977245616e-06,"ENSG00000126500","FLRT1"
1.31769750005546,-1.58356355789906,0.453547888683128,-3.49150243538103,0.000480312086817029,0.00104496145325115,"ENSG00000126545","CSN1S1"
2.85621693319332,-1.4824933403644,0.402351090793674,-3.68457641668139,0.000229083291091923,0.000526044633136902,"ENSG00000126733","DACH2"
10.6828997016664,-1.14562247867199,0.181440019688616,-6.31405618582982,2.71815179882141e-10,1.3616258268311e-09,"ENSG00000126759","CFP"
234.347889608055,-1.00574421307697,0.15781431400539,-6.3729593821421,1.85415004204959e-10,9.43692171917932e-10,"ENSG00000126785","RHOJ"
1030.16817556201,-1.57765617223284,0.2369336647381,-6.65864082242907,2.76371409190947e-11,1.5257971810977e-10,"ENSG00000126803","HSPA2"
149.321950987199,-1.8512553337436,0.171662621167025,-10.7842657950699,4.084921875756e-27,8.06226855016381e-26,"ENSG00000126947","ARMCX1"
92.0548341145116,-4.06328787317847,0.27517730864041,-14.7660717130139,2.42437617654768e-49,1.96231559704692e-47,"ENSG00000126950","TMEM35A"
28.8667585838272,-2.05157839748449,0.326990340958444,-6.27412538080205,3.51605095269231e-10,1.73934136616265e-09,"ENSG00000127074","RGS13"
46.8752167814387,-2.11504999374006,0.392986733493175,-5.38198827970561,7.36675625297152e-08,2.78495258267449e-07,"ENSG00000127083","OMD"
53.7216039716705,-2.9456275514119,0.248030965181872,-11.876047610636,1.57646651561555e-32,4.37304531932693e-31,"ENSG00000127129","EDN2"
190.054590438719,-3.19568460436731,0.330350069629968,-9.6736307879301,3.90280690800656e-22,5.37432726332837e-21,"ENSG00000127241","MASP1"
66.9188595888465,-2.57356813806446,0.269374551949684,-9.55386512733826,1.24945772056973e-21,1.65934027574246e-20,"ENSG00000127249","ATP13A4"
2437.32290231886,-1.00499025008213,0.0917866451362227,-10.9491990756455,6.70377362909527e-28,1.39620793454944e-26,"ENSG00000127334","DYRK2"
38.8638843836688,-2.40065646276488,0.240974756395829,-9.9622736367519,2.22905694377104e-23,3.36608610829399e-22,"ENSG00000127472","PLA2G5"
12.922467089449,-1.94792948486931,0.379897552817338,-5.12751258970575,2.93595352856541e-07,1.03019627008081e-06,"ENSG00000127588","GNG13"
8.34728076012355,-1.29156044016647,0.182161472908949,-7.09019541586625,1.33922757337399e-12,8.43809939585545e-12,"ENSG00000127743","IL17B"
11.7852654068258,-2.1359923644139,0.207136877111435,-10.3119849743838,6.22030857660442e-25,1.05492811576846e-23,"ENSG00000127903","ZNF835"
2224.13593209203,-1.1094442284647,0.143051777131193,-7.75554313769359,8.79661692822497e-15,6.83792015850112e-14,"ENSG00000127914","AKAP9"
419.089753660185,-1.0519849210374,0.156284082383887,-6.73123522876354,1.68228737164189e-11,9.4795401696491e-11,"ENSG00000127920","GNG11"
929.864681886443,-2.56622270177312,0.202385460493653,-12.6798767832119,7.64519541436711e-37,2.80740045937127e-35,"ENSG00000127951","FGL2"
497.918542539117,-1.4429031233987,0.155714572342177,-9.26633327693939,1.92655113359992e-20,2.34994008355063e-19,"ENSG00000127955","GNAI1"
258.391539311139,-1.64041862748665,0.183718170661358,-8.92899500131851,4.29896295687258e-19,4.69685219672862e-18,"ENSG00000127990","SGCE"
729.89611508295,-1.26872638509491,0.119609260529439,-10.607258831624,2.7571956308384e-26,5.12105799124849e-25,"ENSG00000127995","CASD1"
11.7911059835631,-3.02729175553002,0.306123651641335,-9.88911421675088,4.64116213810147e-23,6.85511950532413e-22,"ENSG00000128040","SPINK2"
28.8031154952173,-2.34178701151692,0.268947051254444,-8.70724181802393,3.1135837896255e-18,3.18626446525769e-17,"ENSG00000128218","VPREB3"
102.391722029301,-1.10926046862783,0.17038932748192,-6.51015227902425,7.50746597654622e-11,3.97356200991565e-10,"ENSG00000128266","GNAZ"
5919.81581957977,-1.58229338922142,0.137186754760787,-11.5338641254432,8.90548585470942e-31,2.20044482426744e-29,"ENSG00000128311","TST"
3.10941656216969,-2.05634599841744,0.352924397332419,-5.82659066349717,5.6571140052395e-09,2.44161497709299e-08,"ENSG00000128322","IGLL1"
29.8798821204554,-1.06496025920662,0.1510481549987,-7.05046850268242,1.78316376036165e-12,1.11167986208245e-11,"ENSG00000128346","C22orf23"
38.9133542309301,-2.78241294594069,0.257135774561219,-10.8207928309029,2.74393356568201e-27,5.48601215807469e-26,"ENSG00000128383","APOBEC3A"
10.5368178608906,-1.81597695045329,0.296788569994104,-6.11875636076335,9.43084664224537e-10,4.45275403235181e-09,"ENSG00000128438",NA
26.6498145934087,-2.09096088257112,0.220559501654529,-9.48025755809997,2.53656205184136e-21,3.3036314772068e-20,"ENSG00000128482","RNF112"
1065.06566739056,-1.20758680345544,0.124132706304203,-9.72819202455872,2.2862011885098e-22,3.20326447137887e-21,"ENSG00000128487","SPECC1"
211.035126533841,-2.11774205154038,0.278406949469667,-7.60664220334456,2.81308682002789e-14,2.0859160842741e-13,"ENSG00000128573","FOXP2"
2711.85580303718,-3.33402158584223,0.258440965159971,-12.900515147738,4.47098311440515e-38,1.79619527481228e-36,"ENSG00000128591","FLNC"
85.1913212060449,-1.49327349580047,0.217661296187076,-6.86053755058514,6.86019074593576e-12,4.02738973292093e-11,"ENSG00000128596","CCDC136"
13.6346852993481,-2.03097815583562,0.278819729708712,-7.28419813747548,3.2358914373222e-13,2.17234709430289e-12,"ENSG00000128645","HOXD1"
242.363470757146,-1.11759363997854,0.201659530600849,-5.54198275007708,2.99065773820676e-08,1.18318396852064e-07,"ENSG00000128815","WDFY4"
323.01946264803,-1.05942910156487,0.183756310264428,-5.76540255972888,8.14631577418859e-09,3.4489748108163e-08,"ENSG00000128872","TMOD2"
33.5980934093577,-1.37509237460162,0.270939790635654,-5.07526920049473,3.86947779664971e-07,1.33906222185231e-06,"ENSG00000129048","ACKR4"
4394.03054299473,-1.44096704518887,0.148749234916695,-9.68722323846482,3.41692032231445e-22,4.72725209183244e-21,"ENSG00000129116","PALLD"
59.0441159684533,-3.57245906655368,0.287813031674806,-12.4124298533853,2.23757471855326e-35,7.55294426727105e-34,"ENSG00000129167","TPH1"
25.4022866340708,-1.4212570368769,0.188088446196,-7.55632291946238,4.14623725140373e-14,3.02429109475847e-13,"ENSG00000129194","SOX15"
34.6724387008188,-2.37209982510971,0.204689379175671,-11.5887782485964,4.69785671837798e-31,1.18671811597555e-29,"ENSG00000129244","ATP1B2"
6224.23385804373,-1.00168681321121,0.0967861564289996,-10.3494843701747,4.20745670629207e-25,7.2248364442524e-24,"ENSG00000129250","KIF1C"
4276.1661551528,-1.12062048741476,0.162943009148591,-6.87737690171686,6.09646623252464e-12,3.59992070713983e-11,"ENSG00000129538","RNASE1"
63.8894728217848,-1.55760494277578,0.217108768022277,-7.17430694745575,7.26743928633792e-13,4.71819044650175e-12,"ENSG00000129595","EPB41L4A"
20.0828122162304,-1.76827651156176,0.280975959866829,-6.29333738160322,3.10711994386691e-10,1.54580021327447e-09,"ENSG00000129596","CDO1"
381.468413899624,-1.17574729318024,0.162285286857397,-7.24494078266867,4.32628186604669e-13,2.87077250438207e-12,"ENSG00000129675","ARHGEF6"
101.322196423149,-1.16866245752541,0.240302179829133,-4.8633036053039,1.15442565387467e-06,3.7556441965239e-06,"ENSG00000129682","FGF13"
0.977240681463179,-1.7406350531564,0.439493922081452,-3.96054408423378,7.47791856909064e-05,0.000186484747503294,"ENSG00000129744","ART1"
15.9311174228869,-1.76445809876015,0.268555793101936,-6.57017329017517,5.0256738806284e-11,2.70127336346317e-10,"ENSG00000129990","SYT5"
19.7302529310909,-1.76552959919095,0.236681605319578,-7.45951336947817,8.68426176025326e-14,6.13418724777617e-13,"ENSG00000130032","PRRG3"
17.4414464515605,-2.62187632931594,0.193816938136661,-13.5275913164372,1.07488185759705e-41,5.40208925216129e-40,"ENSG00000130037","KCNA5"
142.658586463114,-3.28689667332125,0.252329705969428,-13.0261978497272,8.68276944853209e-39,3.70095828146023e-37,"ENSG00000130055","GDPD2"
3659.99087934653,-4.19854727523949,0.295321412134769,-14.216873896443,7.1998043685761e-46,4.78911554599732e-44,"ENSG00000130176","CNN1"
55.5331907861227,-2.04481367266299,0.224596736427516,-9.10437838584939,8.67618434659688e-20,1.00232349631493e-18,"ENSG00000130224","LRCH2"
44.2847979174559,-4.90011242408323,0.341091764132413,-14.3659652309312,8.4619492653393e-47,5.86192006134234e-45,"ENSG00000130226","DPP6"
2.29469064032658,-1.87263551861677,0.317460440485061,-5.89879959769315,3.66155629012495e-09,1.61107638688984e-08,"ENSG00000130287","NCAN"
80.6313731668712,-2.48123433687084,0.38913606187527,-6.37626419127959,1.81459794875002e-10,9.24785887269245e-10,"ENSG00000130294","KIF1A"
1.57108689595641,-1.52732606656882,0.417509012809192,-3.65818705635185,0.000254005640559707,0.000579350166389587,"ENSG00000130433","CACNG6"
659.443909032958,-1.05876194585536,0.0939371794836306,-11.2709573746554,1.82573808942783e-29,4.16582506375264e-28,"ENSG00000130449","ZSWIM6"
91.1924403539131,-2.04594492197554,0.202512823238279,-10.1027919578617,5.36914122111906e-24,8.48099311948909e-23,"ENSG00000130518","IQCN"
18.5903219901504,-1.18664586644017,0.153723696893182,-7.71934249840957,1.16931310588887e-14,8.98053954896309e-14,"ENSG00000130528","HRC"
4337.85236382219,-1.12982689631163,0.138841158970575,-8.13755016659781,4.03356277931937e-16,3.51731431563828e-15,"ENSG00000130529","TRPM4"
29.1247928670816,-1.00445815860545,0.438446737123637,-2.29094682103246,0.0219664895445346,0.0350099748587955,"ENSG00000130540","SULT4A1"
187.419370151993,-1.78916681627657,0.220943356772138,-8.09785296292828,5.59376199006877e-16,4.81557024702584e-15,"ENSG00000130558","OLFM1"
814.26864578656,-1.44447724401067,0.16504571597739,-8.75198265799613,2.09636622898555e-18,2.17365135937992e-17,"ENSG00000130592","LSP1"
4.85152994617272,-2.21832179839613,0.347083826870302,-6.39131422054151,1.64466017387131e-10,8.41749862950349e-10,"ENSG00000130595","TNNT3"
9.73401391373271,-2.67025487794217,0.326425770279364,-8.1802820765557,2.83180186759163e-16,2.50746859519335e-15,"ENSG00000130643","CALY"
269.23002313297,-1.02342421807572,0.175483666264407,-5.83201981051441,5.47604155100874e-09,2.36691815077721e-08,"ENSG00000130653","PNPLA7"
10.7555430722396,-1.38865214483752,0.465266042363,-2.98464108359341,0.00283911240264573,0.00538169560320754,"ENSG00000130700","GATA5"
862.741315436754,-1.270490743762,0.102721629495674,-12.3682884510269,3.8800109992015e-35,1.29267576157972e-33,"ENSG00000130766","SESN2"
4456.55321655729,-1.10081440202502,0.205599788777508,-5.35416115245273,8.59542303000557e-08,3.2228225983482e-07,"ENSG00000130821","SLC6A8"
97.129905941021,-3.34974648287716,0.30667176750569,-10.9229046746698,8.95841473729981e-28,1.84876098446036e-26,"ENSG00000130822","PNCK"
1111.37405387835,-1.58329085256739,0.247157030412743,-6.40601179712895,1.49375411197043e-10,7.67785619557851e-10,"ENSG00000131016","AKAP12"
737.8969763124,-1.31897155913238,0.204854712092817,-6.43857075904005,1.20603734546987e-10,6.25924916593952e-10,"ENSG00000131018","SYNE1"
5522.14890068707,-1.06424673741911,0.109225161608921,-9.74360414525753,1.96460160360844e-22,2.76779178651277e-21,"ENSG00000131069","ACSS2"
29.4713025453401,-1.12705671271635,0.23722519095457,-4.7509992854519,2.02413847820716e-06,6.36529135217003e-06,"ENSG00000131094","C1QL1"
282.533570814827,-5.85983314387131,0.420423366975153,-13.9379340069307,3.72569495650236e-44,2.2381530311351e-42,"ENSG00000131096","PYY"
2469.2384558935,-1.06991200310776,0.134380379330595,-7.96181710780578,1.69530937284375e-15,1.40412665785703e-14,"ENSG00000131171","SH3BGRL"
117.251128422071,-2.03333163372195,0.241647011545679,-8.41447043237105,3.94673806855335e-17,3.73101152008042e-16,"ENSG00000131386","GALNT15"
145.13914501136,-1.57865343213259,0.189428694148326,-8.33376083401854,7.83140464125406e-17,7.22567828755207e-16,"ENSG00000131401",NA
41.1035606365236,-1.22661320405094,0.184479115170373,-6.64906270239921,2.94965329853812e-11,1.62471805686096e-10,"ENSG00000131409","LRRC4B"
1080.37780472614,-2.73819567912719,0.228212161218956,-11.9984652198269,3.61945919358362e-33,1.0494520936328e-31,"ENSG00000131471","AOC3"
15.3310391519665,-6.53950595860576,0.531305745453431,-12.308366725876,8.1658973267901e-35,2.6382710464126e-33,"ENSG00000131482","G6PC1"
579.701523781208,-1.20678306223355,0.218260433823253,-5.52909678174103,3.21883737727646e-08,1.26914819653521e-07,"ENSG00000131711","MAP1B"
698.47733913948,-2.11223955086798,0.164783440417899,-12.8182755834642,1.29549712449224e-37,5.00582692918121e-36,"ENSG00000131781","FMO5"
254.398352984863,-1.1692735420458,0.211655375730827,-5.52442165954163,3.305726934727e-08,1.30060666659281e-07,"ENSG00000131831","RAI2"
111.283294495815,-1.36978961246782,0.203037964222053,-6.74647038407924,1.51484969824373e-11,8.58005691637839e-11,"ENSG00000131845","ZNF304"
65.1028523465593,-1.0461722939797,0.10613650280638,-9.85685665456851,6.40223186360483e-23,9.37344282025951e-22,"ENSG00000131849","ZNF132"
28932.6982923609,-1.20911040755156,0.126035930362888,-9.59337868233473,8.52467636713945e-22,1.15039744572626e-20,"ENSG00000131981","LGALS3"
44.5469275561702,-2.73495586652919,0.299001660827393,-9.14695877929594,5.85588500972089e-20,6.8724423372631e-19,"ENSG00000132185","FCRLA"
13.864251747637,-1.39371367229556,0.311177475260976,-4.47883855065887,7.50502681387293e-06,2.18810772664725e-05,"ENSG00000132429","POPDC3"
1.82905635427551,-1.08876935833762,0.418356324323891,-2.60249288712723,0.00925487349459494,0.0158941404049981,"ENSG00000132464","ENAM"
17371.1031591653,-3.7566097896686,0.323597096489562,-11.6089106806611,3.71315754644486e-31,9.42931097676125e-30,"ENSG00000132465","JCHAIN"
130.22028821557,-2.7643459171152,0.232094353304089,-11.9104402057269,1.04424503915229e-32,2.93265807306708e-31,"ENSG00000132514","CLEC10A"
55.5158073996782,-2.81314697315641,0.252591913717085,-11.1371220549335,8.27503231684162e-29,1.81592561350234e-27,"ENSG00000132517","SLC52A1"
7.32038540179948,-1.46202728510468,0.319190981193962,-4.58041539781554,4.64053307977983e-06,1.38973808473512e-05,"ENSG00000132554","RGS22"
1555.63163623736,-1.78665078440272,0.187378975036722,-9.53495867960946,1.49945269530431e-21,1.98176204112633e-20,"ENSG00000132561","MATN2"
71.4332759474435,-2.33252625780293,0.224240961624065,-10.4018741308885,2.43104069086168e-25,4.24460587836327e-24,"ENSG00000132563","REEP2"
33.2510680571669,-2.38898623299447,0.355326506715333,-6.72335496464491,1.77587244893831e-11,9.97763671552406e-11,"ENSG00000132639","SNAP25"
1363.79538442676,-1.18955690152351,0.0981433002857924,-12.1206123908563,8.214304931857e-34,2.49262337580983e-32,"ENSG00000132640","BTBD3"
0.674436965422817,-1.91982144248176,0.475720955835998,-4.0356041055791,5.44619837119836e-05,0.00013879755321322,"ENSG00000132671","SSTR4"
35.9812786832315,-2.30204912788455,0.28562514360068,-8.05968654882478,7.64903298107899e-16,6.5322605736016e-15,"ENSG00000132704","FCRL2"
402.551818463948,-1.08325653645711,0.166698351789125,-6.49830382142852,8.12306308239157e-11,4.28346463213152e-10,"ENSG00000132718","SYT11"
16.8304838878198,-1.04450188061974,0.192523883763665,-5.42531066899694,5.78538252993484e-08,2.21588565579204e-07,"ENSG00000132837","DMGDH"
41.0330200385704,-1.95671010692752,0.243973300695278,-8.02018131226355,1.05589190742208e-15,8.88447877794279e-15,"ENSG00000132840","BHMT2"
64.4019878169319,-1.0663537118412,0.260638612652983,-4.09131134096757,4.28940813121677e-05,0.0001112463164398,"ENSG00000132854","KANK4"
12.8337666294568,-3.1345812547499,0.460455486369683,-6.80756630670975,9.92635651626063e-12,5.74583903915496e-11,"ENSG00000132872","SYT4"
25.5218643955,-2.60428823008209,0.432487470948883,-6.02165011709646,1.72647791211649e-09,7.89742965938641e-09,"ENSG00000132874","SLC14A2"
63.4412740835057,-3.54457344081769,0.282916011093696,-12.52871276926,5.19998036679542e-36,1.81583692245398e-34,"ENSG00000132915","PDE6A"
24.3858583544405,-1.7474593556305,0.200628753605268,-8.70991482640908,3.041032121024e-18,3.11569979981147e-17,"ENSG00000132932","ATP8A2"
14.4013300305707,-1.2463685775407,0.270602304672632,-4.60590525660352,4.10675349874326e-06,1.2397326614807e-05,"ENSG00000132938","MTUS2"
1.55346869872531,-2.35017706429268,0.582953712287718,-4.03149858171371,5.54223310787791e-05,0.000141095375644671,"ENSG00000132975","GPR12"
91.0197421965093,-2.70110240394002,0.254831372851378,-10.5995677601099,2.99360597618401e-26,5.54408328354272e-25,"ENSG00000133083","DCLK1"
3.03536994311023,-1.87796547257839,0.279895987748892,-6.70951194292645,1.95276437051897e-11,1.09331486461836e-10,"ENSG00000133101","CCNA1"
344.609667408972,-1.44929685134111,0.183949541327213,-7.87877393378803,3.30609022225871e-15,2.66364733393086e-14,"ENSG00000133104","SPART"
53.6941477565214,-1.43491773382863,0.260456467244403,-5.50924209719145,3.60381975916912e-08,1.41167659990601e-07,"ENSG00000133116","KL"
19.1808657691941,-2.35054690368295,0.384364527086169,-6.11541060123892,9.6308661973577e-10,4.54217262867777e-09,"ENSG00000133169","BEX1"
27.9607303019854,-1.01518804108497,0.189430002288666,-5.35917240574149,8.36040436912299e-08,3.14113619446567e-07,"ENSG00000133256","PDE6B"
10.4246995408377,-1.75773040821342,0.329138906620987,-5.34039085885857,9.27464004407728e-08,3.46431638759e-07,"ENSG00000133317","LGALS12"
74.5835615905237,-3.36810370840289,0.254655355885791,-13.2261255479481,6.20020715855066e-40,2.85826576288726e-38,"ENSG00000133328","PLAAT2"
17872.5073329792,-4.43976805865598,0.321252120418861,-13.8201984561759,1.9253830736116e-43,1.0886059269286e-41,"ENSG00000133392","MYH11"
868.741951263568,-1.27162910978432,0.106717065760708,-11.9158927461115,9.78128424525773e-33,2.75099513809381e-31,"ENSG00000133424","LARGE1"
389.641476580711,-1.52226726897549,0.160532090035874,-9.4826353325077,2.47940698059183e-21,3.2302866886755e-20,"ENSG00000133561","GIMAP6"
442.853548936624,-1.30721012214405,0.162844237336725,-8.02736494409092,9.95885053138927e-16,8.40312556478693e-15,"ENSG00000133574","GIMAP4"
4.96670489340877,-1.64534924077863,0.257807868903551,-6.3820753329844,1.74703977504465e-10,8.92171487165218e-10,"ENSG00000133661","SFTPD"
284.422339802432,-1.63454349430554,0.206437586084417,-7.91785800884699,2.41637079538954e-15,1.9716088278935e-14,"ENSG00000133687","TMTC1"
176.170058660212,-1.67324819759524,0.237815656559009,-7.03590428740364,1.97972804552349e-12,1.22732360310681e-11,"ENSG00000133710","SPINK5"
1044.78850556147,-1.07109845571809,0.119184643676051,-8.98688306380625,2.54341003722588e-19,2.82701606537217e-18,"ENSG00000133731","IMPA1"
3195.52237974839,-6.85229371207781,0.447146936658552,-15.3244787122635,5.24738255374509e-53,5.1729773600984e-51,"ENSG00000133742","CA1"
220.539611153159,-4.15924791385667,0.24394562158352,-17.0498977881129,3.5014504609166e-65,6.69752566521694e-63,"ENSG00000133800","LYVE1"
13.7679487260446,-2.79693687192166,0.262730437839684,-10.6456522316928,1.82700251342886e-26,3.42814864000973e-25,"ENSG00000133878","DUSP26"
13.7341395851619,-1.33925184143089,0.162470582640307,-8.24304203054319,1.67886565431581e-16,1.51271028384063e-15,"ENSG00000133958","UNC79"
1.90612750260476,-1.29265456422517,0.279679909209848,-4.62190712188508,3.80228251708941e-06,1.15252566961949e-05,"ENSG00000134020","PEBP4"
1516.24588255191,-3.62789183668395,0.210069134391421,-17.2699899354282,7.9156211726257e-67,1.67215322650517e-64,"ENSG00000134028","ADAMDEC1"
123.652146449128,-1.68996037588795,0.194602264094153,-8.68417633142391,3.81496602732356e-18,3.872069663477e-17,"ENSG00000134061","CD180"
138.892204549787,-2.41244353045267,0.246737797378314,-9.77735700036975,1.40840285073073e-22,2.00998011885836e-21,"ENSG00000134121","CHL1"
204.923243896257,-1.7759824873168,0.227546342176933,-7.80492654958105,5.95362089024474e-15,4.69439832582526e-14,"ENSG00000134138","MEIS2"
124.438277297989,-1.27523240360644,0.505031541596253,-2.52505496899425,0.011568019347368,0.0195025494342582,"ENSG00000134184","GSTM1"
347.595502469034,-1.83421436969881,0.219720829446277,-8.34793121035113,6.94690130616682e-17,6.44049950610551e-16,"ENSG00000134198","TSPAN2"
54.0980177115143,-2.94485484263951,0.191176150038566,-15.4038819279782,1.54131950224786e-53,1.57604018358839e-51,"ENSG00000134201","GSTM5"
4.09046655419016,-1.58734199080503,0.352869445266383,-4.49838321820904,6.84721914231659e-06,2.00697594240029e-05,"ENSG00000134207","SYT6"
8784.9606146402,-2.38204226096924,0.304706062020175,-7.81750860214759,5.38790484360813e-15,4.26232052514818e-14,"ENSG00000134240","HMGCS2"
220.084938329103,-1.25695566717334,0.15526144341777,-8.09573606623758,5.69191157333721e-16,4.89677610785625e-15,"ENSG00000134245","WNT2B"
69.7070180254995,-1.42386731317675,0.132394951649629,-10.7546949142357,5.63200778392625e-27,1.09915636176961e-25,"ENSG00000134256","CD101"
11.3743852597627,-1.08747728264408,0.224221431173478,-4.85001490246804,1.23452198917626e-06,4.00368341778657e-06,"ENSG00000134259","NGF"
418.884545202588,-1.64046068846899,0.224600627533149,-7.3039007347692,2.79542645466698e-13,1.88355697340662e-12,"ENSG00000134321","RSAD2"
6.7307642699921,-1.84685790901297,0.426670697560258,-4.32853233084313,1.50106299844379e-05,4.1822863324276e-05,"ENSG00000134343","ANO3"
2288.87747330916,-1.08524548736268,0.138070325401977,-7.86009219724148,3.83850821825479e-15,3.07136577455238e-14,"ENSG00000134352","IL6ST"
1.88263005439194,-1.39285428476691,0.393117579506583,-3.54309844529247,0.000395455049221931,0.000873144218539917,"ENSG00000134376","CRB1"
473.77967279524,-1.19936556204399,0.196850514530583,-6.09277331534564,1.10971151784737e-09,5.19672091676951e-09,"ENSG00000134516","DOCK2"
4820.23895457416,-1.78682227284766,0.166170356024557,-10.752954471516,5.73932481735667e-27,1.11953232497672e-25,"ENSG00000134531","EMP1"
39.4118522671619,-1.1394171962055,0.235844569005073,-4.83122083757201,1.35698386363544e-06,4.37176699653162e-06,"ENSG00000134532","SOX5"
134.866059587332,-2.2074529615233,0.226173590708725,-9.75999432385608,1.67164577301478e-22,2.36372802630009e-21,"ENSG00000134533","RERG"
13.074079475349,-1.17756592892214,0.272662596964438,-4.31876591080705,1.56904095923287e-05,4.35621878680142e-05,"ENSG00000134545","KLRC1"
2.95521512050088,-1.9642523204808,0.304090502779533,-6.45943330201564,1.05095793531133e-10,5.48681641274691e-10,"ENSG00000134548","SPX"
4166.83186131875,-1.55345730477805,0.1301664481619,-11.934391133158,7.83299370484898e-33,2.21274878009059e-31,"ENSG00000134755","DSC2"
172.062895847954,-1.55975755106359,0.265106742316497,-5.88350766726815,4.01661479357206e-09,1.7600500224352e-08,"ENSG00000134769","DTNA"
1075.99898382256,-1.09604567610487,0.172092215147596,-6.36894397091025,1.90334117129198e-10,9.67575803420108e-10,"ENSG00000134853","PDGFRA"
155.196219074769,-1.23961005575066,0.169654012156565,-7.30669460741484,2.73793860962472e-13,1.84676360919722e-12,"ENSG00000134874","DZIP1"
72.9940825173646,-2.02733286773809,0.238200759716923,-8.51102603596801,1.72400916192745e-17,1.6818827188939e-16,"ENSG00000134917","ADAMTS8"
466.908557445764,-2.01208337953908,0.244494819753072,-8.22955423583693,1.87911401783761e-16,1.68720916963574e-15,"ENSG00000134955","SLC37A2"
33.2024816474024,-2.13151956457639,0.201456236893986,-10.5805588223018,3.66764158723915e-26,6.73721051622473e-25,"ENSG00000134962","KLB"
1877.9778283192,-1.02879866587172,0.109851518423778,-9.36535680738508,7.579376364908e-21,9.51720106540419e-20,"ENSG00000135002","RFK"
10123.749408326,-1.29607071091557,0.121449451465029,-10.6716884702338,1.38093867048726e-26,2.61541621006028e-25,"ENSG00000135052","GOLM1"
50.1105308154349,-2.15325209273516,0.232446114699615,-9.26344626374054,1.9793807111274e-20,2.41131971485156e-19,"ENSG00000135063","ENTREP1"
380.678562554407,-1.74601049430605,0.180073682333659,-9.69608924346236,3.13276841210708e-22,4.3450774581631e-21,"ENSG00000135083","CCNJL"
599.365639313132,-1.54073286211711,0.193289395425228,-7.97111946430154,1.57243413299378e-15,1.30460455570159e-14,"ENSG00000135114","OASL"
9.2161002979468,-2.28107898050202,0.396598228721486,-5.75161161928416,8.83966878445884e-09,3.7277475677974e-08,"ENSG00000135116","HRK"
1527.27207078659,-1.38711282130395,0.110199197909039,-12.5873223001941,2.47942237326586e-36,8.8183489347782e-35,"ENSG00000135124","P2RX4"
405.862298539339,-2.39245953454576,0.249656161939683,-9.58301816369257,9.42496476817437e-22,1.26478750590576e-20,"ENSG00000135218","CD36"
715.970106498262,-3.30398566139654,0.351703993054577,-9.39422277438812,5.76418076120707e-21,7.28998216204369e-20,"ENSG00000135220","UGT2A3"
14.7685325405796,-3.35070205767683,0.318704452572339,-10.51350877163,7.48555956242404e-26,1.34736567648182e-24,"ENSG00000135298","ADGRB3"
130.869519504476,-3.42197959277949,0.338132872399066,-10.1202215818309,4.49397068470018e-24,7.14260814033352e-23,"ENSG00000135333","EPHA7"
1674.77007058623,-1.24065475358577,0.105513428160556,-11.7582640922055,6.40373555573279e-32,1.70738155971747e-30,"ENSG00000135362","PRR5L"
202.666466891431,-1.27112127459214,0.132081821071665,-9.62374128611124,6.34793282089695e-22,8.64843987119153e-21,"ENSG00000135363","LMO2"
24.5474088170479,-3.48869131352477,0.28854765878843,-12.0905202564224,1.185337284529e-33,3.56036426392863e-32,"ENSG00000135406","PRPH"
2.16267438460007,-1.43965602636832,0.296152821075748,-4.86119301899237,1.16680413862611e-06,3.79398838952623e-06,"ENSG00000135409","AMHR2"
571.541466556513,-1.90697277607071,0.179309620748052,-10.6350834278446,2.04645508555258e-26,3.82313210273275e-25,"ENSG00000135424","ITGA7"
52.2142904185146,-1.57164566742303,0.191549091947556,-8.20492361223683,2.30737545285373e-16,2.05589024416842e-15,"ENSG00000135426","TESPA1"
52.9613136908894,-2.05044952520909,0.147154932854605,-13.9339503299901,3.93949552968324e-44,2.35921782912355e-42,"ENSG00000135437","RDH5"
45.7505356943164,-3.4247518467862,0.341771448243062,-10.0205908492116,1.23760846736395e-23,1.90558000579663e-22,"ENSG00000135447","PPP1R1A"
1900.43095880172,-1.13356361103399,0.106094369918263,-10.6844841239672,1.20316094203474e-26,2.291130695315e-25,"ENSG00000135540","NHSL1"
691.458540934657,-3.95071182100439,0.225519306874879,-17.5182864640334,1.03908135625384e-68,2.56086928871098e-66,"ENSG00000135549","PKIB"
750.274954491023,-2.51111657799626,0.177388503933984,-14.156027714912,1.71413325567106e-45,1.11511474248367e-43,"ENSG00000135678","CPM"
103.651903943887,-2.35495151679551,0.308214657781238,-7.64062142192794,2.1617582052245e-14,1.61982299193659e-13,"ENSG00000135702","CHST5"
618.684159152034,-2.01723770767376,0.143336232506175,-14.0734667878678,5.52910614511926e-45,3.45093415521753e-43,"ENSG00000135709","KIAA0513"
338.973434545504,-1.53702764602417,0.28903895216564,-5.31771802557374,1.05076739187259e-07,3.9028938185031e-07,"ENSG00000135773","CAPN9"
464.887266239748,-1.35062599385824,0.10452413752024,-12.9216659988866,3.39705426324093e-38,1.37916098478167e-36,"ENSG00000135828","RNASEL"
746.676714161937,-2.993328279749,0.204662386914769,-14.6256883097702,1.92613028611574e-48,1.47517791056358e-46,"ENSG00000135842","NIBAN1"
30.6471533071273,-1.24593026908581,0.261242107743262,-4.76925515510792,1.84908333565883e-06,5.84731921418613e-06,"ENSG00000135898","GPR55"
340.533777999843,-1.10073282680381,0.191363069518654,-5.75206506444818,8.81598544866699e-09,3.71939199544496e-08,"ENSG00000135905","DOCK10"
21225.412924197,-2.29440911991582,0.166289333950309,-13.7976926445652,2.63140944098567e-43,1.45777808036853e-41,"ENSG00000135916","ITM2C"
1589.56670305195,-1.00303538386645,0.177587744932333,-5.64811149693152,1.62219959468085e-08,6.62299116668735e-08,"ENSG00000135929","CYP27A1"
3872.70548748266,-1.00628232777045,0.062687057253809,-16.0524735384561,5.4930515161323e-58,7.43631519861755e-56,"ENSG00000135956","TMEM127"
30.8847695477885,-2.05513042495785,0.202043561164543,-10.171719470358,2.65185401256801e-24,4.2910703375927e-23,"ENSG00000136011","STAB2"
2252.49747413014,-1.96540314639026,0.0788862278202271,-24.9144014195886,5.19458510502932e-137,1.24822633458164e-133,"ENSG00000136044","APPL2"
747.000584160856,-1.58318812841829,0.142408289356419,-11.1172470055861,1.0341393079569e-28,2.25650136055727e-27,"ENSG00000136052","SLC41A2"
2550.23045326109,-1.52569895447574,0.162756524283786,-9.37411855647335,6.97561644108089e-21,8.78740253310082e-20,"ENSG00000136059","VILL"
14830.7326454186,-1.10150760561284,0.113074123491417,-9.74146490462472,2.00640844676918e-22,2.82462048893938e-21,"ENSG00000136068","FLNB"
343.857291116964,-1.44275966823842,0.154315659502701,-9.34940545170769,8.81417865413292e-21,1.10168636773553e-19,"ENSG00000136160","EDNRB"
56.8910311363855,-2.13190449307769,0.18924160600614,-11.2655168071683,1.94209141935504e-29,4.41297806146237e-28,"ENSG00000136274","NACAD"
0.47772720547544,-2.37479553525629,0.510637451103815,-4.65064896850561,3.30892129724582e-06,1.0107905380201e-05,"ENSG00000136297","MMD2"
34.6227331140129,-2.88146107436994,0.211934144707025,-13.5960209637444,4.22818955078608e-42,2.1674827154543e-40,"ENSG00000136457","CHAD"
113.059590010338,-4.69067256330717,0.388445538407657,-12.0754960464612,1.4230350539866e-33,4.24119602485447e-32,"ENSG00000136546","SCN7A"
39.6523451293583,-2.18901305451139,0.320887437480711,-6.82174743797184,8.99396888907104e-12,5.22264192536043e-11,"ENSG00000136573","BLK"
14.1021010239158,-1.03597425127524,0.223441241118677,-4.63645048733417,3.54443047443115e-06,1.07844823085197e-05,"ENSG00000136634","IL10"
333.157528824064,-1.69646815335491,0.167226197339247,-10.1447511236133,3.49668555666833e-24,5.60154456655113e-23,"ENSG00000136732","GYPC"
3515.63545914629,-2.53180523275432,0.160283988121786,-15.7957464274637,3.32830120420339e-56,3.99884988743774e-54,"ENSG00000136826","KLF4"
70.0683679729882,-2.74600932383695,0.237260041863373,-11.5738381493595,5.59237321653364e-31,1.40529394154293e-29,"ENSG00000136842","TMOD1"
655.296419515874,-1.46847056667699,0.191797612489458,-7.65635477739695,1.91284834308481e-14,1.43892154659718e-13,"ENSG00000136960","ENPP2"
187.409242498605,-1.00155854610643,0.130220897241585,-7.69122750128458,1.45730038330124e-14,1.10992131213912e-13,"ENSG00000137070","IL11RA"
629.508067849648,-2.07690993760536,0.277754026606418,-7.47751513445521,7.57410475908271e-14,5.38364957797103e-13,"ENSG00000137077","CCL21"
224.458359499886,-2.43862214191893,0.187241785753531,-13.023920553337,8.94572080566021e-39,3.8003992023781e-37,"ENSG00000137094","DNAJB5"
2021.04332227726,-1.00084715994828,0.127267583923422,-7.86411691881019,3.71710252445205e-15,2.97856275026277e-14,"ENSG00000137171","KLC4"
273.094582542434,-1.55925475210274,0.236342704916994,-6.59743127104504,4.18342515619144e-11,2.26822940318844e-10,"ENSG00000137251","TINAG"
226.871681239119,-2.43163321879466,0.238433801582103,-10.198357794322,2.0165323541253e-24,3.29632735625236e-23,"ENSG00000137265","IRF4"
1235.98446838408,-1.51127342669195,0.118542818718495,-12.7487556229011,3.16761094296249e-37,1.19749398155436e-35,"ENSG00000137266","SLC22A23"
423.412966465516,-1.01233287682407,0.151088015556907,-6.7002857446544,2.08012381860858e-11,1.16123886240807e-10,"ENSG00000137267","TUBB2A"
1258.82671612903,-1.20601211396068,0.0729599400555883,-16.5297848797822,2.23941431257716e-61,3.45778160946402e-59,"ENSG00000137269","LRRC1"
211.325361512403,-2.25062032280756,0.174754595595126,-12.8787475667984,5.92898739315498e-38,2.35001833303742e-36,"ENSG00000137273","FOXF2"
101.80200565457,-1.23796761147037,0.273005420253436,-4.53458986389771,5.77155253947494e-06,1.71059883198576e-05,"ENSG00000137285","TUBB2B"
9.1789722118702,-2.80106212380539,0.259909558228613,-10.7770646947182,4.41758068973614e-27,8.68760740553889e-26,"ENSG00000137441","FGFBP2"
1367.7298482569,-1.17534838204029,0.0995231638689885,-11.8097972004538,3.47398193050506e-32,9.45252535613079e-31,"ENSG00000137486","ARRB1"
2168.20936172229,-1.3362066791182,0.14029192844815,-9.52447296076654,1.65881487105719e-21,2.18712123962742e-20,"ENSG00000137501","SYTL2"
449.651277547934,-1.04246851058464,0.141176897761229,-7.3841296070109,1.53453911053523e-13,1.05826771628247e-12,"ENSG00000137502","RAB30"
146.262845756393,-1.39157467837815,0.307777246183367,-4.52136958022256,6.1440809612208e-06,1.81373987036284e-05,"ENSG00000137558","PI15"
1372.01048393177,-1.55455491539598,0.171271030817719,-9.07657826296654,1.12041754756608e-19,1.28395509541798e-18,"ENSG00000137628","DDX60"
1372.69010714646,-2.95789708383675,0.336698851079947,-8.78499310095482,1.56374133965945e-18,1.63461564126936e-17,"ENSG00000137634","NXPE4"
56.5553173980824,-1.14740671676455,0.176310002228351,-6.50789349590314,7.62119176836229e-11,4.03153494659087e-10,"ENSG00000137672","TRPC6"
1.53762566969601,-3.84714371165446,0.495343504550889,-7.7666178647937,8.06095687008036e-15,6.285126927276e-14,"ENSG00000137675","MMP27"
182.640207495901,-2.16548203500246,0.212339798271497,-10.198192014074,2.01997676648236e-24,3.30055447262845e-23,"ENSG00000137726","FXYD6"
42.3579530417326,-2.57730295599608,0.219375701443622,-11.7483519780718,7.20095162864177e-32,1.90934473976821e-30,"ENSG00000137727","ARHGAP20"
257.473640674703,-2.22865005441489,0.209558549616128,-10.6349755640959,2.04882441858747e-26,3.8256994862279e-25,"ENSG00000137757","CASP5"
2.28249344240224,-1.21559744189038,0.435950762721382,-2.78838241801007,0.00529719727397696,0.00955125186852658,"ENSG00000137766","UNC13C"
2642.9404228038,-1.4035421722843,0.121515333015853,-11.5503298015995,7.35377011819052e-31,1.82997022481599e-29,"ENSG00000137767","SQOR"
604.593723792573,-1.92471468415036,0.159669334209022,-12.0543790934252,1.83913193507029e-33,5.44754279719933e-32,"ENSG00000137819","PAQR5"
541.417151125344,-1.43731170782073,0.196438279685782,-7.31686161230807,2.53837382915042e-13,1.7193949719758e-12,"ENSG00000137825","ITPKA"
340.20219254583,-1.83083025133625,0.39793851071451,-4.60078681012538,4.20898040000467e-06,1.26879935266567e-05,"ENSG00000137860","SLC28A2"
373.993807103614,-3.16830634996667,0.195498511725147,-16.2062939610559,4.55204060911729e-59,6.44817021229101e-57,"ENSG00000137872","SEMA6D"
39.251758782742,-1.06146797693268,0.241891621704327,-4.388196537994,1.14294469180754e-05,3.24660469641111e-05,"ENSG00000137875","BCL2L10"
194.100503306808,-1.24071133160183,0.155147674405669,-7.99697021792095,1.27518066561496e-15,1.06696128511204e-14,"ENSG00000137878","GCOM1"
676.533515395616,-1.49949159993369,0.105943118305595,-14.1537423469864,1.77077369049129e-45,1.15001581213376e-43,"ENSG00000137936","BCAR3"
93.9618092423167,-1.38757293512691,0.237095080405172,-5.85239024257983,4.84558017449638e-09,2.10720530447758e-08,"ENSG00000137941","TTLL7"
21.6723745977027,-1.4226721841011,0.406285820646379,-3.50165354488057,0.000462380454631611,0.00100868936332396,"ENSG00000137975","CLCA2"
3843.24958104459,-1.04459273010714,0.064881541730933,-16.0999985857167,2.55110415917742e-58,3.54087731436442e-56,"ENSG00000138029","HADHB"
8.1260983159432,-1.84269597422078,0.24443281094895,-7.53866048942841,4.74823370525958e-14,3.43976365122288e-13,"ENSG00000138115","CYP2C8"
71.0526532859232,-1.7711377977041,0.198934092008682,-8.90313862154307,5.4289310572467e-19,5.87464431066603e-18,"ENSG00000138131","LOXL4"
1068.87263374201,-2.07294611758082,0.121339978372134,-17.0837851249928,1.95982529281128e-65,3.80552540569269e-63,"ENSG00000138193","PLCE1"
18.712265480385,-2.37289538531379,0.291834942879481,-8.13095019362957,4.25938339869496e-16,3.70498899388292e-15,"ENSG00000138347","MYPN"
125.899745785771,-1.87369144478126,0.238114601185593,-7.86886413286706,3.57875572882356e-15,2.87309295272666e-14,"ENSG00000138356","AOX1"
7.2412368378814,-1.69311573101106,0.272719920173879,-6.20825838439516,5.35750129741e-10,2.59355140243669e-09,"ENSG00000138379","MSTN"
9.19537864351183,-1.48203513701584,0.283446850490733,-5.22861740904858,1.70782364515896e-07,6.16764002305342e-07,"ENSG00000138395","CDK15"
41.0417145163386,-1.75760517679509,0.209054313599175,-8.40740928295306,4.19166338099754e-17,3.95089193452347e-16,"ENSG00000138435","CHRNA1"
1045.09629336771,-1.0080581812953,0.116113877570482,-8.68163394753047,3.90123255888095e-18,3.95336552955445e-17,"ENSG00000138593","SECISBP2L"
2198.43912973828,-1.63467912678538,0.0886284440873344,-18.444181702824,5.80714553874564e-76,2.02970295025594e-73,"ENSG00000138600","SPPL2A"
266.086223877659,-2.77263883261043,0.341042601632492,-8.12988998834294,4.29680208870302e-16,3.73415799964658e-15,"ENSG00000138615","CILP"
3.22351250168659,-1.58914627451201,0.288399294103892,-5.51022941803575,3.58366306798054e-08,1.4043532155198e-07,"ENSG00000138622","HCN4"
8.55489350173246,-2.9493388157871,0.345617713682904,-8.53352909594514,1.41949733822739e-17,1.39507704915206e-16,"ENSG00000138650","PCDH10"
71.0493636906016,-4.08398076261924,0.207461135823104,-19.6855220444832,2.86964992515056e-86,1.43284974899044e-83,"ENSG00000138669","PRKG2"
352.840332892229,-2.53691959135167,0.16462072627299,-15.4106937126782,1.38714721669934e-53,1.42597992086737e-51,"ENSG00000138678","GPAT3"
135.554719750515,-1.40894558829582,0.236210011116221,-5.96480048257814,2.44933140499168e-09,1.10075329664191e-08,"ENSG00000138685","FGF2"
175.432470714712,-3.0284702483866,0.296097288032851,-10.227956724989,1.48621973392802e-24,2.45555178815344e-23,"ENSG00000138722","MMRN1"
808.229733998438,-1.70299471442124,0.172554056481583,-9.86934036293145,5.65351621917651e-23,8.29621137704883e-22,"ENSG00000138735","PDE5A"
1269.4594742614,-2.19610498381197,0.11613575833877,-18.9098087895193,9.46995168329242e-80,4.04545813741715e-77,"ENSG00000138744","NAAA"
24.6312247067403,-1.70235613607493,0.212069469497444,-8.02735132081542,9.95995609507478e-16,8.40312556478693e-15,"ENSG00000138769","CDKL2"
4026.14517012544,-1.03860404923295,0.0974489795436643,-10.6579263743607,1.60127827827994e-26,3.0163814779534e-25,"ENSG00000138771","SHROOM3"
124.445639282808,-3.03168900139086,0.250052018175438,-12.1242332835875,7.85922801825887e-34,2.39242865889152e-32,"ENSG00000138944","SHISAL1"
2581.17406418678,-1.05855827834108,0.137983922151792,-7.6716059511382,1.69856088094838e-14,1.28653605574906e-13,"ENSG00000139044","B4GALNT3"
230.827024194509,-2.11932535094589,0.18125367267971,-11.6925925947493,1.39075250921506e-31,3.60554698056584e-30,"ENSG00000139117","CPNE8"
2.13775533806639,-2.83090868518268,0.514880693604477,-5.49818379353982,3.83722872781943e-08,1.49806999287646e-07,"ENSG00000139144","PIK3C2G"
9.06815088588226,-1.32460066204048,0.251161027933177,-5.27391002075728,1.33547403040028e-07,4.89372570022869e-07,"ENSG00000139155","SLCO1C1"
3197.73109257073,-1.19627129360701,0.134253241843753,-8.91055796625944,5.07763738554066e-19,5.51312975323021e-18,"ENSG00000139163","ETNK1"
81.0616893355033,-1.74854556742807,0.208354427154858,-8.39216901366092,4.77254131094455e-17,4.47209105000939e-16,"ENSG00000139193","CD27"
102.870549292589,-1.11987240281737,0.156401970661868,-7.16021926116561,8.05481240494329e-13,5.20213963602981e-12,"ENSG00000139194","RBP5"
26.5768818184441,-2.32930312017837,0.227200976464609,-10.2521703754262,1.1571556571064e-24,1.92260862354234e-23,"ENSG00000139200","PIANP"
171.680302048514,-2.0270842101605,0.300471783617802,-6.7463379947148,1.51623186446186e-11,8.58662048799014e-11,"ENSG00000139209","SLC38A4"
2.4273618314902,-1.62003098324096,0.433223006186312,-3.73948511530399,0.000184397565976252,0.000430503596009774,"ENSG00000139352","ASCL1"
23.7451532671666,-1.46411302934342,0.242169083187703,-6.04582967433791,1.48643066035756e-09,6.84826837612549e-09,"ENSG00000139364","TMEM132B"
1436.00101195632,-1.63388917047553,0.069928295049744,-23.3652081652106,9.65481832383462e-121,1.37481037072766e-117,"ENSG00000139433","GLTP"
1044.24986369439,-1.46364334217839,0.135358169533603,-10.8131141786387,2.98365885063896e-27,5.95291810225824e-26,"ENSG00000139508","SLC46A3"
2992.0960195259,-1.3925670681836,0.223418330811751,-6.23300274030316,4.57578163850723e-10,2.22943957236963e-09,"ENSG00000139540","SLC39A5"
14.401344329103,-1.05840306994314,0.195417826369049,-5.4161029707921,6.09120303329613e-08,2.32814875257119e-07,"ENSG00000139549","DHH"
2362.15865611894,-1.66168886396013,0.144970529170024,-11.4622528694178,2.04134741395832e-30,4.92369410442005e-29,"ENSG00000139567","ACVRL1"
173.771058588463,-1.35774607723319,0.195912422966481,-6.93037254439697,4.19733784921349e-12,2.52266762996266e-11,"ENSG00000139626","ITGB7"
1.54041824367307,-1.69221443727438,0.29672428436421,-5.70298599219908,1.17726660351425e-08,4.88794482778753e-08,"ENSG00000139656","SMIM2"
2.38528090774776,-1.12205529773708,0.413167022035769,-2.71574263649711,0.00661273009113822,0.0117031685607619,"ENSG00000139767","SRRM4"
264.462423623926,-1.40349119066466,0.204099398062012,-6.87650823075056,6.13373929308966e-12,3.61970644054364e-11,"ENSG00000139874","SSTR1"
40.2455289943182,-3.02064303402374,0.279807226760243,-10.7954432378261,3.61712957936225e-27,7.16474914671513e-26,"ENSG00000139910","NOVA1"
383.66786063562,-1.306148173851,0.169758358714668,-7.6941611814614,1.42425422353557e-14,1.0869055603865e-13,"ENSG00000139946","PELI2"
112.954087328873,-1.64970071949125,0.206810260667368,-7.97688042250776,1.50078093019577e-15,1.24703964606088e-14,"ENSG00000139970","RTN1"
24.6460609151429,-1.0115433708585,0.202134433159435,-5.00431002797353,5.60624679825227e-07,1.89822431221845e-06,"ENSG00000140009","ESR2"
14.6713771619875,-1.29377628521159,0.188549316571219,-6.86173945755407,6.8027053353428e-12,3.99669333783503e-11,"ENSG00000140090","SLC24A4"
534.336832494403,-1.452926251415,0.168927493297452,-8.60088682460144,7.91024605674235e-18,7.89115802136931e-17,"ENSG00000140092","FBLN5"
221.488093921277,-1.12365207651729,0.260169537282025,-4.31892253126946,1.56792802877311e-05,4.35375768613604e-05,"ENSG00000140285","FGF7"
41.8072586743932,-1.50453214815982,0.228815519083069,-6.57530640486678,4.85530787847796e-11,2.61372195468835e-10,"ENSG00000140287","HDC"
4565.79391287268,-2.13231641322112,0.249164107189895,-8.55787953276922,1.14962399058757e-17,1.13623633846067e-16,"ENSG00000140297","GCNT3"
193.517330292228,-2.34551107377974,0.188152663612941,-12.4659998362012,1.1442752170308e-35,3.93858095516411e-34,"ENSG00000140323","DISP2"
10837.2034170828,-1.58923074647002,0.126394042065703,-12.5736207221215,2.94902232240084e-36,1.04306404074834e-34,"ENSG00000140416","TPM1"
1094.94540587379,-1.65721812247844,0.131058427892477,-12.6448802196686,1.19406376453666e-36,4.32687743215279e-35,"ENSG00000140450","ARRDC4"
6.90018547219814,-1.88063635102759,0.255774314534261,-7.35271778345703,1.94216724428022e-13,1.32842028181536e-12,"ENSG00000140459","CYP11A1"
5587.37839613656,-1.10707854548074,0.0857885953350109,-12.9047286665264,4.23303880208754e-38,1.70595013442201e-36,"ENSG00000140497","SCAMP2"
34.068277443453,-1.83512755912503,0.323027192221738,-5.68103120515416,1.33885044808971e-08,5.52363807036219e-08,"ENSG00000140538","NTRK3"
1.66581809803698,-1.78201834311609,0.520478433881556,-3.42380822549436,0.000617501809551499,0.00131726638583069,"ENSG00000140600","SH3GL3"
1072.72948001641,-1.5115869499478,0.15083593946418,-10.0213977870093,1.22754415004347e-23,1.89159879505897e-22,"ENSG00000140682","TGFB1I1"
1167.53864860166,-1.31750929263933,0.0907342911239539,-14.5205222448859,8.9823285946228e-48,6.61577753788243e-46,"ENSG00000140832","MARVELD3"
211.286300401038,-2.93334114597257,0.248292057198824,-11.8140756456967,3.30160114063633e-32,9.002599932911e-31,"ENSG00000141052","MYOCD"
3.61472364695781,-2.62989670749996,0.279679584698526,-9.40324875816302,5.29038206148821e-21,6.71950178784398e-20,"ENSG00000141096","DPEP3"
161.359460982435,-4.46106705495943,0.296518772287105,-15.0448048214634,3.73433347548161e-51,3.3311814183722e-49,"ENSG00000141338","ABCA8"
130.761529499235,-1.27273904828875,0.165784572810706,-7.67706564435265,1.62774031153597e-14,1.23508450281475e-13,"ENSG00000141404","GNAL"
49.3128965353985,-2.05515262694042,0.278784702609384,-7.37182710422951,1.6830520691845e-13,1.1567447784043e-12,"ENSG00000141431","ASXL3"
34.1504660642698,-1.09907400162852,0.300359561199783,-3.6591943244233,0.000253009435886885,0.000577365490357495,"ENSG00000141433","ADCYAP1"
164.10222397743,-5.67802002275272,0.328991668433412,-17.2588565837859,9.59929522736584e-67,1.98421561078782e-64,"ENSG00000141434","MEP1B"
714.090016647361,-1.56073756473433,0.146539670478949,-10.6506146740553,1.7321748294324e-26,3.25816661776847e-25,"ENSG00000141447","OSBPL1A"
1363.58705217411,-3.01503343878643,0.224235863629367,-13.4458127704759,3.25806150298047e-41,1.60387567996274e-39,"ENSG00000141574","SECTM1"
26.9435078749274,-3.76155540470429,0.353197844275392,-10.6499953656891,1.74373739058611e-26,3.27670925981741e-25,"ENSG00000141639","MAPK4"
1434.10475341714,-1.00894257918053,0.166621413225636,-6.05529961394718,1.40156548595698e-09,6.4805758555127e-09,"ENSG00000141655","TNFRSF11A"
16.3913220159892,-2.93639786394637,0.237387816853658,-12.3696232724385,3.81606997638914e-35,1.27358022901244e-33,"ENSG00000141668","CBLN2"
7.97202482498711,-1.37002972372521,0.322580534439628,-4.24709360130846,2.16561501149825e-05,5.88725775988006e-05,"ENSG00000141750","STAC2"
39.6555611102976,-1.05781941216298,0.199145132883393,-5.31180148290331,1.08546812055277e-07,4.02051954054838e-07,"ENSG00000141837","CACNA1A"
44.3662561000844,-1.1229846229518,0.205438880234969,-5.46627114432962,4.59601138695272e-08,1.78091967137846e-07,"ENSG00000142494","SLC47A1"
236.567867271186,-1.59953613507844,0.213318713612816,-7.49833949393528,6.46313289261529e-14,4.62733836726965e-13,"ENSG00000142583","SLC2A5"
1893.35194634508,-2.0390238469989,0.177529913978931,-11.4855226440367,1.55989255147444e-30,3.7957714510467e-29,"ENSG00000142875","PRKACB"
15028.5214112244,-1.10956584730921,0.108718141669146,-10.2058941614903,1.86594432257274e-24,3.06188482159429e-23,"ENSG00000142949","PTPRF"
290.763466885126,-5.94480238453056,0.236645857117517,-25.1210921540807,2.92593727531871e-139,8.03525074458416e-136,"ENSG00000142959","BEST4"
17.8219274964519,-2.8785223260211,0.274405501837484,-10.4900313832843,9.59965016417111e-26,1.71584263069217e-24,"ENSG00000142973","CYP4B1"
31.6548377144457,-1.23084985566102,0.267590956310573,-4.5997438502087,4.23010762112835e-06,1.27456855571725e-05,"ENSG00000143001","TMEM61"
20.0853556450196,-1.98035627539316,0.219334022469356,-9.02895161041352,1.73324286110283e-19,1.95247548434868e-18,"ENSG00000143028","SYPL2"
964.481525979944,-1.36005454477377,0.104632999439285,-12.99833276368,1.25039588331941e-38,5.23681596143588e-37,"ENSG00000143061","IGSF3"
9816.80094534089,-1.90435981309611,0.177577063305743,-10.7241316960923,7.84201321826622e-27,1.51584656713264e-25,"ENSG00000143167","GPA33"
9.50067152470633,-4.04418654558323,0.252327327247439,-16.0275408521939,8.20666764548067e-58,1.09177076458753e-55,"ENSG00000143171","RXRG"
13.5161948553681,-1.25745854140103,0.285161001924038,-4.4096441410877,1.03540622488624e-05,2.96060264228777e-05,"ENSG00000143184","XCL1"
8.69450171415802,-1.73889251676764,0.25441526604408,-6.83485918044852,8.20856214661077e-12,4.78608718305648e-11,"ENSG00000143185","XCL2"
167.272696193443,-3.81111645918014,0.287746549644524,-13.2446990724591,4.84218812934417e-40,2.24568886621104e-38,"ENSG00000143196","DPT"
2449.53163205333,-1.20807275077159,0.181449365922956,-6.65790560703611,2.77757056887389e-11,1.53300682833038e-10,"ENSG00000143248","RGS5"
160.255096318682,-1.44964135460781,0.290590006010607,-4.98861393930697,6.08140398182231e-07,2.05059322393794e-06,"ENSG00000143297","FCRL5"
7.90991608631469,-2.54601905884366,0.24815243835818,-10.2598994218577,1.06817938146268e-24,1.77784816792622e-23,"ENSG00000143318","CASQ1"
15.4488632509519,-2.12509026891989,0.216000787962213,-9.8383449846102,7.69664947521491e-23,1.12045847169098e-21,"ENSG00000143340","FAM163A"
474.680015405429,-1.31288839342307,0.132845276981532,-9.88283831577687,4.94131089810189e-23,7.28724894895756e-22,"ENSG00000143344","RGL1"
4414.1363513728,-1.52478819919088,0.113668361739744,-13.4143588933045,4.98222922620599e-41,2.42164054437347e-39,"ENSG00000143375","CGN"
248.901408705509,-1.17593904451719,0.189122804141587,-6.21785960637948,5.03982169298958e-10,2.44561434595949e-09,"ENSG00000143382","ADAMTSL4"
852.8487889678,-1.04741386728959,0.101822137528427,-10.2867008365167,8.09009283396569e-25,1.36182048681033e-23,"ENSG00000143409","MINDY1"
13309.6386714867,-2.09108069719338,0.228937949045365,-9.13383170379948,6.61167795868261e-20,7.72407117828838e-19,"ENSG00000143416","SELENBP1"
5.86034424219581,-1.18520315945256,0.196588444419752,-6.02885466107018,1.65125697634122e-09,7.56955728739609e-09,"ENSG00000143473","KCNH1"
537.23719446072,-1.08248849250945,0.165824408717699,-6.52792011067737,6.66892485559403e-11,3.54633684540835e-10,"ENSG00000143515","ATP8B2"
149.757204839973,-2.22882925716904,0.176393855540146,-12.6355266193599,1.34490695300197e-36,4.85974037801378e-35,"ENSG00000143603","KCNN3"
91.2218296626073,-1.62283767157981,0.212257474955889,-7.64560905059793,2.07958619092407e-14,1.5591624470058e-13,"ENSG00000143816","WNT9A"
55.4983899888087,-2.30014833087374,0.273135255161954,-8.42127952142203,3.72394598763079e-17,3.52733558478544e-16,"ENSG00000143867","OSR1"
299.458309534566,-1.73265971448968,0.204934343073336,-8.45470646113055,2.7979031729656e-17,2.6792274792281e-16,"ENSG00000143995","MEIS1"
10.97215371685,-1.52953142209098,0.179922009056068,-8.50108016309638,1.878345975606e-17,1.82596125724713e-16,"ENSG00000144031","ANKRD53"
387.084526372422,-1.09360630180239,0.19821510069106,-5.51727036935946,3.44305526579921e-08,1.35118042057959e-07,"ENSG00000144045","DQX1"
481.416465168756,-2.37254286581889,0.184514578756534,-12.8582948935945,7.72622058464832e-38,3.03421861918257e-36,"ENSG00000144063","MALL"
2422.16937942734,-1.64942850716332,0.102427399598387,-16.1033914131438,2.4149700350265e-58,3.36407075857478e-56,"ENSG00000144136","SLC20A1"
20.5376375191713,-3.52828101253894,0.344435040778904,-10.2436761502549,1.26342581561705e-24,2.09464994967783e-23,"ENSG00000144191","CNGA3"
70.4662602209945,-2.89857089056464,0.238260202722104,-12.1655688085912,4.74131086549767e-34,1.46299501481372e-32,"ENSG00000144218","AFF3"
1.37024139254138,-1.45464928775921,0.559164289854788,-2.60147029084596,0.00928251047788831,0.0159351973720027,"ENSG00000144227","NXPH2"
8.44029295643657,-1.18535228482393,0.372453366672303,-3.18255220892351,0.00145983194028109,0.00291035305200866,"ENSG00000144229","THSD7B"
20.6585809441642,-1.51510549213731,0.267616705448923,-5.66147576473503,1.50076704507832e-08,6.15138492346759e-08,"ENSG00000144230","GPR17"
38.9542606279399,-2.98452607265609,0.362019366269663,-8.24410611898856,1.66399432661198e-16,1.50001383060377e-15,"ENSG00000144290","SLC4A10"
14.3394070215744,-2.21903655029704,0.281445120589735,-7.88443781028186,3.15954710134789e-15,2.55039066566287e-14,"ENSG00000144331","ZNF385B"
6.39040032446939,-3.5725742502224,0.419461603886476,-8.51704713165901,1.63672901802178e-17,1.59957601819734e-16,"ENSG00000144339","TMEFF2"
5.73195557282533,-1.86833112224501,0.367907119160916,-5.07826846761242,3.80890228874692e-07,1.31881183623427e-06,"ENSG00000144406","UNC80"
445.796755607517,-1.03246614163737,0.23966344989672,-4.30798330776888,1.64749815048982e-05,4.55496630173177e-05,"ENSG00000144426","NBEAL1"
92.7585786756386,-2.46169258437492,0.195134869909703,-12.6153392549166,1.73807561222644e-36,6.2452143049785e-35,"ENSG00000144619","CNTN4"
142.249232110557,-1.44407526153519,0.208363861468929,-6.9305456875041,4.19220345828037e-12,2.52036976326044e-11,"ENSG00000144642","RBMS3"
37.7940752605643,-2.49686452254769,0.188951778842611,-13.2142948737597,7.25631146888698e-40,3.32518959528364e-38,"ENSG00000144648","ACKR2"
34.6551418599917,-1.29280109843025,0.240258160975955,-5.3808831848989,7.41212832094344e-08,2.80100351440252e-07,"ENSG00000144649","GASK1A"
27.0975267671767,-1.11717768982837,0.287322115681618,-3.88824120683531,0.0001009732552588,0.00024637423017929,"ENSG00000144681","STAC"
46.9440653255492,-2.26849753376991,0.168992547670502,-13.4236542678378,4.39495600517283e-41,2.14705048959186e-39,"ENSG00000144712","CAND2"
0.605125931360421,-1.10705246238149,0.440229407919194,-2.51471719623214,0.0119127899442655,0.0200314397300851,"ENSG00000144771","LRTM1"
340.355158523144,-1.64406038093907,0.293032586816104,-5.61050359211696,2.01738684659165e-08,8.15331358045927e-08,"ENSG00000144820","ADGRG7"
55.2496928590145,-1.74412089236534,0.188860439898424,-9.23497209528577,2.58353346910773e-20,3.12257501687473e-19,"ENSG00000144821","MYH15"
14.8037038042188,-3.44263907912837,0.377568848098691,-9.11791080345832,7.65864111691934e-20,8.89045214439003e-19,"ENSG00000144834","TAGLN3"
7.806218121563,-3.01121115113413,0.333064169638204,-9.04093392695198,1.55338907073772e-19,1.75501468124164e-18,"ENSG00000144847","IGSF11"
295.644338760805,-1.50604803135481,0.226748135696493,-6.64194228864879,3.09576186859391e-11,1.69983942533319e-10,"ENSG00000144857","BOC"
20.9809022751371,-1.87674101427956,0.182497910019512,-10.283630174608,8.35212192821402e-25,1.40408409170986e-23,"ENSG00000144868","TMEM108"
36.0240418255332,-3.66464656248721,0.361238473314365,-10.1446740400159,3.49944709932033e-24,5.60363359548391e-23,"ENSG00000144891","AGTR1"
5218.7866520895,-1.18700010985196,0.173382843917681,-6.84612204432134,7.58787522228873e-12,4.43562473272517e-11,"ENSG00000145012","LPP"
14.4356567269275,-1.29935675804032,0.39453687390211,-3.29337216364397,0.000989933464387267,0.00203670850887233,"ENSG00000145087","STXBP5L"
99.9126493162105,-1.22445994330493,0.105015529844479,-11.6597987470832,2.04525238520462e-31,5.24225456359748e-30,"ENSG00000145088","EAF2"
3659.66712147688,-1.25709304908733,0.283526708685233,-4.43377294123968,9.25981482502456e-06,2.66835632272312e-05,"ENSG00000145113","MUC4"
239.535566151754,-1.80896791513143,0.258624081335303,-6.99458420805803,2.66046750799598e-12,1.62929267728451e-11,"ENSG00000145147","SLIT2"
4.18209416968318,-2.56687514650544,0.361328832134079,-7.10398650266843,1.21208699110918e-12,7.66970186754027e-12,"ENSG00000145242","EPHA5"
11.7911040449928,-1.68379897839248,0.275440184084055,-6.1131202914047,9.77016672417914e-10,4.60391714725475e-09,"ENSG00000145248","SLC10A4"
2383.8000911443,-3.07177596148378,0.24234112478115,-12.675421739739,8.09222759834059e-37,2.96589012844042e-35,"ENSG00000145287","PLAC8"
45.1088133058466,-1.6944716335777,0.237136637415108,-7.14554972208501,8.96364371564379e-13,5.75814887110037e-12,"ENSG00000145335","SNCA"
230.084608770382,-3.01457292917966,0.232802834537165,-12.9490387656702,2.37914392374113e-38,9.74366780821088e-37,"ENSG00000145362","ANK2"
407.993052361092,-3.24399170608287,0.298160257984949,-10.8800271639376,1.43520190281184e-27,2.91799088087821e-26,"ENSG00000145384","FABP2"
2336.4538850533,-1.13758497431169,0.345432876307298,-3.29321570799096,0.000990484524590554,0.0020377332254352,"ENSG00000145423","SFRP2"
1.29266815993965,-1.49028623580813,0.684204341468027,-2.17813034131086,0.0293963342758878,0.0455285745571214,"ENSG00000145526","CDH18"
241.022571943248,-1.56485351279119,0.23059155279624,-6.7862568850211,1.15080169031663e-11,6.60667053719627e-11,"ENSG00000145649","GZMA"
105.403228396792,-2.40583377291734,0.200289075289131,-12.0118072812726,3.0803859740451e-33,8.96529898138622e-32,"ENSG00000145681","HAPLN1"
230.406085741077,-1.87474554869522,0.167489687611063,-11.1931998646309,4.40253275305208e-29,9.8067309824214e-28,"ENSG00000145687","SSBP2"
1757.70048182691,-1.64041036617016,0.171599683596427,-9.55951859461537,1.18305717552786e-21,1.573331000606e-20,"ENSG00000145703","IQGAP2"
6.13650945576327,-2.47686984145778,0.235525289222617,-10.5163647166426,7.26217076832181e-26,1.30899521579779e-24,"ENSG00000145708","CRHBP"
5.25307492078278,-2.03150045795966,0.41194153386196,-4.93152617779106,8.15896311097374e-07,2.70793900835296e-06,"ENSG00000145721","LIX1"
18.9946498990012,-1.00432104551714,0.20903259857722,-4.80461445895546,1.55049982918097e-06,4.95693222455685e-06,"ENSG00000145777","TSLP"
15.0718132103398,-1.60427355031731,0.274298617170435,-5.84863885522433,4.95611818607931e-09,2.15284008473835e-08,"ENSG00000145794","MEGF10"
15.178748385737,-1.57458365480989,0.301695614343456,-5.2191135036433,1.79781565531511e-07,6.47681957457835e-07,"ENSG00000145850","TIMD4"
45.4133948238574,-1.75257775298814,0.147194265056228,-11.9065627476631,1.09394459136603e-32,3.06105441806767e-31,"ENSG00000145861","C1QTNF2"
321.39836654265,-3.26120186290547,0.253812944730994,-12.8488397877495,8.73098863766947e-38,3.41833319910874e-36,"ENSG00000145936","KCNMB1"
40.4512917731598,-2.83658963461122,0.293913937716412,-9.65108921560622,4.86363565541132e-22,6.67114520312519e-21,"ENSG00000146013","GFRA3"
284.038318589944,-3.43114219968522,0.251062469103684,-13.6664879140826,1.60979307797203e-42,8.52502954115576e-41,"ENSG00000146039","SLC17A4"
6.65322356910063,-3.08143680408712,0.323705655573397,-9.51925538226638,1.74424356685945e-21,2.29818137131752e-20,"ENSG00000146090","RASGEF1C"
270.342505944187,-1.90670998486861,0.156250138031003,-12.2029331231073,2.99825617192334e-34,9.31130493068955e-33,"ENSG00000146122","DAAM2"
4.31968150096799,-1.15156146120522,0.305711805067105,-3.76682039135665,0.000165339859891098,0.000389081992485803,"ENSG00000146147","MLIP"
5.56316702266025,-2.91965483885295,0.236623400971765,-12.3388254368018,5.5966360797185e-35,1.82505400642016e-33,"ENSG00000146151","HMGCLL1"
220.540158267056,-1.06821075931144,0.158506223960763,-6.73923542318353,1.59222239513702e-11,8.99708618839401e-11,"ENSG00000146192","FGD2"
64.3904253400163,-1.80336202815396,0.245844030621136,-7.33539074997135,2.21075516754181e-13,1.50410376794337e-12,"ENSG00000146267","FAXC"
4.49565155737545,-2.75864691681979,0.459475612287606,-6.00390280364442,1.92630042643264e-09,8.75315831403564e-09,"ENSG00000146352","CLVS2"
113.529448946919,-1.21501507572663,0.270342644652215,-4.49435225911064,6.97820313632539e-06,2.04303210464744e-05,"ENSG00000146374","RSPO3"
169.566547829666,-3.5042990103855,0.316343176299887,-11.0775236291599,1.61271441974223e-28,3.48729084903428e-27,"ENSG00000146469","VIP"
222.293847209652,-1.17691674345166,0.213197076956623,-5.52032307502561,3.38376942531439e-08,1.32981481237925e-07,"ENSG00000146555","SDK1"
2.80806735967176,-1.61781937081105,0.289412551018337,-5.59001109357052,2.2705510599415e-08,9.12659452185789e-08,"ENSG00000146755","TRIM50"
453.822061570534,-1.25640952374063,0.0991269242828316,-12.6747554494459,8.16128201030928e-37,2.9855072259787e-35,"ENSG00000146859","TMEM140"
51.5997657805281,-1.97371636668259,0.226544915915932,-8.71225186715297,2.97896872898472e-18,3.05582739389743e-17,"ENSG00000146938","NLGN4X"
313.756564383023,-1.40059218907747,0.141031172037223,-9.93108239012438,3.04927338986777e-23,4.55814206921642e-22,"ENSG00000146966","DENND2A"
480.38900802115,-1.26300654766013,0.190152166186848,-6.64208340608157,3.09279853604801e-11,1.69845486809653e-10,"ENSG00000147027","TMEM47"
84.3738568142688,-1.61470463484903,0.186767141191292,-8.64554987857955,5.35468021025062e-18,5.37944578112113e-17,"ENSG00000147036","LANCL3"
1.44485497029069,-1.18893998204584,0.341675704403677,-3.47973229211859,0.000501915043175123,0.00108869549590713,"ENSG00000147117","ZNF157"
62.3575801074562,-1.10841914089421,0.245754353967996,-4.51027264826628,6.47443575398139e-06,1.90526315678012e-05,"ENSG00000147138","GPR174"
30.2661886922177,-1.10242953290742,0.171183002033517,-6.44006425761579,1.19422931608321e-10,6.2004773147132e-10,"ENSG00000147166","ITGB1BP2"
1.99517442460162,-2.52233599286034,0.418733484825521,-6.02372650926485,1.70446288182549e-09,7.80043856892569e-09,"ENSG00000147256","ARHGAP36"
1.39072489630901,-3.72052841930159,0.496978862942065,-7.48629106130677,7.08471864539228e-14,5.05542274980321e-13,"ENSG00000147262","GPR119"
227.891073628867,-1.0343441131252,0.181192979146625,-5.70852202991918,1.13961429371483e-08,4.74185614182404e-08,"ENSG00000147443","DOK2"
1.73718314085193,-1.75244561220952,0.32527490083477,-5.38758326483884,7.14113952068703e-08,2.70417995815871e-07,"ENSG00000147573","TRIM55"
8.18301784565181,-2.38706452705517,0.197476946408235,-12.087813643424,1.22503446984159e-33,3.67672913832939e-32,"ENSG00000147576","ADHFE1"
7.0139566530273,-3.73966916623783,0.471840141340483,-7.92571220331858,2.26842412834615e-15,1.85443551908408e-14,"ENSG00000147588","PMP2"
37.7636159318516,-2.04590901601825,0.213176190743937,-9.59726791663971,8.20915204154821e-22,1.10859595553707e-20,"ENSG00000147614","ATP6V0D2"
41.4672859152856,-3.51318220198139,0.350757942950179,-10.0159733303043,1.29679083026906e-23,1.99271451044582e-22,"ENSG00000147655","RSPO2"
12.0150273134362,-4.24990143287807,0.337176445827369,-12.6043841005845,1.99726688779028e-36,7.14980633471814e-35,"ENSG00000147724","FAM135B"
184.481128389224,-1.11443710674663,0.194333983553265,-5.7346486001568,9.7714721499562e-09,4.0941999754726e-08,"ENSG00000147852","VLDLR"
884.770264425117,-3.33831883997498,0.179899666482798,-18.5565593602375,7.21820684932353e-77,2.66844614169175e-74,"ENSG00000147883","CDKN2B"
2852.18869628224,-1.087865234423,0.142303719396529,-7.64467182612194,2.09478904888802e-14,1.56994843201945e-13,"ENSG00000148175","STOM"
13060.787072166,-1.86944405352009,0.150946200521266,-12.3848367634581,3.1572664588443e-35,1.05646147557169e-33,"ENSG00000148180","GSN"
630.147769551872,-2.47529317865877,0.218181576190905,-11.3451063186606,7.84308585910157e-30,1.82532156189394e-28,"ENSG00000148357","HMCN2"
21.0325577348831,-1.03203533393356,0.38106067366413,-2.70832286105495,0.00676242009006666,0.0119504856224854,"ENSG00000148408","CACNA1B"
0.664578516598312,-1.7615059686622,0.402965294652515,-4.37135900296621,1.23475575870905e-05,3.48474305623481e-05,"ENSG00000148482","SLC39A12"
578.209088659229,-3.73644746579179,0.251401300876152,-14.8624826234789,5.77449839187785e-50,4.79507861063775e-48,"ENSG00000148483","TMEM236"
65.4658100481065,-1.2232316453528,0.254577585262023,-4.80494637457492,1.54792987677565e-06,4.94995092509302e-06,"ENSG00000148488","ST8SIA6"
648.384992839733,-1.58844834774298,0.19450468604972,-8.16663279432218,3.17116292709711e-16,2.79444650603031e-15,"ENSG00000148516","ZEB1"
46.7349277309604,-1.74631476482256,0.187057711777658,-9.33570045429765,1.00325660629341e-20,1.24748404728857e-19,"ENSG00000148541","FAM13C"
829.6390611328,-1.29668521062526,0.187903120903455,-6.9008178490633,5.17039954058129e-12,3.07338205220669e-11,"ENSG00000148584","A1CF"
12.084295250363,-2.19562805945348,0.251517439484621,-8.72952612730351,2.55741872932939e-18,2.63606106934389e-17,"ENSG00000148680","HTR7"
24.9403249367223,-2.55252249117456,0.356104242964808,-7.16790811006096,7.61523859144316e-13,4.93316054128416e-12,"ENSG00000148798","INA"
610.543095632606,-1.76024402485198,0.0859668474904692,-20.4758470996291,3.53547611281952e-93,2.15759444618368e-90,"ENSG00000148842","CNNM2"
14.9777186376304,-1.67568644181911,0.310592900145029,-5.39512152736479,6.84771887326373e-08,2.59946926856606e-07,"ENSG00000148948","LRRC4C"
202.07208371678,-1.64225352964751,0.173934837398066,-9.44177459912222,3.66518525904363e-21,4.7144656291218e-20,"ENSG00000149090","PAMR1"
1.10817877257636,-1.47596062997327,0.5803718384782,-2.54312930455654,0.0109864563802108,0.0185922042541469,"ENSG00000149124","GLYAT"
1925.44407315451,-1.65666637451786,0.0910785149916775,-18.1894311152223,6.25863869301088e-74,2.02206623386714e-71,"ENSG00000149218","ENDOD1"
5978.25281287323,-1.51089612343182,0.124309539081054,-12.1543055714064,5.44222530811181e-34,1.6738978913678e-32,"ENSG00000149260","CAPN5"
429.146144006113,-1.39023938236334,0.180534265036885,-7.70069538920658,1.35327738703891e-14,1.03438281708718e-13,"ENSG00000149289","ZC3H12C"
178.617465290598,-2.94088746287387,0.218352187428335,-13.4685504986713,2.39522022490385e-41,1.18366365021694e-39,"ENSG00000149294","NCAM1"
1.11240205319435,-2.86608616699541,0.437248786100406,-6.55481789339324,5.57098184671034e-11,2.97855011904426e-10,"ENSG00000149305","HTR3B"
128.355229006644,-2.20602922526082,0.22928360080381,-9.62139994978726,6.49412043288831e-22,8.83821055869936e-21,"ENSG00000149451","ADAM33"
1.10309502380523,-1.01635518515495,0.397548320946188,-2.55655760974156,0.0105713564695013,0.0179585075195704,"ENSG00000149516","MS4A3"
51.3345147327095,-2.06393819237812,0.254577158559463,-8.10731883432516,5.17489424736457e-16,4.46833429549468e-15,"ENSG00000149534","MS4A2"
173.764969155456,-1.5452016256096,0.15481489298142,-9.98096239872117,1.84666838047618e-23,2.80295535823796e-22,"ENSG00000149557","FEZ1"
22.3664796894989,-1.83537389348064,0.252386594766537,-7.27207360271415,3.54010603358888e-13,2.36789242646819e-12,"ENSG00000149571","KIRREL3"
20.6375713778829,-3.66131441301538,0.311631266462821,-11.7488673539508,7.15717238502274e-32,1.89904628493423e-30,"ENSG00000149575","SCN2B"
1508.3812831841,-1.0485954933023,0.0964866512286267,-10.8677778734142,1.64150141441294e-27,3.32687426884207e-26,"ENSG00000149577","SIDT2"
154.02033780643,-1.51783083406515,0.186519960620814,-8.13763218163461,4.03083217643363e-16,3.51573059635535e-15,"ENSG00000149582","TMEM25"
8378.01424205499,-2.88676007856307,0.233468663555198,-12.364657571617,4.05937510795954e-35,1.34659874698637e-33,"ENSG00000149591","TAGLN"
329.727131251804,-3.13224297287306,0.257996245711167,-12.1406533038457,6.43104996491087e-34,1.96858740446599e-32,"ENSG00000149596","JPH2"
6.19367436034697,-1.37928786462411,0.465776093751542,-2.96126804945009,0.0030637516748064,0.00577496987994713,"ENSG00000149654","CDH22"
17.424885327343,-1.84156536984635,0.278280577610898,-6.61765684711672,3.64936933283268e-11,1.98904597022141e-10,"ENSG00000149970","CNKSR2"
6.31244452419461,-2.00628055577446,0.242154136075905,-8.28513850015586,1.1797171618832e-16,1.07429146667275e-15,"ENSG00000150045","KLRF1"
2.03734842056889,-1.37680130507595,0.467471646065153,-2.94520815682598,0.00322737455700987,0.00605607250687484,"ENSG00000150275","PCDH15"
0.644125310915414,-2.77552132954468,0.622875003422437,-4.45598445000098,8.350908535511e-06,2.42004507774773e-05,"ENSG00000150361","KLHL1"
85.018613311808,-2.44254539862146,0.221872989720226,-11.0087550616297,3.46762082129375e-28,7.31721282745778e-27,"ENSG00000150471","ADGRL3"
75.0301298362917,-1.66751542929756,0.203198979172825,-8.20631794552127,2.28074951910029e-16,2.03358016606793e-15,"ENSG00000150510","FAM124A"
3302.10182104155,-2.09512526675696,0.0940155177201942,-22.2848878308834,5.17864633236692e-110,4.52507762592071e-107,"ENSG00000150593","PDCD4"
573.043717914299,-1.852338907604,0.239740592057343,-7.72643002049873,1.10604556689527e-14,8.52870716213845e-14,"ENSG00000150594","ADRA2A"
75.8871774993341,-4.20527077234576,0.419648107543958,-10.0209453986523,1.23317641868268e-23,1.89951657728737e-22,"ENSG00000150625","GPM6A"
14.2374492606402,-2.43888779968469,0.32601696782149,-7.480861551415,7.38369342311771e-14,5.25705298219642e-13,"ENSG00000150627","WDR17"
0.921530019469714,-2.15111137410991,0.457804189129214,-4.69875860725853,2.61747603950465e-06,8.10188145182312e-06,"ENSG00000150628","SPATA4"
35.7762291333902,-1.62289506561234,0.211406276844264,-7.67666452405233,1.6328430516938e-14,1.23871185494222e-13,"ENSG00000150672","DLG2"
37.4552101641455,-1.26557004434511,0.21299919485144,-5.94166586041697,2.82140069042748e-09,1.2582576539249e-08,"ENSG00000150681","RGS18"
539.84337368953,-1.5966911277814,0.134246478074007,-11.8937282429203,1.27581644806976e-32,3.55960195783295e-31,"ENSG00000150764","DIXDC1"
501.428078491532,-1.21100428061074,0.180283144643157,-6.71723517474547,1.852049361967e-11,1.03889322759768e-10,"ENSG00000150995","ITPR1"
24.924152768359,-1.04162915389538,0.186497336496545,-5.58522268179779,2.33400953824347e-08,9.3660019535379e-08,"ENSG00000151023","ENKUR"
500.246454272801,-1.12507708644109,0.201110160100153,-5.59433240906778,2.21472279025239e-08,8.9143056026836e-08,"ENSG00000151067","CACNA1C"
10.0860271082145,-2.37438049688515,0.315802799148422,-7.51855431075275,5.53852381448698e-14,3.98688682073733e-13,"ENSG00000151079","KCNA6"
301.129591027071,-2.42740123899671,0.229664421127589,-10.5693395044772,4.13395802619351e-26,7.5684897253839e-25,"ENSG00000151090","THRB"
787.271560724142,-1.6942860473551,0.114164701810427,-14.8407171436273,7.98972328342999e-50,6.59186461540843e-48,"ENSG00000151150","ANK3"
532.427502655087,-1.67988065744767,0.135987364428243,-12.353211377474,4.68050593689879e-35,1.54730362644839e-33,"ENSG00000151229","SLC2A13"
600.568314558553,-1.05727878892701,0.143419539602735,-7.37192987688858,1.68175477238268e-13,1.1560598200214e-12,"ENSG00000151240","DIP2C"
121.92708477105,-2.08957829449964,0.195335886336401,-10.6973599868948,1.04719294573915e-26,2.0020600290817e-25,"ENSG00000151320","AKAP6"
19.5240668334183,-1.21754127536799,0.285645998423001,-4.26241320407013,2.02231057041679e-05,5.52371231179414e-05,"ENSG00000151322","NPAS3"
173.23672010838,-1.34123334742468,0.195269833280993,-6.86861521254357,6.48281054406301e-12,3.81691603350062e-11,"ENSG00000151338","MIPOL1"
6.3876165055515,-2.05494047137095,0.399179650207086,-5.147908893414,2.63406364702007e-07,9.30038066277718e-07,"ENSG00000151365","THRSP"
1003.55912665493,-2.71736382735465,0.171828762886806,-15.8143711314778,2.4767032297608e-56,2.9943965117803e-54,"ENSG00000151623","NR3C2"
135.939658112293,-1.63252559126366,0.228183617529018,-7.15443820613481,8.40162816724224e-13,5.41521203932879e-12,"ENSG00000151632","AKR1C2"
302.997288191911,-1.27115863764531,0.15380303030026,-8.26484780672858,1.39873076625684e-16,1.26623503108727e-15,"ENSG00000151702","FLI1"
5446.45710207562,-1.1467093237702,0.13543888870821,-8.46661793158002,2.52621040443694e-17,2.42673589903379e-16,"ENSG00000151715","TMEM45B"
37.2167065178416,-1.22911782146197,0.282290647087282,-4.3540862375151,1.3362310114942e-05,3.75267156310573e-05,"ENSG00000151789","ZNF385D"
1162.42629288674,-2.15234298442604,0.210425276476217,-10.2285382272947,1.47732384919172e-24,2.44190326869622e-23,"ENSG00000151882","CCL28"
164.821209833684,-2.89474251716359,0.268339217116786,-10.7876237706386,3.93841150732423e-27,7.78109492405419e-26,"ENSG00000151892","GFRA1"
6.71815821439707,-1.73870986131658,0.304658847565132,-5.70707161539061,1.14936431309127e-08,4.77851151146543e-08,"ENSG00000151952","TMEM132D"
0.927777868667864,-2.97485938590377,0.616261335027553,-4.82726923922748,1.38417932367823e-06,4.45372352978968e-06,"ENSG00000152034","MCHR2"
983.511332342967,-1.56783140267504,0.176349376335173,-8.89048453279007,6.08430046128467e-19,6.55797868895463e-18,"ENSG00000152078","TLCD4"
10.1189227878774,-3.34856752592321,0.413694429615715,-8.0943017024274,5.75937810928664e-16,4.95260143519892e-15,"ENSG00000152092","ASTN1"
530.397104183892,-3.60278552156565,0.248409351224758,-14.5034214847487,1.15258502832622e-47,8.37683111229835e-46,"ENSG00000152137","HSPB8"
28.3562146594407,-1.27586996087839,0.219161102851314,-5.8216076862142,5.82842327256447e-09,2.51022200469059e-08,"ENSG00000152207","CYSLTR2"
215.708216195413,-2.03108075945599,0.197084569791083,-10.3056305301273,6.6454444818581e-25,1.12504361071774e-23,"ENSG00000152217","SETBP1"
203.149656460598,-1.58305714278722,0.131486778019951,-12.0396679166252,2.19838818504187e-33,6.46188306959518e-32,"ENSG00000152284","TCF7L1"
38.6503653571239,-2.51060805856441,0.335676968622769,-7.47923835485363,7.47545830942115e-14,5.3204173569477e-13,"ENSG00000152292","SH2D6"
1.23687162720911,-1.42129975022527,0.253989756835922,-5.59589397592689,2.19487810221673e-08,8.83813137787249e-08,"ENSG00000152467","ZSCAN1"
94.1407682699222,-1.31814225172374,0.190748922138318,-6.91035229424738,4.83451581215243e-12,2.88482299494371e-11,"ENSG00000152495","CAMK4"
313.168768549866,-1.53479185171475,0.160395679918956,-9.56878547159278,1.08168854571223e-21,1.44394154143414e-20,"ENSG00000152503","TRIM36"
13.7350395062199,-2.58391038176744,0.276978012187791,-9.32893683999564,1.06938157013359e-20,1.32670258880046e-19,"ENSG00000152578","GRIA4"
54.9315241954847,-2.76427874346126,0.263770272182758,-10.4798722031343,1.06888081303956e-25,1.90608815486697e-24,"ENSG00000152580","IGSF10"
2928.85438425101,-2.23476812248272,0.20050302306543,-11.145807620833,7.50602034109898e-29,1.65282911829457e-27,"ENSG00000152583","SPARCL1"
2050.66189325072,-1.51598903292776,0.0883649754520932,-17.1559945008942,5.66912224852907e-66,1.12350898499586e-63,"ENSG00000152642","GPD1L"
6.2783026718139,-1.73156229225088,0.273283423155481,-6.33614096404861,2.35591260264148e-10,1.18634933639498e-09,"ENSG00000152672","CLEC4F"
127.804337167665,-2.27377834460652,0.168443787719395,-13.4987367322464,1.59080473145404e-41,7.93277166150628e-40,"ENSG00000152763","DNAI4"
4.7717448987435,-2.63082982146244,0.251447188023957,-10.4627530024785,1.28079240870505e-25,2.26820017215491e-24,"ENSG00000152779","SLC16A12"
241.216300545721,-5.33818089850443,0.337750632164258,-15.8050952097354,2.86956456671905e-56,3.45849996541215e-54,"ENSG00000152785","BMP3"
31.0786324876601,-1.96961006582552,0.294925697856723,-6.67832637216431,2.41686335281742e-11,1.34124055031425e-10,"ENSG00000152932","RAB3C"
0.930443547338522,-2.07938444920782,0.638383524076815,-3.25726521876466,0.00112491273527749,0.00229063714491889,"ENSG00000152936","LMNTD1"
2613.23763000047,-1.01570992751361,0.154199764979492,-6.58697454985548,4.48879188264735e-11,2.42558793411304e-10,"ENSG00000152952","PLOD2"
31.9656550583596,-1.55095920615468,0.186424716060519,-8.31949346057308,8.83400298500017e-17,8.11761263777012e-16,"ENSG00000152953","STK32B"
3.89559584243479,-3.15709128355801,0.410848584507332,-7.68431826859967,1.53813846290757e-14,1.1689426662069e-13,"ENSG00000152954","NRSN1"
11.0676638124699,-2.01373540623389,0.56176186587038,-3.58467800784921,0.000337494317770293,0.000754748955055518,"ENSG00000153002","CPB1"
111.350828545743,-1.43285736055676,0.205621319434772,-6.96842800394194,3.20501923044464e-12,1.94881186703946e-11,"ENSG00000153064","BANK1"
55.4923878364935,-1.01229381968854,0.139615156061189,-7.25060121155388,4.14925684227438e-13,2.75854189546815e-12,"ENSG00000153093","ACOXL"
721.886934319651,-1.0584010135057,0.0936708173841231,-11.2991542410208,1.32487790200379e-29,3.04286623048625e-28,"ENSG00000153094","BCL2L11"
94.6734355282911,-1.9525491604948,0.210850204908466,-9.26036169299641,2.03740861353617e-20,2.47965333854463e-19,"ENSG00000153162","BMP6"
463.307895067224,-1.78124748170353,0.22919574778635,-7.77173005567258,7.74213079838284e-15,6.04757624553891e-14,"ENSG00000153233","PTPRR"
24.2532529084401,-2.02624554596386,0.2357713432187,-8.59411291593793,8.39104827123214e-18,8.35778841668555e-17,"ENSG00000153253","SCN3A"
159.436709006902,-1.33355648944533,0.195652604513519,-6.81594038965724,9.36491245383278e-12,5.42738602822594e-11,"ENSG00000153283","CD96"
589.932309637374,-1.56201585186379,0.261675414265106,-5.96928777680771,2.38291490006843e-09,1.07215832841347e-08,"ENSG00000153303","FRMD1"
52.4233480807643,-3.49339310909032,0.285721236881187,-12.2265784203608,2.24184375931089e-34,7.04760155472e-33,"ENSG00000153446","C16orf89"
273.479640376112,-1.1226125736165,0.223485991479061,-5.02318989296328,5.08202522900061e-07,1.73094103454453e-06,"ENSG00000153563","CD8A"
187.361701722523,-1.85409168398534,0.13601998472887,-13.631024056363,2.61879512432369e-42,1.36429290169204e-40,"ENSG00000153790","SPMIP4"
195.984384105957,-1.48489299243533,0.165838516923752,-8.95384871970389,3.43299194764077e-19,3.78515174680082e-18,"ENSG00000153814","JAZF1"
1.71302517194019,-3.30478662208261,0.517102118974268,-6.39097482067572,1.64831525871238e-10,8.43396017456943e-10,"ENSG00000153820","SPHKAP"
7.55492714654303,-2.10541423693764,0.360390089416695,-5.84204254990845,5.15646307842927e-09,2.23431236308318e-08,"ENSG00000153822","KCNJ16"
748.343937772478,-1.68492253137951,0.19814702665002,-8.50339548296895,1.84124308043666e-17,1.79125183991772e-16,"ENSG00000153823","PID1"
389.62661168931,-1.72151570068093,0.220013616122124,-7.82458709157963,5.09325830311933e-15,4.04086879859738e-14,"ENSG00000153898","MCOLN2"
168.889699818612,-2.19630840625764,0.219324449998132,-10.0139697433476,1.32333457207431e-23,2.03034967327201e-22,"ENSG00000153902","LGI4"
181.573173768935,-1.8150525903523,0.226523046640295,-8.01266192236277,1.12251900124249e-15,9.42303232331225e-15,"ENSG00000153956","CACNA2D1"
55.8236737107355,-1.94565484225027,0.342672408670979,-5.67788591382744,1.36369613141607e-08,5.62252280585025e-08,"ENSG00000153993","SEMA3D"
7.17375430454182,-1.23440230734539,0.194807474912551,-6.33652434486673,2.35006063717221e-10,1.1838676797348e-09,"ENSG00000154025","SLC5A10"
24.3922038572705,-1.17822899792802,0.259100528234458,-4.54738168986614,5.43174362941843e-06,1.61424014315723e-05,"ENSG00000154027","AK5"
4.82472030705782,-2.78026829904361,0.526744099834619,-5.27821441173527,1.30448775366565e-07,4.78656620205988e-07,"ENSG00000154080","CHST9"
13.7413504049332,-1.59295048394693,0.275888869049814,-5.77388456965731,7.74645145659989e-09,3.28909794756373e-08,"ENSG00000154118","JPH3"
1098.83726120503,-1.28962417726766,0.160442745046211,-8.037908955598,9.13844869651073e-16,7.74060226998784e-15,"ENSG00000154153","RETREG1"
124.038371295143,-3.64174352157279,0.330517525861033,-11.018306857059,3.11869981022856e-28,6.60631689277451e-27,"ENSG00000154165","GPR15"
352.267706416807,-2.96015217873637,0.235748084889309,-12.5564208936257,3.66541643088815e-36,1.2881559919411e-34,"ENSG00000154175","ABI3BP"
92.9667255707844,-1.28906993376984,0.193958930502311,-6.64609734870901,3.00966242812104e-11,1.65516365861779e-10,"ENSG00000154188","ANGPT1"
41.8544786692734,-2.64752538359515,0.265114385439686,-9.98635128457587,1.74901523485278e-23,2.66208981529631e-22,"ENSG00000154258","ABCA9"
60.5170509843405,-2.12181786345356,0.271402975604675,-7.81796094433466,5.3685840727421e-15,4.24791010176406e-14,"ENSG00000154262","ABCA6"
45.2801676173134,-1.33220500883359,0.226055193424212,-5.89327318100404,3.78619690633025e-09,1.6638234364805e-08,"ENSG00000154263","ABCA10"
657.037404407872,-1.15708865650555,0.167033774050497,-6.92727361926067,4.29028297230223e-12,2.57329967919039e-11,"ENSG00000154265","ABCA5"
745.67694150568,-1.54503051321096,0.124064608216856,-12.4534348305874,1.33953657531434e-35,4.5983180992063e-34,"ENSG00000154274","C4orf19"
191.340266346849,-2.04256041822435,0.250121006041337,-8.16628899168419,3.18020909459642e-16,2.80177587213448e-15,"ENSG00000154277","UCHL1"
727.314843626442,-3.3954116997204,0.265488873156242,-12.7892806178818,1.88207962748008e-37,7.21438837863677e-36,"ENSG00000154330","PGM5"
2.04177395196721,-1.59863511837876,0.569746619638603,-2.80587029966548,0.00501808863042825,0.0090906306165045,"ENSG00000154478","GPR26"
9.91784100086937,-1.95838073511051,0.308924158674173,-6.33935767120124,2.30725045510681e-10,1.16306356690038e-09,"ENSG00000154529","CNTNAP3B"
673.581068001601,-2.04532308134309,0.212067495328965,-9.64467976655419,5.17725314093991e-22,7.08866992555971e-21,"ENSG00000154553","PDLIM3"
948.815933498601,-1.81299597185749,0.190060427182812,-9.53905028380073,1.4414628322039e-21,1.90971473155559e-20,"ENSG00000154556","SORBS2"
0.947597881140824,-2.03997950440525,0.38272366334657,-5.33016298644167,9.81246640760979e-08,3.65739113885966e-07,"ENSG00000154611","PSMA8"
21.2625943397839,-2.80531963037788,0.274334269019902,-10.2259176019105,1.51783584407935e-24,2.50671111242778e-23,"ENSG00000154645","CHODL"
51.3729377821386,-1.11062263426114,0.248151069831721,-4.47559075612402,7.62003211349393e-06,2.21911357875702e-05,"ENSG00000154654","NCAM2"
66.4519978975474,-1.49612841837188,0.177167264345246,-8.44472269694456,3.04768042784091e-17,2.90826928292875e-16,"ENSG00000154678","PDE1C"
205.791777420526,-2.40140692100097,0.190493688773698,-12.6062282507101,1.95109177295028e-36,6.99101821012298e-35,"ENSG00000154721","JAM2"
889.890840290954,-1.92119367239133,0.176145530092808,-10.9068545274983,1.06891101735118e-27,2.18947372850829e-26,"ENSG00000154734","ADAMTS1"
287.358156732235,-2.39553342973603,0.188151561748855,-12.7319348692603,3.92978356965298e-37,1.47980792264885e-35,"ENSG00000154822","PLCL2"
370.813283453763,-1.0377810764322,0.0868842787032654,-11.9444057304834,6.94449387233256e-33,1.97189775413272e-31,"ENSG00000154889","MPPE1"
154.788399464546,-1.59889324270785,0.176530054221541,-9.05734295363255,1.33666802067394e-19,1.52089006779671e-18,"ENSG00000154917","RAB6B"
5.63316808659657,-2.26252386744385,0.375057394491097,-6.03247369782907,1.61468630955905e-09,7.41251875147661e-09,"ENSG00000154975","CA10"
2.26471367861571,-1.27047262219086,0.577542350424627,-2.19979127289414,0.0278217074457508,0.043325415616946,"ENSG00000155052","CNTNAP5"
1166.03147901688,-1.21813001798199,0.249384619198222,-4.88454348908246,1.03668760357547e-06,3.3944411765173e-06,"ENSG00000155066","PROM2"
636.571053479692,-1.67632735491224,0.0909903878045416,-18.4231257318431,8.57081868606278e-76,2.96866906327077e-73,"ENSG00000155324","GRAMD2B"
6.11791102603247,-1.95813218275201,0.324495730167375,-6.03438504951053,1.59569169398685e-09,7.33217781632534e-09,"ENSG00000155511","GRIA1"
1341.96987396665,-1.98852938461845,0.114768742122903,-17.3264021878795,2.97358484225818e-67,6.64682653664535e-65,"ENSG00000155545","MIER3"
463.00518898668,-1.56940644721712,0.231644095302167,-6.77507641699181,1.24340520853096e-11,7.1202264004155e-11,"ENSG00000155659","VSIG4"
6.29170535634288,-1.34621066739318,0.192920185214607,-6.97807057304883,2.99261333952958e-12,1.82514284684159e-11,"ENSG00000155719","OTOA"
30.6631698555451,-3.23256266374582,0.383766955087077,-8.42324390074793,3.66201029456085e-17,3.47294794758217e-16,"ENSG00000155816","FMN2"
694.013263689691,-1.34307537453588,0.114295888778011,-11.7508633853352,6.99009665634326e-32,1.8559961750444e-30,"ENSG00000155846","PPARGC1B"
8663.48212608482,-4.22656772490226,0.266244226961897,-15.8747769787592,9.47470755182397e-57,1.18656052522794e-54,"ENSG00000155850","SLC26A2"
18.6720293799925,-1.51474706342925,0.227645318782538,-6.65397852910052,2.85274308669222e-11,1.57223929836663e-10,"ENSG00000155961","RAB39B"
206.508433659585,-1.33132134881424,0.171270268578366,-7.77321925086537,7.65161311308865e-15,5.97930019022194e-14,"ENSG00000155962","CLIC2"
17.9097714237443,-1.21547216703512,0.318996810059436,-3.81029567915945,0.000138800685842327,0.000330861799775555,"ENSG00000155966","AFF2"
26.7819078078531,-1.57911855519135,0.23577857439863,-6.69746417467746,2.12067195499998e-11,1.18267297148077e-10,"ENSG00000155970","MICU3"
67.5197320649692,-2.37898680644887,0.248548027253545,-9.57153767316793,1.05327320702836e-21,1.40803876879761e-20,"ENSG00000155980","KIF5A"
205.420796956259,-1.80554843727564,0.212531607864624,-8.49543489279825,1.97193165481312e-17,1.91210230347037e-16,"ENSG00000156006","NAT2"
1424.49006033974,-1.14231508403637,0.0898182754288393,-12.7180696643569,4.69311086418432e-37,1.75863580307305e-35,"ENSG00000156030","MIDEAS"
105.250991215835,-1.36108753483867,0.104757890761011,-12.9926970173901,1.34598799377536e-38,5.63103377548218e-37,"ENSG00000156050","FAM161B"
682.599989282946,-2.83453418264765,0.258921277614942,-10.9474748802339,6.83258192197043e-28,1.42149500624457e-26,"ENSG00000156113","KCNMA1"
121.199306804914,-3.14589986961517,0.253511837873213,-12.4092819333687,2.32730605051499e-35,7.84206272779578e-34,"ENSG00000156218","ADAMTSL3"
264.425661375606,-1.6200915134084,0.308361056568183,-5.2538784613036,1.48929178816018e-07,5.4232621120851e-07,"ENSG00000156234","CXCL13"
176.581631005275,-5.76257907530915,0.587082736110295,-9.8156166428756,9.64464980943542e-23,1.39401447828332e-21,"ENSG00000156284","CLDN8"
559.969091407235,-2.70328935459891,0.193355285211422,-13.9809436894524,2.03768051423773e-44,1.23568931752205e-42,"ENSG00000156298","TSPAN7"
160.373804341793,-1.0800162820227,0.216537537409167,-4.98766308578599,6.11140247140618e-07,2.06019369415303e-06,"ENSG00000156299","TIAM1"
207.104348969023,-1.04169030902402,0.134336834996198,-7.754316297935,8.88206961468897e-15,6.90155477922286e-14,"ENSG00000156345","CDK20"
1569.88719599116,-1.18517415807182,0.139249241554178,-8.51117137044299,1.72184931521145e-17,1.68062809398158e-16,"ENSG00000156381","ANKRD9"
3.0930631068244,-2.55238474253397,0.473036597228577,-5.39574476369876,6.82398956431893e-08,2.59122890646291e-07,"ENSG00000156395","SORCS3"
12.7246957140179,-1.06561978504298,0.308877035860621,-3.44998061145547,0.000560626816505218,0.00120570673010998,"ENSG00000156466","GDF6"
29.5852433518736,-1.97761154389499,0.22286734586376,-8.87349170077123,7.08875257575476e-19,7.60651047390576e-18,"ENSG00000156475","PPP2R2B"
5.239394446811,-1.97067654219798,0.3515966886699,-5.60493487482236,2.08333282973036e-08,8.41364467485746e-08,"ENSG00000156486","KCNS2"
6.77454610212863,-2.7276788421899,0.319404551596125,-8.53988720122857,1.34352922372987e-17,1.32312162051081e-16,"ENSG00000156687","UNC5D"
134.24470658745,-2.52354491348377,0.356952383604474,-7.06969620990127,1.55273242060535e-12,9.73705812673527e-12,"ENSG00000156738","MS4A1"
1.09443959618353,-2.00824194333378,0.311069784569069,-6.45592096357361,1.07562738347179e-10,5.60740962879184e-10,"ENSG00000156755","IGKV1OR-2"
1636.58674671184,-2.01273068859302,0.171686635736479,-11.7232810810176,9.68469647865045e-32,2.5485799145426e-30,"ENSG00000156804","FBXO32"
1.79823832770435,-3.26296949697032,0.71986760366364,-4.53273557576978,5.822468377869e-06,1.72409459121942e-05,"ENSG00000156920","ADGRG4"
20.5270337589043,-1.57304309462903,0.47543874150897,-3.30861361788993,0.000937591331298034,0.00193772907135492,"ENSG00000156959","LHFPL4"
1749.70817685587,-3.25910273024897,0.274557727762532,-11.8703733339016,1.68713056680939e-32,4.67664808234467e-31,"ENSG00000156966","B3GNT7"
60.8040811439571,-5.03782152084496,0.443079027655382,-11.3700292868822,5.89678000996686e-30,1.3857793462298e-28,"ENSG00000157005","SST"
5.19414344604706,-1.93003558823966,0.317731302894388,-6.07442694710251,1.24431264780937e-09,5.79809579085285e-09,"ENSG00000157087","ATP2B2"
680.259460602834,-2.36727792621212,0.174621666814725,-13.5566105248773,7.24053187806139e-42,3.66285169889245e-40,"ENSG00000157111","TMEM171"
32.6238288101336,-1.74233721387302,0.253162012316914,-6.88230117120385,5.8893334753144e-12,3.48188842265743e-11,"ENSG00000157152","SYN2"
114.221848178418,-1.42593797903739,0.240188147413103,-5.93675414209716,2.90720120991299e-09,1.29456989712213e-08,"ENSG00000157168","NRG1"
660.602864366011,-1.27659720867776,0.0851409067406707,-14.9939348492744,8.04428459953724e-51,7.01312040812717e-49,"ENSG00000157184","CPT2"
320.819761036844,-1.78271231554146,0.213366814330021,-8.35515270328818,6.53481212347686e-17,6.06869376114287e-16,"ENSG00000157404","KIT"
20.4235131427743,-1.12271174833723,0.20074497891348,-5.59272642540718,2.23531357054368e-08,8.99153597475339e-08,"ENSG00000157445","CACNA2D3"
1737.20713636513,-1.31703326953811,0.14397214881275,-9.14783366365558,5.80866485700233e-20,6.82049468490804e-19,"ENSG00000157514","TSC22D3"
481.95232076336,-1.43132737884981,0.197649176155497,-7.24175737380125,4.42907681805902e-13,2.93493134132911e-12,"ENSG00000157570","TSPAN18"
19.7838348112834,-2.36567700840962,0.415139136872098,-5.69851598727604,1.20854802008417e-08,5.00916836224409e-08,"ENSG00000157703","SVOPL"
744.304076395572,-1.21360010503603,0.0779283204746484,-15.5732870623182,1.10575686139624e-54,1.22515948271185e-52,"ENSG00000157823","AP3S2"
147.593502713047,-1.19007615699834,0.149100151435413,-7.98172332852293,1.44304197778236e-15,1.20087954371858e-14,"ENSG00000157833","GAREM2"
7.6259991564171,-2.78067638923151,0.368284876135445,-7.55034097085445,4.34120188071857e-14,3.1605034786591e-13,"ENSG00000157851","DPYSL5"
30.0549145325194,-1.4178439614693,0.264383877606263,-5.36282308250598,8.19312438590482e-08,3.08159903409198e-07,"ENSG00000157927","RADIL"
1090.01837574249,-1.22521867583204,0.0881094764150604,-13.9056401840406,5.85407176153923e-44,3.44673042903367e-42,"ENSG00000158006","PAFAH2"
7.10003875207067,-1.59894042936817,0.254170821992266,-6.29081031738894,3.15813044015716e-10,1.57036524874188e-09,"ENSG00000158008","EXTL1"
3.45090559557941,-1.12669540030522,0.359908399896688,-3.13050598604713,0.00174505442801137,0.00343428069173593,"ENSG00000158022","TRIM63"
1129.25270690862,-2.40949415529483,0.214671392649537,-11.2241045514083,3.10515967273691e-29,6.94497230585898e-28,"ENSG00000158125","XDH"
3057.92392028831,-1.75695377193653,0.0970441421397815,-18.1046865189021,2.9267269886677e-73,9.07450584946024e-71,"ENSG00000158158","CNNM4"
1375.37610102041,-1.97260708462892,0.120523001687831,-16.3670590427063,3.28719251160708e-60,4.86087271129836e-58,"ENSG00000158201","ABHD3"
79.1385056213999,-2.98211758706626,0.229781501247784,-12.9780577238483,1.62960790754217e-38,6.75874166356785e-37,"ENSG00000158246","TENT5B"
258.577836482544,-1.76301309215762,0.233754902632503,-7.54214381090151,4.62307504926065e-14,3.35554778967197e-13,"ENSG00000158270","COLEC12"
297.4082064299,-1.69480832219387,0.204176280872133,-8.30071110588628,1.034900684251e-16,9.46902108695819e-16,"ENSG00000158315","RHBDL2"
32.970750579863,-3.16908552543516,0.26596935916444,-11.9152278871185,9.85962360707393e-33,2.77100108787406e-31,"ENSG00000158445","KCNB1"
9.3339356740176,-2.75892417402733,0.263865747876549,-10.4557874458117,1.37848891660944e-25,2.43672475296014e-24,"ENSG00000158458","NRG2"
3825.36384637699,-2.70540740856983,0.153481626610235,-17.6269138418775,1.53098968476591e-69,3.92413069401299e-67,"ENSG00000158467","AHCYL2"
97.9769612774936,-1.73674447930205,0.154478243835531,-11.2426477423651,2.51717429013579e-29,5.66614753705216e-28,"ENSG00000158473","CD1D"
46.0903512263891,-1.67557566469401,0.209899069383539,-7.98276843063224,1.43087192981581e-15,1.19100959267435e-14,"ENSG00000158481","CD1C"
24.9863748371468,-1.07919606082783,0.389950577749258,-2.76752009717951,0.00564845627240208,0.010141318684274,"ENSG00000158516","CPA2"
75.9149667666822,-1.52213565728721,0.206244938873343,-7.38023277372137,1.58013024997091e-13,1.08853731805468e-12,"ENSG00000158517","NCF1"
56.5146034789559,-1.99624552969902,0.276134124651699,-7.22926053495553,4.85630993028453e-13,3.20588166019315e-12,"ENSG00000158560","DYNC1I1"
7.96039857423821,-1.19356699053856,0.318896039770748,-3.74280907156013,0.000181974497169361,0.00042515638628284,"ENSG00000158578","ALAS2"
573.528991223684,-1.05455833277635,0.220889763759722,-4.77413853329786,1.80478120899838e-06,5.71662738032303e-06,"ENSG00000158825","CDA"
548.144315767225,-1.47373823761992,0.107712623471357,-13.6821311200523,1.29831016187767e-42,6.92318041521649e-41,"ENSG00000158828","PINK1"
17.8438716166286,-3.75489723418084,0.276987968578539,-13.5561744918034,7.28368945079684e-42,3.6798424220077e-40,"ENSG00000158865","SLC5A11"
56.4757877498629,-2.76163978765081,0.173140192917744,-15.9503102145832,2.83485267373369e-57,3.69462985583184e-55,"ENSG00000158887","MPZ"
9888.71281999923,-2.27687376260491,0.122150157410649,-18.6399576625221,1.52361337208895e-77,5.97738401190855e-75,"ENSG00000159176","CSRP1"
904.097958748093,-1.78194149789716,0.276837580069837,-6.43677602386074,1.22037806680804e-10,6.32940449677171e-10,"ENSG00000159184","HOXB13"
3217.86519431371,-1.27144707812353,0.199087072941459,-6.38638691773523,1.69850927971573e-10,8.68385455814237e-10,"ENSG00000159189","C1QC"
1371.08770456434,-1.22719551675518,0.104812941282566,-11.7084350628686,1.15389716656287e-31,3.01385083986704e-30,"ENSG00000159200","RCAN1"
47.8870164281963,-1.18734359081293,0.207954148438349,-5.70964128260673,1.13214540978651e-08,4.7117985029294e-08,"ENSG00000159208","CIART"
122.217395828848,-2.13955331129919,0.195740137195649,-10.9305804213299,8.23201817561455e-28,1.7043425029502e-26,"ENSG00000159307","SCUBE1"
2.00741266305695,-2.32100786017584,0.501135936954654,-4.63149355099206,3.63037308082353e-06,1.10302634612314e-05,"ENSG00000159387","IRX6"
5938.16861241824,-1.31741586164104,0.125652878018265,-10.4845657530386,1.01711821926712e-25,1.81546630344303e-24,"ENSG00000159399","HK2"
248.721826481443,-1.164159721257,0.179809656449185,-6.47440045349287,9.51891418351642e-11,4.98601762416425e-10,"ENSG00000159433","STARD9"
1.47751818977879,-1.61642514816011,0.245487726974573,-6.58454566377378,4.56278482708887e-11,2.46280202508895e-10,"ENSG00000159648","SPMIP8"
455.212851621743,-1.3147724647967,0.129856345612069,-10.1248226153262,4.28755448664308e-24,6.82864984871444e-23,"ENSG00000159733","ZFYVE28"
77.3461964662037,-1.64917087244875,0.218887350206467,-7.53433613634208,4.90825430722264e-14,3.55381644726532e-13,"ENSG00000159958","TNFRSF13C"
51.055502302589,-1.58668415356411,0.167560057163149,-9.46934597915063,2.81601283484876e-21,3.64904770682273e-20,"ENSG00000160111","CPAMD8"
996.496147273518,-2.64237825887813,0.187948637644203,-14.0590444921463,6.77953871731879e-45,4.19730958236321e-43,"ENSG00000160191","PDE9A"
114.696291843943,-2.3667395241228,0.197428663443711,-11.9878212354792,4.11588971338455e-33,1.1880151036824e-31,"ENSG00000160307","S100B"
1641.59785321859,-1.11898869818091,0.123655521281036,-9.04924168843012,1.43964609812475e-19,1.63226403817759e-18,"ENSG00000160325","CACFD1"
0.331742350407868,-1.55933867523426,0.624907219492335,-2.49531230652295,0.0125846313546205,0.0210572676645979,"ENSG00000160339","FCN2"
3.47475203920306,-2.00986697285311,0.213228363836123,-9.42588939245342,4.26475712827739e-21,5.47104161864801e-20,"ENSG00000160396","HIPK4"
1938.89959295352,-1.35996621414899,0.0851448957092976,-15.9723751238383,1.99059311011012e-57,2.62097031864397e-55,"ENSG00000160445","ZER1"
28.7197754629637,-1.1894610363538,0.263155329554335,-4.51999599768017,6.18408004767777e-06,1.82442699196645e-05,"ENSG00000160460","SPTBN4"
52.5894621914341,-1.24669121755194,0.174696542378493,-7.13632451208392,9.58595512421868e-13,6.13127959841683e-12,"ENSG00000160539","PLPP7"
320.267395597699,-1.63496420089025,0.169570842839843,-9.64177669644803,5.32580832048679e-22,7.28428859828373e-21,"ENSG00000160593","JAML"
107.894205119615,-1.0580895563714,0.192070053407768,-5.50887313039401,3.61138060482309e-08,1.41435010811484e-07,"ENSG00000160654","CD3G"
3.63026410518304,-2.63469721805408,0.360404024208324,-7.3103989996825,2.66350289584727e-13,1.80002980904623e-12,"ENSG00000160683","CXCR5"
3093.7442094846,-1.56267503796053,0.101904210568363,-15.3347445531919,4.48031763450013e-53,4.4395559817945e-51,"ENSG00000160685","ZBTB7B"
607.070286785425,-2.82582536241633,0.142085840152072,-19.8881560568731,5.15354261409524e-88,2.60708227479105e-85,"ENSG00000160712","IL6R"
1548.38602981283,-1.19785787450829,0.0881160127205104,-13.5940998409415,4.34068209639634e-42,2.22218647883023e-40,"ENSG00000160746","ANO10"
21.5284003136915,-2.04111876712423,0.232813327848318,-8.767190375175,1.83179909996951e-18,1.9049818771038e-17,"ENSG00000160801","PTH1R"
43.7756276933358,-1.83329713663084,0.27786374139516,-6.59782786852943,4.17225267662287e-11,2.26280996837522e-10,"ENSG00000160856","FCRL3"
34.5741366912988,-2.46826348680228,0.310982584007811,-7.93698301362203,2.07158407876523e-15,1.70038840897282e-14,"ENSG00000160868","CYP3A4"
25.0637595430063,-1.03561443111803,0.241942084037423,-4.28042287574016,1.86538524651294e-05,5.1198219997632e-05,"ENSG00000161243","FBXO27"
151.15151019056,-1.56292361604752,0.170484528820416,-9.16753928852896,4.83939395231889e-20,5.72140772708501e-19,"ENSG00000161281","COX7A1"
368.806306043151,-1.04818668164816,0.203269713139054,-5.1566299054651,2.51434066852376e-07,8.90136792658682e-07,"ENSG00000161405","IKZF3"
3810.35717185385,-1.67051151842437,0.0951332567571837,-17.5597007331321,5.01388639986561e-69,1.25174604165996e-66,"ENSG00000161533","ACOX1"
1.80862343964939,-1.32908237812352,0.277657106456515,-4.78677601695628,1.69481797990581e-06,5.38874188500156e-06,"ENSG00000161594","KLHL10"
7.83935331491044,-2.24917620306863,0.216915679501902,-10.3688963759252,3.43468494199587e-25,5.93231500291622e-24,"ENSG00000161640","SIGLEC11"
16.9378452543643,-1.30709394040379,0.196764936495754,-6.64292105942361,3.07526567248216e-11,1.68955043312263e-10,"ENSG00000161643","SIGLEC16"
10.6952232258154,-2.65405116127733,0.480765385654063,-5.52047056729468,3.38093023369999e-08,1.32883484660666e-07,"ENSG00000161649","CD300LG"
3899.59150860676,-1.67395089114228,0.145920301234951,-11.4716792452819,1.83071785695856e-30,4.43513607098209e-29,"ENSG00000161714","PLCD3"
15.9355672480155,-1.61788388304161,0.209486424168909,-7.72309656561374,1.13537091943615e-14,8.7373109967097e-14,"ENSG00000161896","IP6K3"
81.7729738900821,-1.18734431198406,0.196420506850775,-6.04491013194518,1.4949330560663e-09,6.88661528954959e-09,"ENSG00000161929","SCIMP"
4.74381167056285,-4.47894112995081,0.422300510559281,-10.6060518942282,2.79303134190477e-26,5.18260984566664e-25,"ENSG00000162040","HS3ST6"
940.43219443531,-1.53187306366052,0.105480891276277,-14.5227542650186,8.69453171916399e-48,6.42737435086499e-46,"ENSG00000162104","ADCY9"
47.1579793621167,-1.08741637599472,0.167128507639124,-6.50646853343987,7.69380094117279e-11,4.0671464978038e-10,"ENSG00000162367","TAL1"
23.6020583271679,-2.40694197135136,0.202810118454391,-11.8679580175515,1.73654531750585e-32,4.81015546269075e-31,"ENSG00000162373","BEND5"
19.4330204378173,-3.18110378633063,0.257593219747718,-12.3493304266554,4.91185224182015e-35,1.62099556344429e-33,"ENSG00000162374","ELAVL4"
55.7063398881565,-2.40717022074787,0.151240773341164,-15.9161459411335,4.89622635638212e-57,6.31695351422226e-55,"ENSG00000162391","FAM151A"
8.73108562283549,-2.64928156440757,0.200338460762468,-13.2240287477735,6.3755466239299e-40,2.93557653952375e-38,"ENSG00000162398","CIMAP2"
899.04154879153,-1.5554650942906,0.0989262535639085,-15.7234812625926,1.04424829824718e-55,1.21293698860149e-53,"ENSG00000162407","PLPP3"
104.696035562913,-1.81183466667516,0.357626442766525,-5.0662771260961,4.0567121175603e-07,1.40020119206249e-06,"ENSG00000162409","PRKAA2"
1539.8240704149,-1.17563952383554,0.0933568819940203,-12.5929604623132,2.30850012526619e-36,8.22566305061252e-35,"ENSG00000162437","RAVER2"
3157.94227207815,-1.39394520868196,0.0856152646949187,-16.2815032301674,1.3354767107387e-59,1.91586093648399e-57,"ENSG00000162458","FBLIM1"
109.178308321319,-3.42128094925322,0.2645176984998,-12.9340341635242,2.892349935511e-38,1.17923836660224e-36,"ENSG00000162460","TMEM82"
77.6836095811589,-4.07353979484402,0.179027077824185,-22.7537635331593,1.31702969477001e-114,1.44673830499493e-111,"ENSG00000162461","SLC25A34"
64.2255496488098,-1.89286623657595,0.21793705758697,-8.68538034574769,3.77477198976665e-18,3.83329790519171e-17,"ENSG00000162520","SYNC"
4759.6184257716,-1.19804179575568,0.141281971892576,-8.47979243003919,2.25596048224935e-17,2.17489750905318e-16,"ENSG00000162545","CAMK2N1"
0.910984596525176,-1.00533314440782,0.384791698927026,-2.61266848326289,0.00898383990782239,0.0154659782803944,"ENSG00000162592","CCDC27"
375.966993474956,-2.0645836971086,0.228759005559547,-9.02514719391532,1.79453956838905e-19,2.0197500815531e-18,"ENSG00000162614","NEXN"
353.510964815365,-1.05939436322417,0.133430594575821,-7.93966606078619,2.02726308054397e-15,1.66543127473662e-14,"ENSG00000162616","DNAJB4"
15.4176078579859,-2.36663139657749,0.422907322384364,-5.5960993610476,2.1922809081346e-08,8.82952273989637e-08,"ENSG00000162631","NTNG1"
67.6668644273556,-3.31499006537002,0.506259162704654,-6.54801001064341,5.8308811880494e-11,3.11360956995743e-10,"ENSG00000162670","BRINP3"
15.4072937059518,-1.43830881028787,0.267731756050869,-5.37220101008334,7.77813318772474e-08,2.93354803480923e-07,"ENSG00000162687","KCNT2"
57.145033554414,-4.49964078739614,0.325895561312206,-13.8070023699571,2.31256187286653e-43,1.29607968405393e-41,"ENSG00000162706","CADM3"
105.504234067531,-1.47897397978188,0.315848300361481,-4.68254531713238,2.83334522395804e-06,8.72236558775841e-06,"ENSG00000162722","TRIM58"
980.104111961018,-1.79316712939698,0.228958242416407,-7.83185226472756,4.80734229823047e-15,3.81875804421626e-14,"ENSG00000162733","DDR2"
6.45310222943324,-2.25743491642334,0.475829266058268,-4.74421200512476,2.09319540486861e-06,6.56848544980276e-06,"ENSG00000162761","LMX1A"
81.4792633060031,-1.20731572949232,0.302815998091547,-3.98696151161514,6.69248771943087e-05,0.000168129949914374,"ENSG00000162779","AXDND1"
1274.12993656365,-2.49989501755605,0.152908306617743,-16.348981117197,4.4231404845249e-60,6.49070542780645e-58,"ENSG00000162817","C1orf115"
9.03166405619321,-1.25517637796927,0.284563736067333,-4.41087959877036,1.02951554218344e-05,2.94485410686159e-05,"ENSG00000162840",NA
1.83093513285318,-1.43989654492258,0.328898390912889,-4.37793733476779,1.19807784737713e-05,3.3886926357764e-05,"ENSG00000162843","WDR64"
183.363811452143,-1.58142988042959,0.187457780074327,-8.43619229782061,3.27843229330596e-17,3.12226619719431e-16,"ENSG00000162894","FCMR"
126008.059652751,-1.71728186828953,0.301530215106422,-5.69522317252165,1.23210647660257e-08,5.10351192694884e-08,"ENSG00000162896","PIGR"
8635.21010934417,-1.21558695369035,0.100651489059727,-12.0771879785009,1.39406140140547e-33,4.15806661752025e-32,"ENSG00000162909","CAPN2"
315.258932841681,-1.77573035706227,0.239693222713544,-7.40834612242851,1.27884181188576e-13,8.87822880851787e-13,"ENSG00000162949","CAPN13"
23.2455278900193,-1.37412005857222,0.394622493381365,-3.48211285879304,0.000497473978581539,0.00107967158083683,"ENSG00000162951","LRRTM1"
16.2192849155339,-2.60501268302142,0.589797662846471,-4.41679044716651,1.00177262458095e-05,2.87226776109615e-05,"ENSG00000162992","NEUROD1"
9608.83966462617,-4.20422629934263,0.305804685555343,-13.7480767886461,5.23014232784322e-43,2.8522451358665e-41,"ENSG00000163017","ACTG2"
29.6462156892923,-3.09901721103031,0.201889675735712,-15.3500529422175,3.53897471118864e-53,3.54330626877785e-51,"ENSG00000163106","HPGDS"
8682.00672853652,-1.20110674887807,0.105058179579478,-11.4327770925197,2.86787538440343e-30,6.86557938382059e-29,"ENSG00000163131","CTSS"
61.6086451776522,-2.55041324710851,0.27093533646361,-9.41336512393637,4.80501594041129e-21,6.13748996215923e-20,"ENSG00000163145","C1QTNF7"
82.1954722406541,-1.02029782753225,0.159893988412357,-6.38108935591099,1.75832667096958e-10,8.97533150652718e-10,"ENSG00000163154","TNFAIP8L2"
228.098084991439,-1.11373342603827,0.152400500585006,-7.3079381088847,2.71272678238273e-13,1.83072154822308e-12,"ENSG00000163219","ARHGAP25"
9.42373989797597,-1.81741287586675,0.176742865509345,-10.282807572624,8.42373380326357e-25,1.41426765735404e-23,"ENSG00000163239","TDRD10"
725.011857105242,-1.33284476422188,0.0863287975099526,-15.4391674929588,8.92447520989474e-54,9.24849860902488e-52,"ENSG00000163249","CCNYL1"
4.82853917152809,-1.28993355661671,0.364332807752154,-3.54053636996154,0.000399314594664652,0.000880755448400659,"ENSG00000163273","NPPC"
0.81284150594032,-2.90832594802566,0.657408914476167,-4.42392228639471,9.69248979833928e-06,2.78406541110758e-05,"ENSG00000163285","GABRG1"
988.463786149821,-1.37906127032698,0.121773497462921,-11.3248062924931,9.88972502692112e-30,2.28503760883435e-28,"ENSG00000163293","NIPAL1"
220.858180469591,-4.50479944712282,0.299296968722917,-15.0512698686677,3.38670395358108e-51,3.02810713728679e-49,"ENSG00000163295","ALPI"
2525.56769634955,-1.10383409403843,0.137123851756904,-8.04990583254132,8.28577630281019e-16,7.04318464545973e-15,"ENSG00000163297","ANTXR2"
2856.60081642783,-1.11850720951768,0.113246213648132,-9.87677356695555,5.24959576546181e-23,7.72116328977469e-22,"ENSG00000163346","PBXIP1"
2453.27606560407,-1.06007605857125,0.113128273897778,-9.37056689761869,7.21439866119753e-21,9.07037231285355e-20,"ENSG00000163362","INAVA"
2.11989104401682,-2.31552054065872,0.536882865729335,-4.31289707395145,1.61129141481091e-05,4.46224310489341e-05,"ENSG00000163377","TAFA4"
1.70251082242481,-2.44904106581401,0.649908906527266,-3.76828358746498,0.000164373902674225,0.000386974676144507,"ENSG00000163394","CCKAR"
101.052365927273,-1.11898547259524,0.135341898183137,-8.2678423135539,1.36405141248329e-16,1.23600482337367e-15,"ENSG00000163406","SLC15A2"
752.619244570419,-1.78545524007249,0.149471638054482,-11.9451105461339,6.88587380063809e-33,1.9566976349825e-31,"ENSG00000163412","EIF4E3"
1104.77489172797,-3.44745459784734,0.256691782066574,-13.4303271031607,4.01633508998379e-41,1.9670832510141e-39,"ENSG00000163431","LMOD1"
12.6242781306467,-3.90223068433817,0.423538701019862,-9.21339814978364,3.15960474325746e-20,3.7914270775287e-19,"ENSG00000163497","FEV"
21.8339397347495,-1.49639154754914,0.359474140819379,-4.16272376126497,3.14473722663108e-05,8.336600162193e-05,"ENSG00000163499","CRYBA2"
7.06661618297236,-3.12631568247853,0.315849426098268,-9.89812050982122,4.24171377592953e-23,6.28443813268449e-22,"ENSG00000163518","FCRL4"
24.4644561157004,-1.17952933565752,0.242621233408292,-4.86160802617208,1.16436009867237e-06,3.78732256460715e-06,"ENSG00000163519","TRAT1"
1668.18457039022,-1.34192084134312,0.241202993600359,-5.56345019318669,2.64492378109603e-08,1.05432228731777e-07,"ENSG00000163520","FBLN2"
441.580585778435,-1.41157148782449,0.187183777446487,-7.54109948565406,4.66025408050648e-14,3.3812566264056e-13,"ENSG00000163531","NFASC"
20.6630351455846,-2.11794448920638,0.37828470402042,-5.59881080756586,2.15827177074004e-08,8.69968215313043e-08,"ENSG00000163534","FCRL1"
19696.8327322079,-2.86247117675301,0.3026406741131,-9.45831615377411,3.12941845627039e-21,4.0442605508648e-20,"ENSG00000163586","FABP1"
41.3002071822834,-1.27856460540658,0.229092412269287,-5.58099935629334,2.39140529292934e-08,9.58531685751193e-08,"ENSG00000163606","CD200R1"
219.473539129013,-1.46643955407875,0.189967625579578,-7.71941824089629,1.16861851531352e-14,8.97699821343833e-14,"ENSG00000163637","PRICKLE2"
27.2757304842981,-1.71209265462977,0.224112007114669,-7.63945081154785,2.18150226346621e-14,1.63429886055116e-13,"ENSG00000163661","PTX3"
2376.43909379408,-1.14329896636972,0.10565099607119,-10.8214688823127,2.72376579730168e-27,5.44852360087709e-26,"ENSG00000163681","SLMAP"
2606.5135402207,-1.79620836673748,0.12448392887121,-14.4292390433453,3.38798395346268e-47,2.40328079444243e-45,"ENSG00000163683","SMIM14"
553.540105820898,-1.03224689194962,0.0903119206231011,-11.4297966960253,2.96802905826135e-30,7.09650579620486e-29,"ENSG00000163686","ABHD6"
165.53300116589,-3.36144589082561,0.297396991217294,-11.3028913879279,1.26967507225628e-29,2.9213164274708e-28,"ENSG00000163687","DNASE1L3"
5495.57076063264,-1.31555832725792,0.0837568298488874,-15.7068782286941,1.35698464572753e-55,1.57144544199657e-53,"ENSG00000163694","RBM47"
74.5989810695613,-3.01737255743843,0.348717100642816,-8.65278058310386,5.02595966459684e-18,5.05713350496611e-17,"ENSG00000163710","PCOLCE2"
9.98614564997407,-2.02755788033567,0.19531059414676,-10.3811976467192,3.01963013039428e-25,5.23189362880887e-24,"ENSG00000163749","CCDC158"
309.527709229322,-1.88352505301992,0.245055500684888,-7.68611619717081,1.51668768266242e-14,1.15332459128406e-13,"ENSG00000163751","CPA3"
2.35682421024054,-1.08011947538835,0.247587975816297,-4.36256838332796,1.28544387793637e-05,3.62008942096539e-05,"ENSG00000163810","TGM4"
97.4219168567488,-4.09810899893691,0.176921876827918,-23.1633818972139,1.06576336461034e-118,1.41294496824737e-115,"ENSG00000163815","CLEC3B"
44.7581852366635,-3.48308250782806,0.24059879655997,-14.4767245623355,1.70007591915388e-47,1.2240228251631e-45,"ENSG00000163873","GRIK3"
56.7058164786918,-1.15638815851637,0.235556956010384,-4.90916582597288,9.1464613919058e-07,3.01538330590467e-06,"ENSG00000163884","KLF15"
2243.36292046573,-1.29472105722021,0.138327696927082,-9.35981069577634,7.98796811045726e-21,1.00134792938621e-19,"ENSG00000163898","LIPH"
256.842599813478,-4.0809978231965,0.179515602927737,-22.7333878316933,2.09528113050837e-114,2.23770204512932e-111,"ENSG00000163959","SLC51A"
1.6966476362749,-1.54815031048246,0.447468203702202,-3.45979959620278,0.000540577545890454,0.00116550713960598,"ENSG00000164007","CLDN19"
174.855139754538,-1.07691183690799,0.162527922474121,-6.62601121403901,3.4487898283013e-11,1.88560327828072e-10,"ENSG00000164035","EMCN"
3.12804265385461,-1.41104931367196,0.297753897823469,-4.7389784784901,2.14798314031285e-06,6.7277806758133e-06,"ENSG00000164047","CAMP"
21.8214888097914,-2.4781810641719,0.395876666723616,-6.25998264732804,3.85020312543811e-10,1.89683187549615e-09,"ENSG00000164106","SCRG1"
103.515121640782,-3.85960566021462,0.310335410742924,-12.4368845017556,1.64807578652503e-35,5.62731525439857e-34,"ENSG00000164107","HAND2"
4.52311902006269,-2.01234191279048,0.239215829008078,-8.41224396033814,4.02240174957065e-17,3.80067043661201e-16,"ENSG00000164112","SMIM43"
595.646327932431,-1.09788500249023,0.22575122238682,-4.86325163993587,1.15472890525141e-06,3.75631290466206e-06,"ENSG00000164116","GUCY1A1"
1590.59225876442,-2.88095089181302,0.222767313887608,-12.9325565835324,2.94848711369507e-38,1.20085258538384e-36,"ENSG00000164120","HPGD"
13.2303872665134,-4.46656965572327,0.593560389732255,-7.52504670626364,5.27014816303189e-14,3.80295394940104e-13,"ENSG00000164122","ASB5"
70.7414544444015,-2.0802951807151,0.313171107095433,-6.64267914115452,3.08031923199158e-11,1.69205267855229e-10,"ENSG00000164128","NPY1R"
4.28365384956967,-1.88317588458269,0.403327784756271,-4.66909535062328,3.02528951441625e-06,9.27834284945448e-06,"ENSG00000164129","NPY5R"
136.261164656909,-2.03039012789394,0.24405810024157,-8.31929006201495,8.8491746238929e-17,8.12961091433238e-16,"ENSG00000164161","HHIP"
914.451577806463,-2.01592210017046,0.171380658749531,-11.7628331859588,6.06638797465947e-32,1.62080902336159e-30,"ENSG00000164176","EDIL3"
47.1953875625185,-1.3538431377004,0.227522495552087,-5.95037046519412,2.6753623609508e-09,1.1956254410261e-08,"ENSG00000164197","RNF180"
57.0729927470258,-1.80486964534352,0.199840776758764,-9.03153838078929,1.69275121560071e-19,1.90853976499122e-18,"ENSG00000164236","ANKRD33B"
3093.36370179934,-1.79410496559405,0.170910577353346,-10.4973313727966,8.88566526131876e-26,1.59192531361567e-24,"ENSG00000164237","CMBL"
3438.30665822161,-1.30289535554819,0.102520021841888,-12.7086917476235,5.29122331500605e-37,1.97314900865216e-35,"ENSG00000164251","F2RL1"
38.8623265273958,-2.9246777579484,0.327170959076646,-8.93929512021034,3.91660575182999e-19,4.29497265660604e-18,"ENSG00000164270","HTR4"
15.2021074902632,-3.5171967009804,0.204722562172424,-17.1803081382799,3.72925073533459e-66,7.46763036569838e-64,"ENSG00000164303","ENPP6"
13.1619652666823,-2.64140900782062,0.47564167914804,-5.5533590171321,2.80231691956269e-08,1.11256380221424e-07,"ENSG00000164326","CARTPT"
116.326633204841,-1.33444144591462,0.187332140570947,-7.12339826923204,1.05297979262735e-12,6.70374467414201e-12,"ENSG00000164330","EBF1"
403.586446882869,-2.10043720396059,0.154590764955591,-13.5870807325649,4.77759054077546e-42,2.43458285538768e-40,"ENSG00000164342","TLR3"
4.76049651190724,-1.07319075730398,0.331421730836759,-3.23814239517256,0.00120310744219472,0.00243618643440566,"ENSG00000164363","SLC6A18"
42.1303465025611,-1.86744856459604,0.142421399129665,-13.1121346652117,2.80588018795971e-39,1.24283036389962e-37,"ENSG00000164406","LEAP2"
17.9493763805362,-1.34004714390222,0.276677292642536,-4.84335787409032,1.27663048223289e-06,4.13292456638666e-06,"ENSG00000164418","GRIK2"
22.3223306119719,-1.50098856726227,0.214146033811181,-7.00918219473418,2.39715130672665e-12,1.47343367369656e-11,"ENSG00000164440","TXLNB"
1039.38387513053,-1.77600761328903,0.105530335809558,-16.8293562193722,1.48710201977364e-63,2.59884597064714e-61,"ENSG00000164442","CITED2"
3.69225166239065,-1.06372914216084,0.241082902931826,-4.41229605759992,1.02280122561609e-05,2.92739065891922e-05,"ENSG00000164512","ANKRD55"
103.561173925477,-4.47251846343491,0.362296380632535,-12.3449162136986,5.18882309320766e-35,1.7050827475603e-33,"ENSG00000164530","PI16"
11.294027054822,-1.04921342177735,0.223620619368474,-4.69193504937259,2.70633053381079e-06,8.36081077006214e-06,"ENSG00000164591","MYOZ3"
1715.0757833016,-1.0190550252063,0.139903429361831,-7.2839888904419,3.24091714384217e-13,2.17534115623778e-12,"ENSG00000164626","KCNK5"
165.836880785344,-1.20989656589369,0.191796462726101,-6.3082319073919,2.82241098677138e-10,1.41164609351371e-09,"ENSG00000164691","TAGAP"
60.6953198322218,-1.16702778061046,0.169239720191812,-6.89570852095346,5.35969912456785e-12,3.18295261418382e-11,"ENSG00000164736","SOX17"
2.81018160843509,-2.52674296972837,0.39965077081347,-6.32237732104282,2.57569495863125e-10,1.29295918624488e-09,"ENSG00000164756","SLC30A8"
121.073990279922,-2.08992684499457,0.289957612630136,-7.20769779429947,5.69057472548838e-13,3.73163101604728e-12,"ENSG00000164825","DEFB1"
10.9551364379947,-1.97127944875002,0.242677373029113,-8.12304593602774,4.54627149801741e-16,3.93938472581193e-15,"ENSG00000164841","TMEM74"
114.271429154298,-2.15755491038052,0.22493933472151,-9.5917190875118,8.66294073664415e-22,1.16659923818479e-20,"ENSG00000164850","GPER1"
18.0175160300772,-1.97555044599584,0.222996284751139,-8.85911820549174,8.06498193502373e-19,8.61796443735012e-18,"ENSG00000164929","BAALC"
858.601810777808,-1.03035741554467,0.142952854548296,-7.20767289887565,5.69161489069683e-13,3.73167663203651e-12,"ENSG00000164938","TP53INP1"
2851.62504809118,-1.40518800070747,0.102684069715697,-13.6845764352546,1.25536527117453e-42,6.70347619178433e-41,"ENSG00000164976","MYORG"
6.26601608373878,-2.34432370655952,0.324376664481478,-7.22716509310854,4.93180432612532e-13,3.25292641836576e-12,"ENSG00000165023","DIRAS2"
3.25211193173157,-2.61029469026581,0.411968580612749,-6.33614992284931,2.35577569228143e-10,1.18634933639498e-09,"ENSG00000165061","ZMAT4"
95.0203092107782,-4.57488151470943,0.309095970079818,-14.8008449075802,1.44654079969696e-49,1.17331548788922e-47,"ENSG00000165072","MAMDC2"
2872.41216530907,-1.03705492005676,0.249773015271536,-4.15198943300319,3.29597484119969e-05,8.71141267664436e-05,"ENSG00000165092","ALDH1A1"
426.001999613114,-1.6912245775026,0.201488959719677,-8.39363397307488,4.7134200126143e-17,4.41992339573127e-16,"ENSG00000165124","SVEP1"
51.4692443431863,-1.55032553423395,0.216402783379027,-7.16407390896895,7.83141466204305e-13,5.06637051172084e-12,"ENSG00000165178","NCF1C"
34.5323669580047,-2.81418578777402,0.372065639624905,-7.56368094245713,3.91820129868704e-14,2.86393698347188e-13,"ENSG00000165186","PTCHD1"
1.34361750037717,-2.8745590687028,0.387653549195965,-7.41527860293024,1.2136939624908e-13,8.44424389719214e-13,"ENSG00000165192","ASB11"
17.5099218517515,-4.3720103053024,0.276812137913546,-15.7941423315327,3.41405041089519e-56,4.08909645319898e-54,"ENSG00000165197","VEGFD"
116.599909792707,-2.07759354033913,0.204590235193133,-10.1549007868234,3.15130537034368e-24,5.06726213189474e-23,"ENSG00000165269","AQP7"
3.22642293372394,-1.05240170942768,0.360941548236571,-2.91571229349831,0.00354877582947867,0.00660501448980813,"ENSG00000165349","SLC7A3"
14.5042491384981,-1.88103948764424,0.258600004831369,-7.27393446442837,3.49165429724335e-13,2.3367037905329e-12,"ENSG00000165379","LRFN5"
4.06049761083431,-1.17272984802215,0.264740117963249,-4.42973984088407,9.43468343348142e-06,2.71386558407197e-05,"ENSG00000165383","LRRC18"
1195.97458815122,-1.46776384065895,0.083352836396624,-17.6090449240956,2.09957809031242e-69,5.31068939725273e-67,"ENSG00000165406","MARCHF8"
498.151746466786,-2.51547251991021,0.171814461649524,-14.6406332491464,1.54621386298456e-48,1.19132834449233e-46,"ENSG00000165410","CFL2"
780.548005871726,-1.13363124501064,0.171812227864374,-6.59808244792395,4.16509635491329e-11,2.2595662418139e-10,"ENSG00000165424","ZCCHC24"
490.049956808206,-2.35922101696785,0.223240092723697,-10.5680883222345,4.18947341693722e-26,7.66282989823908e-25,"ENSG00000165449","SLC16A9"
258.668169437911,-2.35739593952404,0.227126289821396,-10.3792297288782,3.08252163832352e-25,5.33845537966776e-24,"ENSG00000165457","FOLR2"
4.24781751073201,-3.70154285812114,0.355340902690715,-10.4168780742445,2.07657896411009e-25,3.64059422859738e-24,"ENSG00000165462","PHOX2A"
2.20687671921031,-2.34666719460685,0.473703473151025,-4.95387373665867,7.27504232044589e-07,2.43093648613057e-06,"ENSG00000165478","HEPACAM"
24.6369733371679,-2.71414902296167,0.212234904798131,-12.7884196312725,1.90304436849592e-37,7.28748474457796e-36,"ENSG00000165495","PKNOX2"
11.6154543318792,-2.09681243536474,0.275766709228583,-7.60357347422489,2.88063581186866e-14,2.13312413441669e-13,"ENSG00000165496","RPL10L"
10.6413027823867,-1.28702514730564,0.287925654845943,-4.46999121351056,7.82228106195663e-06,2.27473897578887e-05,"ENSG00000165521","EML5"
282.966774063456,-1.43751262151825,0.254032566087312,-5.65877298198126,1.52459064705734e-08,6.24637005620349e-08,"ENSG00000165548","TMEM63C"
5.29669817118058,-4.81259118989392,0.483977671439459,-9.94382896958899,2.68311070610154e-23,4.02330566760866e-22,"ENSG00000165553","NGB"
1.95144957353251,-2.38307316099048,0.508311655798595,-4.68821270141149,2.75601485878697e-06,8.50541846811548e-06,"ENSG00000165566","AMER2"
295.664670423306,-1.17659738589275,0.171133443227767,-6.87532117452217,6.18503502069207e-12,3.64829765941313e-11,"ENSG00000165633","VSTM4"
20.6355429958035,-1.10242540105406,0.170265704398815,-6.47473550205882,9.49781678314823e-11,4.97564466360131e-10,"ENSG00000165646","SLC18A2"
17.4480779111017,-2.12697626764976,0.269903830216732,-7.88049679006703,3.26082000231856e-15,2.62937807527562e-14,"ENSG00000165702","GFI1B"
726.84728679548,-1.36522906183565,0.202592077859,-6.73880773751586,1.59691539639114e-11,9.02030990129207e-11,"ENSG00000165757","JCAD"
2589.0862610224,-1.42251694949874,0.121747115984926,-11.6841942249776,1.53528616914338e-31,3.96154037977172e-30,"ENSG00000165795","NDRG2"
2584.65011567721,-1.78142169723921,0.0963125992452409,-18.4962477515862,2.21358952130674e-76,7.80787856198901e-74,"ENSG00000165806","CASP7"
121.935066029511,-1.21420383194951,0.170495002935792,-7.12163882249834,1.06651237603859e-12,6.78315985468251e-12,"ENSG00000165807","PPP1R36"
70.2707552361616,-2.24469760771222,0.205562390633414,-10.919787422181,9.27125458330374e-28,1.90616002654695e-26,"ENSG00000165821","SALL2"
546.734583188084,-1.05800024590259,0.124346087189678,-8.50851257015198,1.76178802753247e-17,1.71786620072383e-16,"ENSG00000165895","ARHGAP42"
1908.49339356943,-1.38931111347213,0.106488728825536,-13.0465555255927,6.64860102996114e-39,2.85927028857848e-37,"ENSG00000165959","CLMN"
67.6403576545253,-4.02864308369041,0.33162262760307,-12.148275625246,5.85882694609249e-34,1.79915590731963e-32,"ENSG00000165966","PDZRN4"
154.827394799628,-1.20450633772874,0.196772509650675,-6.12131409955114,9.28067521538911e-10,4.38562094402735e-09,"ENSG00000165995","CACNB2"
590.051284077523,-1.78131063160229,0.202457766199602,-8.79843072972617,1.38742602443862e-18,1.45664577721441e-17,"ENSG00000166025","AMOTL1"
30.3924388314905,-2.25648370292249,0.320793174549876,-7.0340764141528,2.00585179988285e-12,1.24305261363791e-11,"ENSG00000166035","LIPC"
215.082701104373,-1.73244713102427,0.17530894921689,-9.88225152659439,4.97033801462893e-23,7.32443793209806e-22,"ENSG00000166086","JAM3"
4.34073533574634,-4.71832864719492,0.324239658489516,-14.5519788331121,5.67377291575681e-48,4.22751060643608e-46,"ENSG00000166091","CMTM5"
3.65536849721779,-1.34437890366682,0.33626853482751,-3.99793249866934,6.3898166192543e-05,0.000160999593394371,"ENSG00000166105","GLB1L3"
10.0856028683659,-1.95702748224814,0.346993481985918,-5.63995459236772,1.70095013814568e-08,6.92832185202742e-08,"ENSG00000166111","SVOP"
2065.61653855231,-1.65879661724118,0.212287274654725,-7.81392393839495,5.54345550579841e-15,4.37996781404503e-14,"ENSG00000166126","AMN"
1376.97518456604,-1.57339655934434,0.187747899286573,-8.38036838400387,5.27623030835366e-17,4.9344496877955e-16,"ENSG00000166143","PPP1R14D"
1.70699388722811,-1.0970652241416,0.367772437117511,-2.98300012023758,0.00285437882199248,0.00540868913598546,"ENSG00000166159","LRTM2"
22036.4442732766,-1.46908976294245,0.277590885024449,-5.29228386880592,1.20798191804314e-07,4.4494424988508e-07,"ENSG00000166165","CKB"
82.6197934018317,-3.12847865753552,0.270406470138154,-11.5695406842046,5.87965862309069e-31,1.47459383615113e-29,"ENSG00000166183","ASPG"
443.585118704883,-1.79154662810999,0.212618413685619,-8.42611228752274,3.5733928708297e-17,3.39392874764796e-16,"ENSG00000166250","CLMP"
27.4540884291918,-1.8790584464321,0.251917275808192,-7.45902971681389,8.7161949608293e-14,6.15561255802726e-13,"ENSG00000166257","SCN3B"
54.7932506448798,-3.84634456786326,0.24756068721809,-15.536976452464,1.94967320938408e-54,2.09969428238627e-52,"ENSG00000166292","TMEM100"
1111.40821651402,-1.85149269473192,0.129906334578871,-14.2525204851178,4.32388966378478e-46,2.91139379866083e-44,"ENSG00000166311","SMPD1"
298.633541426734,-1.59886783857133,0.174687815853019,-9.15271526387735,5.55201715204072e-20,6.52777992185044e-19,"ENSG00000166313","APBB1"
976.281664904357,-2.91698282549403,0.263181883871454,-11.0835243770759,1.50816582560016e-28,3.26489028698476e-27,"ENSG00000166391","MOGAT2"
73.0594997997241,-1.78508731306597,0.223776909868097,-7.97708447273746,1.49830288115207e-15,1.24524969458828e-14,"ENSG00000166402","TUB"
17.1941583994026,-2.75601550177355,0.307480705517517,-8.96321444669165,3.15348477314425e-19,3.47996639130531e-18,"ENSG00000166405","RIC3"
1.44524280755488,-1.73086876908067,0.509343643775347,-3.3982337666004,0.000678224398206662,0.00143675648453642,"ENSG00000166407","LMO1"
14.1599154863093,-1.49323699673471,0.378866286798771,-3.94132982734307,8.10311130209044e-05,0.000200877116662242,"ENSG00000166426","CRABP1"
55.7901335823032,-1.25679303350337,0.216526084431401,-5.80434933187711,6.46164342569114e-09,2.7695741893818e-08,"ENSG00000166428","PLD4"
26.1672752212919,-2.55433574842186,0.248769672756878,-10.2678743759823,9.83476794616425e-25,1.64256004876706e-23,"ENSG00000166448","TMEM130"
10.4558159975414,-2.16563554350463,0.281701071827219,-7.68770785804082,1.49794364211796e-14,1.13952194714106e-13,"ENSG00000166473","PKD1L2"
1603.49560125741,-2.25883994618041,0.216087349343833,-10.4533650537136,1.41416696797696e-25,2.49634882542747e-24,"ENSG00000166482","MFAP4"
263.709871894956,-2.33620833078798,0.208031470925398,-11.2300716828838,2.9024298062771e-29,6.50668914063766e-28,"ENSG00000166501","PRKCB"
527.057317261839,-2.10856391176936,0.17524694720722,-12.0319580190809,2.41367711802655e-33,7.07306738999747e-32,"ENSG00000166510","CCDC68"
168.937452620173,-1.1250051266637,0.204777085261114,-5.49380378780756,3.93367527084543e-08,1.53385408862266e-07,"ENSG00000166532","RIMKLB"
3.81072006751233,-3.47445051018306,0.434140964947673,-8.0030469149619,1.21377668040365e-15,1.0164685696249e-14,"ENSG00000166573","GALR1"
0.969643763014841,-1.01358589433751,0.457070068239741,-2.21757223841196,0.0265840125191548,0.0416069826714409,"ENSG00000166603","MC4R"
4.38398976319094,-1.13166787694945,0.327680110480425,-3.4535751202301,0.00055320820489355,0.00119114659118086,"ENSG00000166664","CHRFAM7A"
1525.7681752349,-1.04877995848837,0.0870659373204441,-12.0458125274452,2.04055752808352e-33,6.01635853391311e-32,"ENSG00000166689","PLEKHA7"
86102.5515813598,-1.10191677139575,0.120496311015202,-9.14481748123164,5.97306412551653e-20,6.99714797177739e-19,"ENSG00000166710","B2M"
14.0902009336242,-2.47966574163922,0.350312606339442,-7.07843707810075,1.45789292327251e-12,9.16175371380489e-12,"ENSG00000166736","HTR3A"
28.0416595116215,-1.00014863925871,0.200536654881043,-4.98736073887335,6.12097106895314e-07,2.06305754964532e-06,"ENSG00000166743","ACSM1"
11.7156131690207,-1.00501691859182,0.175673216037678,-5.72094563565264,1.05932791801268e-08,4.42214771594282e-08,"ENSG00000166763",NA
45.2656180433698,-1.64660593258081,0.179109778946489,-9.19327767733304,3.81049783797023e-20,4.53988876282743e-19,"ENSG00000166770","ZNF667-AS1"
249.664615440097,-1.30889814506065,0.17252523208682,-7.58670560374596,3.28141484046101e-14,2.41825869985057e-13,"ENSG00000166780","BMERB1"
16.6007529801483,-1.27489477129948,0.214737240090202,-5.9369989609811,2.90286506196377e-09,1.29278875289379e-08,"ENSG00000166793","YPEL4"
580.91540594186,-3.01864121597473,0.214252434223085,-14.0891804889911,4.42668727557196e-45,2.77639226238035e-43,"ENSG00000166816","LDHD"
118.150075933434,-1.68759287115986,0.372330494343071,-4.53251317525682,5.82860394165549e-06,1.72564558559086e-05,"ENSG00000166819","PLIN1"
467.362473319376,-1.36854464143156,0.0958824747249745,-14.2731468431227,3.21726875862181e-46,2.17771711201994e-44,"ENSG00000166821","PEX11A"
9603.73866259192,-3.82747412972108,0.337663334625954,-11.3351783780758,8.78529213719365e-30,2.03352273810165e-28,"ENSG00000166825","ANPEP"
46.1750523942623,-4.47562317562799,0.417753430351922,-10.7135521828215,8.79221124364623e-27,1.6910162365406e-25,"ENSG00000166828","SCNN1G"
142.021472572351,-3.45678046394913,0.244653839589258,-14.1292712583323,2.50725414217819e-45,1.61468006707412e-43,"ENSG00000166831","RBPMS2"
2839.07854459949,-2.07448409617144,0.172677180719407,-12.0136551195053,3.01230497961843e-33,8.77379466298408e-32,"ENSG00000166866","MYO1A"
1583.33807214759,-4.04431854386277,0.316166327519139,-12.791743433266,1.82336996018984e-37,7.00330717876313e-36,"ENSG00000166869","CHP2"
1829.74342673199,-2.07026020364991,0.206568556273407,-10.0221458725295,1.21828627240913e-23,1.87808549780729e-22,"ENSG00000166920","C15orf48"
17.4732638492684,-1.23577994139839,0.209424866143973,-5.90082717564605,3.61683618271451e-09,1.59267553220507e-08,"ENSG00000166924","NYAP1"
392.532371468616,-1.29227610829256,0.207516718617819,-6.22733491980727,4.74436207747313e-10,2.30806641519182e-09,"ENSG00000166927","MS4A7"
359.450756688572,-2.09751503750854,0.270362047425818,-7.75817115412274,8.61628214497312e-15,6.70180456459198e-14,"ENSG00000166959","MS4A8"
2.91698889307766,-1.57205973159183,0.275002072101402,-5.71653776853058,1.08716315279261e-08,4.53342318171558e-08,"ENSG00000166960","CCDC178"
531.839728752031,-1.59275858101293,0.209450063434149,-7.60447886669506,2.86054207578386e-14,2.11987781780382e-13,"ENSG00000166963","MAP1A"
103.618748921295,-1.45648541383355,0.203358353361739,-7.162161719724,7.94146555227582e-13,5.13324690800855e-12,"ENSG00000167037","SGSM1"
672.179667351758,-1.89617244462872,0.109864159860083,-17.2592449352326,9.53495721524135e-67,1.98157027056424e-64,"ENSG00000167074","TEF"
103.447750302448,-1.53407798997944,0.180367507290454,-8.50529018793305,1.81141931719313e-17,1.76313008830694e-16,"ENSG00000167077","MEI1"
868.933530133095,-4.2258752764265,0.424257750646799,-9.96063187999269,2.26617758390188e-23,3.41811414547962e-22,"ENSG00000167080","B4GALNT2"
1273.85734121464,-1.56291281302263,0.145611696228654,-10.7334290685577,7.09147941880623e-27,1.37353203634682e-25,"ENSG00000167107","ACSF2"
452.745879342286,-1.69886303676321,0.181690774393428,-9.35029883842391,8.74004310460892e-21,1.09277540566796e-19,"ENSG00000167117","ANKRD40CL"
48.5379057507721,-1.28948814005367,0.191711147440288,-6.72620323476656,1.74147286450446e-11,9.79725010559011e-11,"ENSG00000167261","DPEP2"
80.1327232580059,-4.84670835060724,0.319004148256564,-15.1932455333126,3.92019520543618e-52,3.67609134300987e-50,"ENSG00000167281","RBFOX3"
3816.47253852467,-1.66566735088242,0.130732582030939,-12.7410269498711,3.49760315927484e-37,1.31965013409853e-35,"ENSG00000167315","ACAA2"
1821.151542577,-1.12113048870003,0.07109681658361,-15.7690673446901,5.07943120759287e-56,6.04609571635675e-54,"ENSG00000167323","STIM1"
50.5646589561905,-1.79249131152009,0.243432731215431,-7.36339481782252,1.79291077272019e-13,1.2300506866305e-12,"ENSG00000167332","OR51E2"
3.49534432099991,-2.48067951200115,0.268411812663165,-9.24206534499361,2.41784375457611e-20,2.92875988759256e-19,"ENSG00000167414","GNG8"
1725.26587707051,-5.1597417772234,0.40666173982596,-12.6880433340782,6.88852588649589e-37,2.53196132655935e-35,"ENSG00000167434","CA4"
25.0024769168715,-1.964669358458,0.302354885275405,-6.49789189504396,8.14532987505313e-11,4.2941697260667e-10,"ENSG00000167483","NIBAN3"
27.9904196806988,-1.73771576937616,0.187040023227096,-9.29060924712511,1.53407667245711e-20,1.88496790750906e-19,"ENSG00000167549","CORO6"
2756.49835786459,-1.20181102736286,0.16864575818058,-7.12624521558381,1.03143894326876e-12,6.57422630169997e-12,"ENSG00000167552","TUBA1A"
136.019518962531,-1.20056098089593,0.21517543831134,-5.5794517734818,2.41277828257373e-08,9.66551612725868e-08,"ENSG00000167555","ZNF528"
1006.81563315932,-1.0438918895269,0.165512841114646,-6.30701450411223,2.84469182085207e-10,1.42131080489018e-09,"ENSG00000167601","AXL"
3745.58998565045,-1.03338340424291,0.122331041896983,-8.44743401362623,2.97775066448186e-17,2.84365573267099e-16,"ENSG00000167608","TMC4"
8.51680183219245,-2.1157785920491,0.282964965863958,-7.47717508274965,7.59372178149032e-14,5.39659558840958e-13,"ENSG00000167634","NLRP7"
263.826840452153,-2.52785296944114,0.206834271575718,-12.2216349842958,2.38244407904662e-34,7.47737367404941e-33,"ENSG00000167641","PPP1R14A"
9.27511882956135,-3.08532937916066,0.343960993181269,-8.96999787861026,2.96520146991483e-19,3.27689281154974e-18,"ENSG00000167654","ATCAY"
25.4011692630903,-1.57512409388718,0.205625190732394,-7.66017085881803,1.85685883468452e-14,1.39954227832024e-13,"ENSG00000167664","TMIGD2"
510.82459536836,-2.71206483009062,0.401817164430777,-6.74949969828338,1.48355818558943e-11,8.41149705963086e-11,"ENSG00000167676","PLIN4"
465.968952238812,-2.88634209182271,0.245366412442229,-11.7633952548509,6.02612732738096e-32,1.61229309224646e-30,"ENSG00000167701","GPT"
437.978026837842,-1.48672786080724,0.141233037933204,-10.526771090985,6.50268698121637e-26,1.17485341337794e-24,"ENSG00000167705","RILP"
69.0367180421027,-3.01999784834594,0.233838373192581,-12.9148941942851,3.70953611644371e-38,1.50285073834469e-36,"ENSG00000167723","TRPV3"
2678.84371788788,-1.84487211890753,0.203410724977081,-9.06968951177676,1.19356642307909e-19,1.36331100024128e-18,"ENSG00000167741","GGT6"
1766.62051444423,-1.07924640917834,0.229408793338664,-4.70446835743176,2.54528337250884e-06,7.89372508049104e-06,"ENSG00000167748","KLK1"
19.969140717988,-1.17851760716041,0.364235376805275,-3.23559347117031,0.00121390133824418,0.00245610276557594,"ENSG00000167759","KLK13"
11.2275301590787,-2.3781339957949,0.353297028743467,-6.73125954173166,1.68200624398361e-11,9.47934536242125e-11,"ENSG00000167768","KRT1"
427.522370509877,-1.80339430214529,0.230766610549706,-7.81479737406312,5.50515167476129e-15,4.3505974602168e-14,"ENSG00000167779","IGFBP6"
135.866254667056,-1.77645232546021,0.302182566276409,-5.87873862926715,4.13404523595906e-09,1.80800406309769e-08,"ENSG00000167800","TBX10"
8.24508146219936,-1.1078466271017,0.258451936570977,-4.28647059797697,1.81534216387314e-05,4.99102260972758e-05,"ENSG00000167889","MGAT5B"
59.2202318249796,-1.40092864097685,0.212645620077222,-6.58809074209051,4.45518345719704e-11,2.40810401207443e-10,"ENSG00000167912","TOX-DT"
15.2731391874342,-5.71329454449872,0.833129496110113,-6.85763086191779,7.00118828227244e-12,4.10828275165642e-11,"ENSG00000167916","KRT24"
29.5114018905502,-1.75528512820445,0.353062418338299,-4.97160002604003,6.64025896274114e-07,2.22714853302371e-06,"ENSG00000168004","PLAAT5"
1349.18425800538,-2.1999094452223,0.138841902355646,-15.8447083185822,1.52928932219438e-56,1.87250275701934e-54,"ENSG00000168016","TRANK1"
44.0908212314946,-2.05428718947,0.266603822649307,-7.70539285242068,1.30441383103381e-14,9.97827269434079e-14,"ENSG00000168032","ENTPD3"
268.920574628941,-3.52044605855051,0.199767431824315,-17.6227227151148,1.64875179962996e-69,4.19798413512405e-67,"ENSG00000168060","NAALADL1"
318.999644008241,-1.54087458281178,0.203483465981953,-7.57248052256217,3.6616413061861e-14,2.68508722675829e-13,"ENSG00000168077","SCARA3"
366.29088757504,-4.83055270104197,0.276520347701595,-17.4690677962507,2.46489180549506e-68,5.92298095286679e-66,"ENSG00000168079","SCARA5"
15.0831357730088,-1.90701854246073,0.262372164102983,-7.26837219558175,3.63845155533478e-13,2.43071323975597e-12,"ENSG00000168081","PNOC"
143.051593127942,-1.79661228393852,0.344797934931859,-5.21062367816552,1.88206865719701e-07,6.76841727971426e-07,"ENSG00000168229","PTGDR"
73.5183997715617,-1.8689233929076,0.2289295884696,-8.16374766320683,3.24787027635353e-16,2.85745694542252e-15,"ENSG00000168280","KIF5C"
160.483714144435,-3.51625512926057,0.201616132245966,-17.4403461175956,4.07598024055258e-68,9.6140621048175e-66,"ENSG00000168309","FAM107A"
4.66957528116066,-2.8733295195208,0.245279406628998,-11.7145159433091,1.07402906309302e-31,2.81480541163853e-30,"ENSG00000168314","MOBP"
39.0317165227397,-1.56971719216539,0.192856106671606,-8.13931806078764,3.97510452874409e-16,3.47185015485288e-15,"ENSG00000168329","CX3CR1"
14.2179829692495,-3.18296325394932,0.256995389664931,-12.3852932073966,3.13935426887811e-35,1.05138287086722e-33,"ENSG00000168356","SCN11A"
629.415015110955,-1.27017416248471,0.129518076092226,-9.80692580377934,1.05122348607403e-22,1.51656245287386e-21,"ENSG00000168398","BDKRB2"
201.909523234973,-1.41496063962078,0.221567257591203,-6.38614502433124,1.7011967625836e-10,8.69643823042833e-10,"ENSG00000168405",NA
13.2512643757235,-1.24494253371242,0.28211872137278,-4.41283204338433,1.02027146180347e-05,2.92167264203472e-05,"ENSG00000168412","MTNR1A"
166.118499681085,-1.05197215706802,0.189148977893771,-5.56160635273867,2.67302699195994e-08,1.06475205926113e-07,"ENSG00000168421","RHOH"
556.314252745626,-4.25199449665095,0.317744716521895,-13.3817944895961,7.72592826434939e-41,3.72229027543159e-39,"ENSG00000168447","SCNN1B"
538.216683551753,-3.97238389074675,0.249591273046954,-15.9155560298755,4.94259498608612e-57,6.35544981371415e-55,"ENSG00000168477","TNXB"
7.94414743805622,-1.99947952936489,0.348158715823975,-5.7430115590609,9.30073752720696e-09,3.91060209654993e-08,"ENSG00000168481","LGI3"
51.0412909282497,-1.18571179014619,0.232027608981901,-5.11021854402972,3.21786363893495e-07,1.12370614645108e-06,"ENSG00000168490","PHYHIP"
312.473812905904,-2.95209137451547,0.205303472028588,-14.379159521006,6.99387286406989e-47,4.88009854818321e-45,"ENSG00000168497","CAVIN2"
9510.40260051984,-1.01145590382093,0.157310852165405,-6.42966387822647,1.27886417154768e-10,6.62380315283495e-10,"ENSG00000168528","SERINC2"
42.7681480395573,-3.69612462694136,0.216919440161795,-17.0391580587914,4.20744994240932e-65,7.96866147467051e-63,"ENSG00000168546","GFRA2"
31.7809995675964,-1.97881693414987,0.217177024219898,-9.11153903714168,8.1221478361271e-20,9.40578969444514e-19,"ENSG00000168621","GDNF"
26.171726050741,-1.56224340557598,0.203966388888077,-7.65931786159741,1.86923238154284e-14,1.40804030903561e-13,"ENSG00000168658","VWA3B"
3.49072606180634,-1.37744149523462,0.324846444855972,-4.24028496247002,2.23236204327442e-05,6.05998894851172e-05,"ENSG00000168671","UGT3A2"
5.35340956746935,-1.65795747229273,0.370711274297932,-4.47236862550953,7.73579258054453e-06,2.250949953411e-05,"ENSG00000168702","LRP1B"
1307.96082121283,-1.03298251856533,0.117601803377697,-8.78373025665038,1.58140672142e-18,1.65263235168346e-17,"ENSG00000168734","PKIG"
315.462529095176,-5.75470755892549,0.310268043941199,-18.5475354981002,8.53778241080517e-77,3.0967181164927e-74,"ENSG00000168748","CA7"
122.246957006471,-1.25729726672218,0.211198799766238,-5.95314588962531,2.63036622963886e-09,1.1771585430209e-08,"ENSG00000168824","NSG1"
632.141607882576,-2.84228526925779,0.241483740483476,-11.7700896282592,5.56653409584273e-32,1.49452888535521e-30,"ENSG00000168903","BTNL3"
13.584727887387,-2.42516240836481,0.248335149042379,-9.76568326198139,1.58043063847518e-22,2.24382632043779e-21,"ENSG00000168913","ENHO"
113.966383299473,-1.18432968666166,0.173718430248321,-6.81752468617594,9.26224925216727e-12,5.37112665155467e-11,"ENSG00000169026","SLC49A3"
340.767848478412,-1.15719074262025,0.220681251849187,-5.2437202205608,1.57370774616932e-07,5.71065046880338e-07,"ENSG00000169071","ROR2"
77.347152989697,-1.62659475112478,0.251568070059538,-6.46582354724038,1.00748587221633e-10,5.26645946010896e-10,"ENSG00000169083","AR"
6430.32828860255,-1.58273193195523,0.145690138113681,-10.8636861248648,1.7167648383634e-27,3.47574816959229e-26,"ENSG00000169116","PARM1"
61.1928105656868,-1.3344453446583,0.191496728425438,-6.96850205029943,3.2033331384403e-12,1.94809473542572e-11,"ENSG00000169122","FAM110B"
4.01881855599433,-2.56803968139563,0.377990477944852,-6.79392691413328,1.09121682290254e-11,6.28807152130307e-11,"ENSG00000169181","GSG1L"
11.0902027992572,-2.05602170411305,0.294144978706875,-6.98982424636914,2.75230812184497e-12,1.68312375315052e-11,"ENSG00000169218","RSPO1"
10.0151834599162,-2.39189582395106,0.253747331165791,-9.426289580907,4.24852333665893e-21,5.45203527117911e-20,"ENSG00000169224","GCSAML"
30.6651738413063,-1.96547516207813,0.19857708994902,-9.89779416438582,4.2555748938998e-23,6.30254576062271e-22,"ENSG00000169252","ADRB2"
20.8972721275307,-2.24279751207943,0.478507391727703,-4.68706973152822,2.77144557829011e-06,8.54960829242716e-06,"ENSG00000169271","HSPB3"
66.2194793302573,-1.44737751578022,0.220209124487608,-6.57274088504749,4.93973797422739e-11,2.65731224143166e-10,"ENSG00000169282","KCNAB1"
114.377139704825,-1.78236337657249,0.169109507981551,-10.5396993808707,5.6679786957807e-26,1.02742469079057e-24,"ENSG00000169291","SHE"
23.5831493499967,-1.05427821411572,0.260548265899965,-4.04638353847461,5.20149842478238e-05,0.000132975603389592,"ENSG00000169302","STK32A"
2.3428955125047,-1.51920040697377,0.379284447181632,-4.005438183038,6.19026215180165e-05,0.000156330142505464,"ENSG00000169306","IL1RAPL1"
14.230136026573,-2.73368933535052,0.261385119599668,-10.458473456857,1.33997047552624e-25,2.37081660711263e-24,"ENSG00000169313","P2RY12"
161.882254647132,-1.79411990101597,0.175796247960856,-10.2056780040918,1.87010412615005e-24,3.06740159292197e-23,"ENSG00000169418","NPR1"
90.3465516596771,-3.34207999269933,0.254503220840623,-13.1317787714452,2.16510321266742e-39,9.63445870572039e-38,"ENSG00000169432","SCN9A"
878.724435538447,-1.09624142493202,0.146577463499533,-7.47892205772485,7.49346973995494e-14,5.33126260347978e-13,"ENSG00000169435","RASSF6"
297.550668783046,-1.23103997174455,0.187282653193685,-6.5731660180584,4.92564842605998e-11,2.65047452815574e-10,"ENSG00000169442","CD52"
840.035855979807,-1.11468202376503,0.213773824372629,-5.21430547933705,1.84507199608653e-07,6.64270840280352e-07,"ENSG00000169554","ZEB2"
2.08832748109386,-2.75928954237619,0.321840576851908,-8.57346693001314,1.00415375030813e-17,9.95531182003523e-17,"ENSG00000169618","PROKR1"
13.7180677591043,-2.58348463721695,0.551267323909846,-4.68644616715838,2.7798989571579e-06,8.57431008470516e-06,"ENSG00000169676","DRD5"
4.14347758746793,-1.10729892268496,0.350467828946595,-3.15948806489081,0.00158046573587081,0.00313378886781976,"ENSG00000169704","GP9"
1811.56448000352,-2.33049390908875,0.262052011538204,-8.8932494561256,5.93473803619838e-19,6.40395378270331e-18,"ENSG00000169715","MT1E"
16.4810574510667,-1.52749493408338,0.237164426722292,-6.44065788109111,1.18956740820967e-10,6.17794112433298e-10,"ENSG00000169752","NRG4"
13.8471307867302,-3.41277067022595,0.381845163560613,-8.93757731118734,3.97795382592612e-19,4.35976028350575e-18,"ENSG00000169760","NLGN1"
4016.52846764728,-2.18684000500553,0.0875160741003156,-24.9878668288851,8.28313549297069e-138,2.12307806865496e-134,"ENSG00000169764","UGP2"
741.378422817031,-1.16392803359732,0.0789160784986926,-14.7489340035644,3.12562699354884e-49,2.50878874782823e-47,"ENSG00000169814","BTD"
0.861788293073901,-1.28298917197925,0.567334492859128,-2.26143340150803,0.0237324323714896,0.0375551871660628,"ENSG00000169836","TACR3"
347.397313841659,-1.3179580151793,0.215859450167147,-6.10563037272062,1.02395731389542e-09,4.81390154650739e-09,"ENSG00000169851","PCDH7"
370.728003755162,-2.50296038231754,0.181339126809973,-13.8026493584058,2.456556597033e-43,1.36977242455763e-41,"ENSG00000169860","P2RY1"
12.662626038408,-3.2028123988082,0.318852980763639,-10.0447936573703,9.68501598051464e-24,1.50326931531226e-22,"ENSG00000169862","CTNND2"
72.9314213113474,-1.70593597875411,0.169673867793997,-10.0542057591645,8.80283782090627e-24,1.37243595174527e-22,"ENSG00000169918","OTUD7A"
7.17140840928571,-4.13690963132934,0.451391384007104,-9.16479529273478,4.96411009914791e-20,5.86705013777866e-19,"ENSG00000169933","FRMPD4"
74.3474669406941,-1.20511515956827,0.222739252300203,-5.41043012007619,6.28735540420943e-08,2.39835254713404e-07,"ENSG00000169946","ZFPM2"
8.29248775346447,-3.58920714892037,0.575111037808629,-6.24089421513537,4.35076422292859e-10,2.12627217591122e-09,"ENSG00000170054","SERPINA9"
3.36399317216567,-1.04827759787866,0.352769916618042,-2.97156177014287,0.00296289265272908,0.00559995741910701,"ENSG00000170074","FAM153A"
85.5784444330603,-1.81459328658561,0.158367824849847,-11.4580931341709,2.14178376643311e-30,5.15624048015366e-29,"ENSG00000170075","GPR37L1"
27.0556192086227,-4.01781958770467,0.337685602232022,-11.8981074737798,1.21061470779717e-32,3.38013824768903e-31,"ENSG00000170091","NSG2"
170.765331314084,-3.09034742811943,0.257553183709228,-11.9988710044771,3.60175915559366e-33,1.04510818305743e-31,"ENSG00000170153","RNF150"
13.4853786555015,-1.63704801064367,0.241156539990868,-6.78832102461604,1.13445998462589e-11,6.51966861418707e-11,"ENSG00000170214","ADRA1B"
560.881041654539,-1.77900061510487,0.18569676169502,-9.5801380641555,9.69152956560426e-22,1.29874603418887e-20,"ENSG00000170271","FAXDC2"
115.72899590197,-2.11873545532482,0.291550836307964,-7.26712185825052,3.67227513518882e-13,2.45203129771804e-12,"ENSG00000170298","LGALS9B"
175.999603902857,-2.04386792824204,0.415731370021504,-4.91631874721485,8.81867699381932e-07,2.91381638347689e-06,"ENSG00000170323","FABP4"
34.6254348777107,-3.46729516522041,0.416661638172555,-8.32160882491533,8.67772922299399e-17,7.97973344741569e-16,"ENSG00000170381","SEMA3E"
217.718855753772,-3.79819627362731,0.235917275798861,-16.0996953731595,2.56363618506575e-58,3.54547195709435e-56,"ENSG00000170382","LRRN2"
113.123306673302,-1.19784825627398,0.171211018480873,-6.99632691226469,2.62760032670616e-12,1.60993386073103e-11,"ENSG00000170390","DCLK2"
9.07122446207067,-1.18051745059463,0.271985148603827,-4.34037467359722,1.42239975934689e-05,3.97810457173272e-05,"ENSG00000170396","ZNF804A"
21.841030422955,-5.16489714205807,0.394222886125267,-13.1014644857957,3.22965095198025e-39,1.42560723479661e-37,"ENSG00000170419","VSTM2A"
366.093539386236,-1.16224102530493,0.150323721522435,-7.73158762658413,1.06213526810888e-14,8.20492558830261e-14,"ENSG00000170456","DENND5B"
1868.92325222934,-1.00224911277159,0.179840450650724,-5.57299044316841,2.5040331236154e-08,1.00054626380837e-07,"ENSG00000170458","CD14"
581.161878635334,-2.04980091606173,0.262068789329416,-7.8216140170937,5.21503057424395e-15,4.13406763892695e-14,"ENSG00000170476","MZB1"
121.249917259947,-3.11385153131346,0.22906555631732,-13.5937134389594,4.36366516464349e-42,2.23098184288628e-40,"ENSG00000170482","SLC23A1"
45.7887880112766,-3.2779402374028,0.377192382701374,-8.69036700562949,3.61270507405565e-18,3.6774602060423e-17,"ENSG00000170500","LONRF2"
85.5597646293739,-2.38574165353603,0.19854094577633,-12.0163709516309,2.91494745243749e-33,8.50956603673988e-32,"ENSG00000170703","TTLL6"
2.47446031465381,-2.42352314649999,0.384518640225934,-6.30274554460088,2.92418753141811e-10,1.4585656204e-09,"ENSG00000170743","SYT9"
316.728885977643,-1.14090205786441,0.181704814925737,-6.27887631007851,3.41028755621203e-10,1.69006606952416e-09,"ENSG00000170745","KCNS3"
5.18252654251654,-1.62000800069926,0.260240362697075,-6.22504512332309,4.81417434015647e-10,2.33995652156758e-09,"ENSG00000170819","BFSP2"
22.3380423761048,-1.66677769129129,0.298420342566904,-5.58533535936014,2.33249669084599e-08,9.36090817045466e-08,"ENSG00000170837","GPR27"
3.8201316596379,-1.95742006373942,0.25043098580533,-7.81620556036544,5.44394471035872e-15,4.30488157711151e-14,"ENSG00000170858","LILRP2"
19.7849770563994,-1.13059612147719,0.238276088119789,-4.74489962630578,2.0860975153908e-06,6.54781542772716e-06,"ENSG00000170891","CYTL1"
3130.21129504872,-1.60222611149413,0.139424156072187,-11.4917397144909,1.4515879104993e-30,3.54344129491852e-29,"ENSG00000170915","PAQR8"
86.6588174035546,-1.48264257709095,0.224788626987345,-6.5957188179917,4.23200339078574e-11,2.29262835515766e-10,"ENSG00000170954","ZNF415"
34.3995182323629,-1.10072285111017,0.226088121616261,-4.86855675230223,1.12416239638489e-06,3.66370023343308e-06,"ENSG00000170956","CEACAM3"
203.255069605844,-1.64007932832451,0.165810429666571,-9.89129170959005,4.54129889029887e-23,6.71019671158035e-22,"ENSG00000170962","PDGFD"
405.963931977992,-1.13807604144174,0.148641690376844,-7.65650631768538,1.91059360936726e-14,1.43806954775534e-13,"ENSG00000170989","S1PR1"
8.94529875499808,-2.04978442816356,0.409237963252095,-5.00878367166752,5.47750975400785e-07,1.85790752106166e-06,"ENSG00000171094","ALK"
762.083954701796,-1.40925487424393,0.0937745185131248,-15.0281216751509,4.80436449129882e-51,4.24628509418312e-49,"ENSG00000171100","MTM1"
13.0291707367312,-1.85645503616285,0.226509761148356,-8.19591626758613,2.48691415472699e-16,2.21022627153927e-15,"ENSG00000171101",NA
245.065137813768,-1.60510677657237,0.159076559607667,-10.0901526945961,6.10744402599581e-24,9.6037996101211e-23,"ENSG00000171115","GIMAP8"
11.2361062250845,-2.23293647413617,0.297230952707099,-7.51246279635141,5.802523534283e-14,4.16834122426342e-13,"ENSG00000171126","KCNG3"
153.774121284311,-1.38849636965998,0.100493529544071,-13.8167738356832,2.01918369165458e-43,1.13996410268787e-41,"ENSG00000171174","RBKS"
13.0587701288596,-1.11006195763899,0.320846824906159,-3.45978788465077,0.000540601056534799,0.00116550713960598,"ENSG00000171189","GRIK1"
824.56074164976,-3.19853151589224,0.185374691301366,-17.2544131749481,1.03669592623623e-66,2.13143573668473e-64,"ENSG00000171227","TMEM37"
221.204690558051,-1.34187099877165,0.291644507852427,-4.60105012315417,4.20366248045783e-06,1.26729562758694e-05,"ENSG00000171243","SOSTDC1"
119.378119433928,-4.84069520949508,0.348960841945719,-13.8717432663922,9.39649950842116e-44,5.44077133434139e-42,"ENSG00000171246","NPTX1"
120.396735254698,-1.00964972173111,0.201954172320829,-4.99940016157308,5.75089403971154e-07,1.94463168992779e-06,"ENSG00000171291","ZNF439"
45.7010260291225,-2.88898550077277,0.324528662817247,-8.90209658429971,5.48015497403717e-19,5.92840512906041e-18,"ENSG00000171303","KCNK3"
7.92808340403572,-1.15179481814102,0.17686867713193,-6.51214696020978,7.40841832341252e-11,3.92221783641202e-10,"ENSG00000171357","LURAP1"
203.736159197714,-1.1277412463987,0.237579125776754,-4.74680274502907,2.06657312078886e-06,6.49183240256306e-06,"ENSG00000171385","KCND3"
2.81455780372055,-3.1501285911865,0.373270356005014,-8.43926805466486,3.1933100284365e-17,3.04346035357705e-16,"ENSG00000171403","KRT9"
49.676112444752,-2.07729517451913,0.18147659810896,-11.4466283596075,2.44470416965822e-30,5.87080207438162e-29,"ENSG00000171408","PDE7B"
387.379490215887,-1.4861540821576,0.141493994096445,-10.5033015121801,8.34107652600073e-26,1.49645062620229e-24,"ENSG00000171428","NAT1"
13774.8293830217,-2.83956389871974,0.230514318957653,-12.3183840013053,7.21250995899523e-35,2.33613622909427e-33,"ENSG00000171431","KRT20"
64.1524865806534,-1.40237873769961,0.175392006976793,-7.99568214009417,1.2885842781567e-15,1.07770719474202e-14,"ENSG00000171433","GLOD5"
0.755557704774829,-2.99430374613429,0.394430206340029,-7.59146662198829,3.16304654073611e-14,2.33505473025501e-13,"ENSG00000171446","KRT27"
12.9761909616373,-1.39543081854016,0.309809734146466,-4.50415421059836,6.66378054881745e-06,1.95619127098102e-05,"ENSG00000171450","CDK5R2"
57.8207029969151,-1.23856496698167,0.221219886585904,-5.59879577779601,2.15845886697821e-08,8.69968215313043e-08,"ENSG00000171451","DSEL"
1.75199647233159,-2.34248206566747,0.621306120552351,-3.77025428879563,0.000163081295318632,0.000384239726727285,"ENSG00000171495","MROH2B"
733.573736715341,-1.91520233713265,0.0909965000428322,-21.0469890186014,2.43676664869006e-98,1.67297084539619e-95,"ENSG00000171503","ETFDH"
942.422965108285,-1.59607645164302,0.132939707579727,-12.0060174698806,3.30375567165393e-33,9.60086880635514e-32,"ENSG00000171522","PTGER4"
58.0961466502677,-2.10926757627297,0.212223657066817,-9.93888996837375,2.8195137827962e-23,4.22454584595345e-22,"ENSG00000171533","MAP6"
49.4533536551035,-1.06281668129391,0.171512953540271,-6.19671377208464,5.76542075146754e-10,2.78191681264649e-09,"ENSG00000171596","NMUR1"
3.88614214267352,-1.20637526979486,0.243911719879286,-4.945950405302,7.57732504725427e-07,2.52514012387783e-06,"ENSG00000171611","PTCRA"
2.74610704503377,-1.04665567062567,0.23506584520912,-4.45260633119433,8.48342056619922e-06,2.45603968756522e-05,"ENSG00000171643","S100Z"
31.2921936541507,-1.6560160382834,0.158347283611132,-10.458127228442,1.34487499402243e-25,2.37839967319136e-24,"ENSG00000171649","ZIK1"
44.8388213375963,-1.61550298612739,0.221139724254684,-7.30534955477666,2.76546850801775e-13,1.86467849399787e-12,"ENSG00000171658",NA
157.871805723525,-1.46215830714203,0.211618921809832,-6.9093930478295,4.86731665154808e-12,2.90264810457684e-11,"ENSG00000171659","GPR34"
74.5304011405346,-3.14273459893056,0.306239839346945,-10.2623310070709,1.04161484141699e-24,1.73588928513043e-23,"ENSG00000171714","ANO5"
97.7157847136332,-1.93191136082871,0.204968797970152,-9.42539244978175,4.28500121037792e-21,5.49517816995997e-20,"ENSG00000171724","VAT1L"
46772.8514542254,-1.97105696129901,0.151758143161131,-12.9881462717043,1.42845108234431e-38,5.95657904152837e-37,"ENSG00000171747","LGALS4"
51.815145066673,-1.43351224827907,0.189666974171308,-7.55804880919495,4.09160521140335e-14,2.98614171531558e-13,"ENSG00000171777","RASGRP4"
425.508197491987,-1.44621713372374,0.168731906084481,-8.57109462747163,1.0250597120763e-17,1.01599563676714e-16,"ENSG00000171791","BCL2"
1.08978686891077,-1.69832308215855,0.500335829682695,-3.39436630639785,0.000687876170309255,0.00145519836689116,"ENSG00000171815","PCDHB1"
23.6589128499829,-1.31118996149048,0.17235273716284,-7.60759581236973,2.7924150131411e-14,2.07138684179502e-13,"ENSG00000171817","ZNF540"
18.6622132191061,-3.73589843399156,0.449040250762472,-8.31974066388925,8.81559844759516e-17,8.10291082006912e-16,"ENSG00000171819","ANGPTL7"
2.44062198424145,-2.10556109120314,0.497771828551892,-4.22997238981683,2.33719995968715e-05,6.32315296953711e-05,"ENSG00000171885","AQP4"
168.077422826596,-2.87691950588814,0.285638515309416,-10.0718892995636,7.35514209824938e-24,1.15233556744659e-22,"ENSG00000171916","LGALS9C"
145.078308594812,-2.29507758528646,0.245820984826136,-9.3363777991115,9.96861557549794e-21,1.2399332352998e-19,"ENSG00000171951","SCG2"
2543.91714325531,-1.73000058895893,0.137670151524936,-12.5662721352172,3.2362733992507e-36,1.14151379248616e-34,"ENSG00000171992","SYNPO"
31.5657328245633,-3.51565812125388,0.243758130996998,-14.4227316925776,3.72310068413178e-47,2.62645966977642e-45,"ENSG00000172005","MAL"
2.21527173134799,-1.39080029472328,0.370312233100584,-3.75575033824365,0.000172822912436144,0.000405227938917633,"ENSG00000172014",NA
40.1160963252948,-3.1339031947629,0.310271587921436,-10.1005161824757,5.49521736371238e-24,8.6658991789438e-23,"ENSG00000172020","GAP43"
1425.96725165092,-1.08513807257887,0.123075895084751,-8.81682048163569,1.17755813853754e-18,1.24446337966885e-17,"ENSG00000172086","KRCC1"
153.854465507797,-1.92125335701695,0.332458152214903,-5.77893290995323,7.51758940553032e-09,3.19863612078823e-08,"ENSG00000172137","CALB2"
174.228751892707,-1.47177902722434,0.236626978609525,-6.21982766239443,4.97701234950895e-10,2.41666069463969e-09,"ENSG00000172156","CCL11"
276.145667725873,-1.99677761135933,0.202228000845917,-9.87389284869966,5.40262604929365e-23,7.9401668087612e-22,"ENSG00000172159","FRMD3"
1046.50739307022,-1.06019981127004,0.107177381621664,-9.89201075104203,4.50879208144032e-23,6.66472622664882e-22,"ENSG00000172197","MBOAT1"
262.662206025754,-1.74343399926841,0.240927626591168,-7.23633907798733,4.60958019151166e-13,3.0487619064691e-12,"ENSG00000172236","TPSAB1"
737.855631169924,-1.34080123769156,0.320705043333972,-4.18079249316729,2.90494873969324e-05,7.73988663859917e-05,"ENSG00000172238","ATOH1"
189.463343652901,-2.91443208259944,0.205941830530188,-14.1517246646607,1.82232555012548e-45,1.18150000717832e-43,"ENSG00000172260","NEGR1"
28913.6373563659,-1.05550442999084,0.108530308018613,-9.72543475883092,2.34899776002141e-22,3.28885349160755e-21,"ENSG00000172270","BSG"
218.770145970149,-1.04907261618747,0.202356937024707,-5.18426811362232,2.16864774845531e-07,7.74240876449635e-07,"ENSG00000172296","SPTLC3"
91.8991212779696,-3.28370002673244,0.315743907798336,-10.3998840377618,2.48235102773078e-25,4.32829705048368e-24,"ENSG00000172318","B3GALT1"
4417.57095196237,-1.39068390206391,0.0937373254910884,-14.8359673670882,8.57586784225875e-50,7.06030815698762e-48,"ENSG00000172340","SUCLG2"
305.377962299452,-1.96322787368077,0.150878909294476,-13.0119437028078,1.04646048850247e-38,4.41638489587866e-37,"ENSG00000172348","RCAN2"
276.940688011331,-1.77931826022016,0.172575638264845,-10.3103675472984,6.32589250633905e-25,1.07188889022132e-23,"ENSG00000172349","IL16"
262.988428155831,-1.380236479238,0.213728557597611,-6.45789451233086,1.06169702202798e-10,5.53779207786047e-10,"ENSG00000172367","NHERF4"
4911.95170588671,-1.17269910794894,0.102939631528172,-11.3921051643554,4.57793740526077e-30,1.08112997186769e-28,"ENSG00000172380","GNG12"
2885.34707559778,-3.63257442815587,0.293923045095222,-12.3589303008855,4.35918807184753e-35,1.44356334020949e-33,"ENSG00000172403","SYNPO2"
93.775600286825,-6.23251505293599,0.620044381243832,-10.0517241047057,9.02739941993014e-24,1.40573683879325e-22,"ENSG00000172410","INSL5"
2.65671398139975,-2.50607133875764,0.83206231213011,-3.01187940160637,0.00259635723819813,0.00496059964900877,"ENSG00000172461","FUT9"
110.541619469417,-1.3779197090004,0.237751806480224,-5.79562245772049,6.80682380352749e-09,2.90973932370715e-08,"ENSG00000172543","CTSW"
29.8206310236389,-1.23815621119574,0.275903796048259,-4.48763746251311,7.201734411165e-06,2.10462969676239e-05,"ENSG00000172548","NIPAL4"
3.62387895371887,-2.21182578937515,0.330714092918841,-6.68803004387825,2.2619470733195e-11,1.25908613186499e-10,"ENSG00000172554","SNTG2"
937.170949173935,-1.93443997628259,0.222094517107948,-8.70998528677034,3.03914241672049e-18,3.1150602104946e-17,"ENSG00000172572","PDE3A"
238.081735008886,-1.41561990008661,0.207430215420258,-6.8245597548001,8.81953585420783e-12,5.12522211285865e-11,"ENSG00000172578","KLHL6"
903.607272608982,-2.67407967725978,0.144326948862605,-18.5279304962334,1.22924481072565e-76,4.41689488205319e-74,"ENSG00000172594","SMPDL3A"
864.183272463093,-1.1478435457921,0.0873966312119209,-13.1337275805149,2.11008469189601e-39,9.40051287941203e-38,"ENSG00000172661","WASHC2C"
47.0757225584962,-1.46026454430882,0.219541979067725,-6.65141377749152,2.90290896636751e-11,1.59965803396777e-10,"ENSG00000172673","THEMIS"
33.8770023579672,-7.57693247940677,0.495445539257024,-15.2931692366617,8.49152614033681e-53,8.24428549286691e-51,"ENSG00000172689","MS4A10"
150.344139845247,-2.28212661376461,0.316601835076297,-7.20819136507735,5.66999114217803e-13,3.71876747600339e-12,"ENSG00000172724","CCL19"
10.7361207799728,-2.67078634288761,0.367834101818881,-7.2608448473945,3.84679990029204e-13,2.56322211033844e-12,"ENSG00000172752","COL6A5"
38.1088232895774,-2.32688452774492,0.450103692547557,-5.16966327153396,2.34516168353176e-07,8.33312673260124e-07,"ENSG00000172782","FADS6"
165.637958019989,-1.57985255839496,0.167818778660327,-9.41403918564231,4.77428808735331e-21,6.10026766681531e-20,"ENSG00000172794","RAB37"
1676.48452492059,-2.23155238635441,0.207578722524485,-10.7503907877224,5.90110695161933e-27,1.14992325883887e-25,"ENSG00000172828","CES3"
6761.23376835281,-2.11425504197332,0.175329821946901,-12.0587303317608,1.744515110666e-33,5.17526022066169e-32,"ENSG00000172831","CES2"
10.7965562155284,-3.16450495586438,0.264030461485974,-11.9853782705769,4.23904891021269e-33,1.2226460123852e-31,"ENSG00000172901","LVRN"
120.167310740553,-2.10888208919271,0.269149014521879,-7.83536990814908,4.67464426485989e-15,3.71718817065291e-14,"ENSG00000172915","NBEA"
283.215987691911,-2.46897973099231,0.216276372159535,-11.4158551224962,3.48459824280726e-30,8.29550146385206e-29,"ENSG00000172935","MRGPRF"
0.543024356904822,-2.60955505098273,0.720823519452745,-3.62024126649463,0.000294328439464634,0.000664594204034579,"ENSG00000172938","MRGPRD"
325.693375243219,-1.36636163511316,0.234413241326746,-5.8288585891298,5.58077683460563e-09,2.4105620375248e-08,"ENSG00000172955","ADH6"
33.7278952366797,-3.29708079434282,0.237512292759516,-13.8817269457339,8.17502834890855e-44,4.75499720015866e-42,"ENSG00000172987","HPSE2"
2.59927862842405,-3.06722398732744,0.468046227531743,-6.55325009989408,5.62981099015236e-11,3.00916645542038e-10,"ENSG00000172995","ARPP21"
218.745052404193,-1.39641574761104,0.25165963131544,-5.54882696248059,2.87592638458338e-08,1.14061008570329e-07,"ENSG00000173068","BNC2"
226.597887573271,-2.92546752747879,0.234123733653671,-12.4953907142379,7.91066888091375e-36,2.74495926411996e-34,"ENSG00000173175","ADCY5"
59.4017831621484,-1.70870327823284,0.182915278967343,-9.34150109208702,9.49778783417606e-21,1.18290070897495e-19,"ENSG00000173198","CYSLTR1"
22.5727494021837,-1.83820340218799,0.233933162992755,-7.85781450851808,3.90893583619247e-15,3.12576655769742e-14,"ENSG00000173208","ABCD2"
66.3962705785728,-1.18347599190073,0.204016289213662,-5.80088970572982,6.59639793460705e-09,2.823869406434e-08,"ENSG00000173212","MAB21L3"
195.368984874266,-3.74290862621861,0.353530685564102,-10.5872241903028,3.41570635892456e-26,6.29246106284488e-25,"ENSG00000173237","C11orf86"
89.777865354568,-1.13046389089131,0.218140207402052,-5.18228117757202,2.19188448054635e-07,7.81955856208273e-07,"ENSG00000173258","ZNF483"
91.9110169764986,-1.80905076388354,0.234967350109036,-7.69915804491159,1.36965681916864e-14,1.04627847658607e-13,"ENSG00000173267","SNCG"
40.4213077991075,-2.4349868057546,0.212637659347141,-11.4513431592066,2.31529867169977e-30,5.57048110330669e-29,"ENSG00000173320","STOX2"
3322.71732557046,-1.23291899774432,0.203522244442317,-6.05790782782841,1.37903372452804e-09,6.38176572062224e-09,"ENSG00000173369","C1QB"
2525.53424972583,-1.42632480079919,0.192264971780375,-7.418536967974,1.18421125958407e-13,8.25555218444764e-13,"ENSG00000173372","C1QA"
198.975751647896,-1.12281663966147,0.227898548558964,-4.92682663738406,8.35758449633426e-07,2.77027374024108e-06,"ENSG00000173376","NDNF"
1.00192171103026,-2.57028731678312,0.545250464259842,-4.71395713577648,2.42951792081902e-06,7.55542145933259e-06,"ENSG00000173452","TMEM196"
1415.01228795613,-1.20484301693588,0.256724620381734,-4.69313389243441,2.69051270736088e-06,8.31394808390161e-06,"ENSG00000173467","AGR3"
768.917487432989,-1.33404999257923,0.182865169719511,-7.29526565734455,2.98070355589044e-13,2.00488295334709e-12,"ENSG00000173546","CSPG4"
36.8459702756872,-1.27201332014945,0.283045612096118,-4.4940223970598,6.9890272747853e-06,2.04588953581293e-05,"ENSG00000173578","XCR1"
7.62954557288521,-1.70254136990604,0.257309209514891,-6.61671369289839,3.67271824366531e-11,2.00148828227073e-10,"ENSG00000173585","CCR9"
2720.46784949789,-2.69506121690938,0.230415238302569,-11.6965407182418,1.32755717555346e-31,3.45335525903274e-30,"ENSG00000173597","SULT1B1"
678.043499667048,-1.12847272399749,0.137681796432955,-8.19623765257164,2.48027744638033e-16,2.20534752499964e-15,"ENSG00000173599","PC"
273.672424761676,-2.74994839226082,0.295171335085929,-9.31644799268961,1.20300262638242e-20,1.48911274876127e-19,"ENSG00000173641","HSPB7"
4.33241964231362,-1.8582011867521,0.31199585903393,-5.95585208247914,2.58720257958535e-09,1.15946121432938e-08,"ENSG00000173662","TAS1R1"
32.0185972927119,-1.88162461272695,0.252968059293717,-7.43819048926739,1.02073801074253e-13,7.1692207342013e-13,"ENSG00000173705","SUSD5"
4.38362647788061,-1.41707643486847,0.346459239697038,-4.09016782495868,4.31061165822335e-05,0.000111730658952143,"ENSG00000173714","WFIKKN2"
280.919249860322,-1.01642529979248,0.232824178438035,-4.36563464590083,1.26754192904338e-05,3.57281411627059e-05,"ENSG00000173762","CD7"
3.29374330810427,-1.04362197389677,0.261750596653153,-3.987085367678,6.68899625590502e-05,0.000168064200137747,"ENSG00000173811","CCDC13-AS1"
29.400021584215,-3.6170854343849,0.30480920762592,-11.8667197180736,1.76243420196454e-32,4.87484228510294e-31,"ENSG00000173930","SLCO4C1"
562.009027760355,-1.05909354378579,0.177934077167648,-5.9521681324029,2.6461332309585e-09,1.1838013070824e-08,"ENSG00000174080","CTSF"
808.159005411213,-2.35776275308939,0.216479660992715,-10.891382323297,1.26702344560599e-27,2.5856290028245e-26,"ENSG00000174099","MSRB3"
35.7289777205934,-2.21278623727595,0.253913518822589,-8.71472400341957,2.91467860264797e-18,2.99183311232398e-17,"ENSG00000174123","TLR10"
15.661439817511,-2.55329135874962,0.29029511904792,-8.79550220177193,1.42409598878431e-18,1.49351387017977e-17,"ENSG00000174145","NWD2"
27.8602757735955,-2.02803952820353,0.318924242642849,-6.35900084420568,2.03070291526911e-10,1.02986987182893e-09,"ENSG00000174236","REP15"
3.58048536342599,-2.22730904293548,0.423546937485282,-5.25870652296449,1.45072197783132e-07,5.29183186733213e-07,"ENSG00000174279","EVX2"
550.406175986596,-1.08140187091487,0.208271717430917,-5.19226462552971,2.0775143066371e-07,7.43430682681279e-07,"ENSG00000174348","PODN"
341.200205506273,-5.46118049119849,0.461371884202101,-11.8368298507029,2.5179150059479e-32,6.92462648309579e-31,"ENSG00000174358","SLC6A19"
15.9762767829833,-3.31307579779072,0.330332770960813,-10.0295099034657,1.13076466689111e-23,1.74947722929427e-22,"ENSG00000174403",NA
0.652653004693124,-2.72545726787542,0.463591117996129,-5.87901096909751,4.12725024634176e-09,1.8056485004677e-08,"ENSG00000174407","MIR1-1HG"
11.5141808604902,-1.59846206259519,0.212885969431703,-7.50853645668741,5.97920364761208e-14,4.28965184996719e-13,"ENSG00000174460","ZCCHC12"
441.886256531433,-2.11901728327445,0.203840942204567,-10.3954449010929,2.60070390200315e-25,4.52644920417905e-24,"ENSG00000174514","MFSD4A"
48.2708121523807,-1.98532535920128,0.265321601160214,-7.48271286815597,7.28038333684686e-14,5.18637943583011e-13,"ENSG00000174562","KLK15"
4.09951018780595,-2.65680784983439,0.275416878667914,-9.64649611412472,5.08640061091169e-22,6.96675611997584e-21,"ENSG00000174576","NPAS4"
311.106139085003,-1.46534061454647,0.188227979022247,-7.78492454818993,6.97548236603358e-15,5.47207448534775e-14,"ENSG00000174600","CMKLR1"
15.1819111404317,-2.50148071745927,0.271084737759389,-9.22767079450839,2.76580586981808e-20,3.33240170093688e-19,"ENSG00000174611","KY"
1024.73507059056,-2.22833129592925,0.170343957944337,-13.0813638641495,4.20821100970954e-39,1.83438876066103e-37,"ENSG00000174640","SLCO2A1"
2.79632007773424,-1.09983049395106,0.29974846949512,-3.66917801383126,0.000243331602098902,0.000556535996781469,"ENSG00000174680",NA
10.8384229405761,-2.59981428000047,0.450385909936014,-5.77241477285519,7.81434717616959e-09,3.31499730643487e-08,"ENSG00000174697","LEP"
13.8642589933132,-1.50838195480458,0.210823055420147,-7.15472959918234,8.38380146642294e-13,5.40553437832572e-12,"ENSG00000174740","PABPC5"
278.63942759021,-1.01401276459226,0.128800436226129,-7.87274324763935,3.46948212466542e-15,2.78711197758068e-14,"ENSG00000174808","BTC"
52.1813710360579,-2.52965882670637,0.248470835530189,-10.1809084406569,2.41298085386814e-24,3.91607745414388e-23,"ENSG00000174827","PDZK1"
104.692762312936,-2.60992420203566,0.199272342325307,-13.0972726650396,3.41303064331352e-39,1.49795421396661e-37,"ENSG00000174944","P2RY14"
40.5548347641145,-1.08448048622296,0.217101464728074,-4.99527024187196,5.87534350600852e-07,1.9846189753603e-06,"ENSG00000174946","GPR171"
5399.79016315754,-4.69353876534788,0.444947703264512,-10.548517794141,5.16047345578054e-26,9.38527544722774e-25,"ENSG00000174992","ZG16"
8995.36100057065,-3.73489875385368,0.381240445169712,-9.79670127127006,1.16322478430031e-22,1.67124451726435e-21,"ENSG00000175084","DES"
15.7638230064566,-3.99679474157501,0.420622895323501,-9.50208556408007,2.05728037855444e-21,2.69493215380861e-20,"ENSG00000175161","CADM2"
2622.28648307591,-1.01113858847499,0.176197806816785,-5.73865592734873,9.5430876251306e-09,4.00592957662841e-08,"ENSG00000175164","ABO"
53.5710870366782,-1.36801932135115,0.203825917803222,-6.71170445886013,1.9236400963761e-11,1.07747946948385e-10,"ENSG00000175287","PHYHD1"
890.019776434348,-2.51336890812511,0.246759903029559,-10.1854834487597,2.30212740074084e-24,3.74090837600521e-23,"ENSG00000175329","ISX"
172.723621651769,-2.58614677814798,0.20088760831664,-12.8736003172067,6.33775995431512e-38,2.50687095641516e-36,"ENSG00000175356","SCUBE2"
78.7571682968699,-1.79153534061496,0.431697401985597,-4.14997943553695,3.32505146132886e-05,8.78070290086618e-05,"ENSG00000175497","DPP10"
334.240709591663,-1.1435517101899,0.153964361447227,-7.4273792937586,1.1077038701685e-13,7.75029857986685e-13,"ENSG00000175591","P2RY2"
108.185046490244,-2.19256370715957,0.171306055312404,-12.7991021867912,1.65857659962724e-37,6.38950846952589e-36,"ENSG00000175600","SUGCT"
1728.07521160435,-1.2387338476367,0.100902916030056,-12.2764920616142,1.21137779098907e-34,3.88439048625159e-33,"ENSG00000175662","TOM1L2"
7.6949217522919,-1.1870056470075,0.244698357043264,-4.85089340750104,1.22906589308386e-06,3.9866613002105e-06,"ENSG00000175697","GPR156"
8031.06287628627,-1.00749994665934,0.0958441767809152,-10.5118535157574,7.61813565390457e-26,1.3705870916503e-24,"ENSG00000175727","MLXIP"
87.8782233493224,-4.57358640820408,0.361093958651235,-12.6659178272808,9.13456881999309e-37,3.32258058110004e-35,"ENSG00000175785","PRIMA1"
33.6228816179834,-1.78515743200447,0.234974303970151,-7.59724532360459,3.02500750583465e-14,2.23657113418377e-13,"ENSG00000175857","GAPT"
9067.55006991094,-1.40476782924056,0.152043259059715,-9.23926412738129,2.48198258114832e-20,3.0045586995406e-19,"ENSG00000175899","A2M"
106.310255624279,-2.25979976105878,0.183207382341018,-12.3346544892631,5.89412092270623e-35,1.91556438812584e-33,"ENSG00000175906","ARL4D"
6.85291995163965,-1.09668683420176,0.266508928210776,-4.11500973556283,3.87163073328212e-05,0.000101157041659869,"ENSG00000175946","KLHL38"
1115.52644196716,-1.09649104010275,0.185286036697505,-5.91782877785262,3.26219305995883e-09,1.44461571730289e-08,"ENSG00000176014","TUBB6"
257.862694674448,-1.1398012710254,0.0951054746641773,-11.9846020962527,4.27893977356552e-33,1.23322636787311e-31,"ENSG00000176148","TCP11L1"
5.3258076715155,-1.12443715838503,0.390305793651224,-2.88091331636707,0.0039652467761494,0.00731675191028106,"ENSG00000176204","LRRTM4"
391.239604462154,-1.48816358035194,0.107042198190788,-13.9025880027191,6.10918041638839e-44,3.59143210197071e-42,"ENSG00000176273","SLC35G1"
33.4967657967027,-1.59090831598352,0.192978944847299,-8.24394763502506,1.66620098375077e-16,1.50165094285668e-15,"ENSG00000176293","ZNF135"
5291.80322667104,-2.44512769352316,0.174590549815986,-14.0049257883675,1.45431560585695e-44,8.90351466534746e-43,"ENSG00000176387","HSD11B2"
16.0952849654146,-3.46878223551714,0.30819079465819,-11.2553077367684,2.18063616228784e-29,4.93170109008709e-28,"ENSG00000176399","DMRTA1"
238.523571062183,-1.51867711309315,0.159234504386974,-9.53736201170593,1.46511662808116e-21,1.93904781410796e-20,"ENSG00000176438","SYNE3"
124.808137404084,-2.03915572414392,0.109368502885155,-18.6448170209039,1.39129575135944e-77,5.51455131469242e-75,"ENSG00000176472","ZNF575"
34.9814448940184,-1.82152568151269,0.274099247989317,-6.64549682231775,3.02195981976458e-11,1.66145129687529e-10,"ENSG00000176490","DIRAS1"
131.0577488578,-2.61086927788455,0.186925642046125,-13.967421747522,2.46385751448736e-44,1.48943285942603e-42,"ENSG00000176533","GNG7"
1160.690073479,-1.22057602728385,0.128805732339729,-9.47610021007871,2.63964144214709e-21,3.43090921319234e-20,"ENSG00000176595","KBTBD11"
337.849334348505,-2.78008354653939,0.196818175064814,-14.1251362869505,2.65884974818449e-45,1.70944475365299e-43,"ENSG00000176641","RNF152"
14068.3972776683,-1.23037333010879,0.103882606857663,-11.8438819290953,2.31484949946939e-32,6.37072431682888e-31,"ENSG00000176658","MYO1D"
1.89277664341534,-1.50745860294521,0.401467784342942,-3.75486816560482,0.000173432741280569,0.000406509090045359,"ENSG00000176840","MIR7-3HG"
837.975674100198,-1.06349279001673,0.145798122327115,-7.29428317074385,3.00253347591769e-13,2.01885982071716e-12,"ENSG00000176903","PNMA1"
73.9989875801033,-2.24881430186347,0.220223555121775,-10.2115066693023,1.76108686208303e-24,2.89105493537601e-23,"ENSG00000176928","GCNT4"
19.3555409658421,-1.98509303575524,0.270107932134518,-7.34925857255696,1.99309296948763e-13,1.36059029470687e-12,"ENSG00000176956","LY6H"
79.8324759300178,-2.15429798317793,0.1831184292775,-11.7645066729645,5.94729648401353e-32,1.59230994373864e-30,"ENSG00000177098","SCN4B"
27.9381242708952,-2.28737991558762,0.304972634521625,-7.50027922726761,6.36820299755649e-14,4.5619210107519e-13,"ENSG00000177103","DSCAML1"
3.19103361217644,-2.72631322381142,0.529626957272678,-5.14761038193867,2.63825759632884e-07,9.31262300826798e-07,"ENSG00000177108","ZDHHC22"
18.2292603502704,-1.04488300062682,0.281378107767757,-3.71344810339416,0.000204454406280437,0.000473134618891535,"ENSG00000177133","PRDM16-DT"
463.52209204994,-1.56227004012531,0.139601711353194,-11.190908943607,4.51778423678148e-29,1.00459948265782e-27,"ENSG00000177181","RIMKLA"
597.894256305263,-1.49928312298029,0.168876255923316,-8.87799835911268,6.80742429399846e-19,7.31688682782664e-18,"ENSG00000177191","B3GNT8"
26.8659650048094,-2.16663596027142,0.255449455454323,-8.48166208230122,2.21999532488521e-17,2.14237350039813e-16,"ENSG00000177272","KCNA3"
39.7690985792269,-1.13241848217035,0.2894352974656,-3.91250995329946,9.13417721822848e-05,0.000224497674045407,"ENSG00000177301","KCNA2"
95.1460642171902,-1.9206517138994,0.17100622441765,-11.2314725410729,2.85677310006915e-29,6.40807207575021e-28,"ENSG00000177363","LRRN4CL"
9.503326701728,-1.44001760580512,0.143732486055348,-10.0187344234107,1.26107354863238e-23,1.93937978897076e-22,"ENSG00000177453","NIM1K"
57.8738305429416,-1.97452785045827,0.249041758826798,-7.92850106648784,2.21806754669771e-15,1.81481257646067e-14,"ENSG00000177455","CD19"
0.677487745207174,-1.37383555355953,0.438151646273181,-3.13552525762499,0.00171546655575877,0.00338039520642732,"ENSG00000177462","OR2T8"
4450.59274946076,-1.30688883915896,0.166124793927114,-7.8669102201105,3.63507317260604e-15,2.91526195801386e-14,"ENSG00000177469","CAVIN1"
4.50798684313544,-3.04098056517499,0.500871468080657,-6.0713791041603,1.26816414285873e-09,5.89994031951713e-09,"ENSG00000177511","ST8SIA3"
19.5224898451985,-1.97140390462788,0.346911890453024,-5.68272220953128,1.32567501035801e-08,5.47104198403119e-08,"ENSG00000177519","RPRM"
924.042440175635,-1.20546421739751,0.248341423449988,-4.85406019121199,1.20958995901742e-06,3.92646953346359e-06,"ENSG00000177575","CD163"
27.3008149587842,-1.02546839959966,0.130806921663677,-7.83955762093603,4.52136450067807e-15,3.60424841297055e-14,"ENSG00000177599","ZNF491"
300.922859227644,-3.03882313799698,0.194162009877231,-15.6509666330629,3.27211392613277e-55,3.71100189138721e-53,"ENSG00000177675","CD163L1"
24.0204636589807,-1.56288173536459,0.126645301872597,-12.3406215015921,5.47317602871961e-35,1.78782666759714e-33,"ENSG00000177692","DNAJC28"
952.354218819687,-1.02303331821897,0.151806902952913,-6.73904347114104,1.59432701481966e-11,9.00765477425003e-11,"ENSG00000177707","NECTIN3"
0.869492172581138,-2.67405478105343,0.436224415430708,-6.12999796999715,8.78801942362993e-10,4.16253520734631e-09,"ENSG00000177992","SPATA31E1"
176.420811948376,-2.10001065936604,0.197640926901332,-10.6253835796592,2.27076713651398e-26,4.2339565517727e-25,"ENSG00000178031","ADAMTSL1"
224.233993972528,-1.44270355040179,0.163568536783737,-8.82017763788685,1.14278282343838e-18,1.20804430059762e-17,"ENSG00000178075","GRAMD1C"
3433.21987181567,-1.1328279696523,0.13505885097438,-8.38766183393039,4.95906256113694e-17,4.64460604842953e-16,"ENSG00000178078","STAP2"
6.74367139852672,-2.40119073255892,0.572732140010819,-4.19251961748395,2.75873217637669e-05,7.37586759284802e-05,"ENSG00000178084","HTR3C"
14.1815557943654,-1.06058734995483,0.218289186827356,-4.85863438940585,1.18198167654513e-06,3.83976759764517e-06,"ENSG00000178146",NA
8.53300518209934,-1.28317648188173,0.383320302146433,-3.34753070655657,0.000815349544023096,0.00170386693765931,"ENSG00000178162",NA
7.37593030296927,-1.47065553316879,0.455706167933881,-3.22720129033269,0.00125007486467429,0.0025222581118936,"ENSG00000178171","AMER3"
40.5419849016144,-1.04529057907497,0.181019477694359,-5.774464673022,7.71981236668913e-09,3.27887346511375e-08,"ENSG00000178175","ZNF366"
8.63025989027462,-1.27763723427204,0.207511241204465,-6.1569543262148,7.41572241730133e-10,3.5378121327458e-09,"ENSG00000178187","ZNF454"
95.4633156153126,-1.33841609853989,0.145625632623191,-9.19080023503191,3.89929622373093e-20,4.64136971869297e-19,"ENSG00000178226","PRSS36"
6.97952449133753,-3.75529420128,0.331249889183083,-11.3367410040232,8.62986904010854e-30,1.99875045171719e-28,"ENSG00000178233","TMEM151B"
0.645920713869266,-2.08770192296681,0.553986331664462,-3.76850800035855,0.000164226222617593,0.000386650678565745,"ENSG00000178235","SLITRK1"
127.77379337168,-1.29171770618602,0.121010098115141,-10.674462101146,1.340315179609e-26,2.54223471684397e-25,"ENSG00000178301","AQP11"
64.8608737480248,-2.19249888307241,0.289748781135738,-7.5668959658032,3.82247777353324e-14,2.79716031517001e-13,"ENSG00000178343","SHISA3"
314.326149630206,-2.64490174668299,0.228863121995554,-11.5566969620137,6.82851285153592e-31,1.70256701428665e-29,"ENSG00000178462","TUBAL3"
42.5190538789864,-2.04132586787094,0.353583167485269,-5.77325522136452,7.77545302461034e-09,3.29922571942604e-08,"ENSG00000178473","UCN3"
792.256643008196,-1.61478062159788,0.104151845233318,-15.5040999799908,3.25445017673777e-54,3.44693790482195e-52,"ENSG00000178537","SLC25A20"
3.72642348621816,-1.49435219124311,0.468327183746691,-3.19082949507234,0.00141864974856957,0.0028348662621234,"ENSG00000178568","ERBB4"
758.857415382716,-1.78183196656993,0.167052255556318,-10.6663149242497,1.4631461444421e-26,2.76430367643074e-25,"ENSG00000178573","MAF"
2062.06508417247,-1.31012055075112,0.199799686489515,-6.55717020266632,5.48384124851534e-11,2.9348168775288e-10,"ENSG00000178695","KCTD12"
1.93546930593187,-1.44984489140914,0.341369582812358,-4.2471414103877,2.16515311255789e-05,5.88710337471805e-05,"ENSG00000178722","LINC03122"
2.69552643760589,-2.2859511076896,0.435416024369947,-5.25003899660652,1.52067014353935e-07,5.5307165839237e-07,"ENSG00000178965","ERICH3"
93.2321895045036,-1.03055888712293,0.137254217685184,-7.50839503880813,5.98566497622372e-14,4.29348621904615e-13,"ENSG00000178977","LINC00324"
0.989713395345691,-1.93098206242641,0.691315579315251,-2.79319911224777,0.00521895564926138,0.00941989520901142,"ENSG00000179008","C14orf39"
910.498625557771,-1.53434627779229,0.156165947340919,-9.82510146365472,8.77855858272156e-23,1.27217957719524e-21,"ENSG00000179094","PER1"
186.965087370216,-1.80460681062548,0.163388648082091,-11.0448726506311,2.32096520588063e-28,4.95470012606843e-27,"ENSG00000179144","GIMAP7"
3243.40302293372,-1.86729109536693,0.0988657520294912,-18.8871379323542,1.45524793780306e-79,6.14834257854002e-77,"ENSG00000179163","FUCA1"
0.735424549622371,-2.87267706431819,0.53605147334103,-5.35895750162527,8.37035402071194e-08,3.14456713928388e-07,"ENSG00000179270","PCARE"
52.1101859209171,-1.94228924793223,0.212817679128395,-9.12654087708767,7.07229132622887e-20,8.23964801877337e-19,"ENSG00000179277",NA
7.84238452017766,-2.93307353028154,0.249596033098306,-11.7512826380791,6.95549876174762e-32,1.8480861153622e-30,"ENSG00000179284","DAND5"
2.39258856712611,-1.27387685962397,0.322122241011206,-3.95463801451589,7.66506147983156e-05,0.000190768137438558,"ENSG00000179300","RTL3"
318.455667648285,-3.11234029456227,0.231034658531709,-13.4713134139357,2.30724917555811e-41,1.1416577741658e-39,"ENSG00000179314","WSCD1"
8.08643922954069,-1.37938943170001,0.375155384560315,-3.67684828332309,0.000236133384050984,0.000541038153552336,"ENSG00000179399","GPC5"
8.72325641832319,-5.31326017114266,0.421799846592704,-12.5966384626812,2.20336532723204e-36,7.85832901076905e-35,"ENSG00000179520","SLC17A8"
2.00426005985292,-1.6106448241056,0.263943097776582,-6.10224263363369,1.04590439537032e-09,4.9134758417403e-09,"ENSG00000179636","TPPP2"
28.7406796466861,-2.42630866170861,0.251005884989266,-9.66634173462651,4.19091680813854e-22,5.76075003655712e-21,"ENSG00000179639","FCER1A"
364.189069020835,-2.37773001375643,0.175212793188594,-13.5705274168941,5.98895390254919e-42,3.04573162290091e-40,"ENSG00000179674","ARL14"
221.567333702935,-1.71209281639025,0.174753653983275,-9.79717892796742,1.15773877587932e-22,1.66460668347913e-21,"ENSG00000179750","APOBEC3B"
2.61189020516805,-2.88307328323023,0.363360555900123,-7.93446959615149,2.11396798547811e-15,1.73295793470526e-14,"ENSG00000179796","LRRC3B"
210.75795755144,-1.43621978146837,0.184629733970288,-7.77891919456211,7.31467625035912e-15,5.72531265874505e-14,"ENSG00000179841","AKAP5"
3274.62495343566,-2.28117372150492,0.423626109045493,-5.38487518308261,7.24949376175168e-08,2.7430497653584e-07,"ENSG00000179914","ITLN1"
38.8400091959984,-4.27813085795243,0.405904470173124,-10.5397480745352,5.66504481337315e-26,1.02737725443282e-24,"ENSG00000179915","NRXN1"
504.712676771876,-1.25783989673654,0.255007797563419,-4.93255464638769,8.11610628594639e-07,2.69487812743571e-06,"ENSG00000179954","SSC5D"
964.771961514198,-1.312963629229,0.102150956344132,-12.8531702121888,8.25562919382365e-38,3.23881811851978e-36,"ENSG00000179981","TSHZ1"
96.2043591027171,-2.56191237362842,0.212841998556256,-12.0366863260367,2.27928486098333e-33,6.68433753243523e-32,"ENSG00000180155","LYNX1"
2.37376085290026,-2.77096270528505,0.450233173182325,-6.15450586570379,7.53119368677053e-10,3.58978184571369e-09,"ENSG00000180287","PLD5"
15.0607264776541,-1.50400320420135,0.477194674937928,-3.15176024207937,0.00162289471020426,0.00321074655716728,"ENSG00000180332","KCTD4"
13.1922494450726,-2.0654852955209,0.332211638531899,-6.21737788792901,5.05531290716271e-10,2.4515844518376e-09,"ENSG00000180347","ITPRID1"
800.40158546972,-1.14963599807562,0.160947476461354,-7.14292652082472,9.1364472764204e-13,5.86425690211244e-12,"ENSG00000180353","HCLS1"
2.51484551484123,-1.75453632521298,0.292185397704238,-6.00487340913931,1.91481243331228e-09,8.70610142189653e-09,"ENSG00000180432","CYP8B1"
1.54568485271667,-2.27494030720317,0.640078426524441,-3.5541586982643,0.000379190326496716,0.00083988538327107,"ENSG00000180440","SERTM1"
154.990776544135,-1.15721410452635,0.196024324214793,-5.90342096146361,3.56040238536792e-09,1.56962264086963e-08,"ENSG00000180535","BHLHA15"
139.755559461905,-1.57628322259318,0.183553371005358,-8.58760160033875,8.88035827224407e-18,8.83143131125111e-17,"ENSG00000180543","TSPYL5"
11.0721615119335,-1.94041560524353,0.204468186116986,-9.49006122709635,2.30898606003612e-21,3.01438326146719e-20,"ENSG00000180592","SKIDA1"
47.4209899326271,-2.36445095555523,0.194194217166157,-12.1757021916474,4.18774419613979e-34,1.29530330739329e-32,"ENSG00000180616","SSTR2"
6.80912300773756,-3.22808169898384,0.315397906905979,-10.2349496566131,1.38267074735075e-24,2.28643192358685e-23,"ENSG00000180660","MAB21L1"
11.6616830259216,-2.04065537257221,0.286758363676712,-7.11628894239619,1.10871742164573e-12,7.04226973567048e-12,"ENSG00000180720","CHRM4"
1781.80716403012,-1.01322619347974,0.128118791293053,-7.90849010713922,2.60529343942018e-15,2.12035810468644e-14,"ENSG00000180745","CLRN3"
0.871286895347679,-2.38369714339109,0.72241134742957,-3.29963967464324,0.000968090393608828,0.00199636190533569,"ENSG00000180772","AGTR2"
266.701899777431,-1.09728696609766,0.153403077021786,-7.15296581659719,8.49227579537673e-13,5.46813812602327e-12,"ENSG00000180787","ZFP3"
1344.40520409024,-1.29946030493152,0.21580364594681,-6.02149374831139,1.72814699148007e-09,7.90412412341591e-09,"ENSG00000180861","LINC01559"
246.242489094874,-3.84665392580665,0.294163739525129,-13.0765740604751,4.4818924212585e-39,1.95147585413506e-37,"ENSG00000180875","GREM2"
245.507747216486,-1.29727804787343,0.104703771269242,-12.3899839723779,2.9610257556281e-35,9.94258141717324e-34,"ENSG00000181035","SLC25A42"
2061.2350759899,-1.78742537198808,0.112350434411486,-15.9093765978829,5.45539936855128e-57,6.9914579840897e-55,"ENSG00000181061","HIGD1A"
80.1971763118912,-3.48282209416442,0.51314061423092,-6.78726648714869,1.14278010708892e-11,6.56552103664789e-11,"ENSG00000181072","CHRM2"
66.1965119288564,-2.31184731141388,0.840588944695072,-2.75027089756993,0.00595460145691916,0.0106383160880191,"ENSG00000181092","ADIPOQ"
20.897330624001,-3.09103409944607,0.446848055905719,-6.91741646538182,4.59954432973872e-12,2.75064054822623e-11,"ENSG00000181195","PENK"
5.64550940445654,-1.38394278415843,0.294171380785204,-4.70454597066649,2.54431534225029e-06,7.89135946785227e-06,"ENSG00000181215","C4orf50"
775.470295191058,-1.34278435510887,0.114613239632278,-11.7157874554198,1.05803571535855e-31,2.77667570978773e-30,"ENSG00000181350","LRRC75A"
107.456435367998,-2.60537435108871,0.305129320830755,-8.53859060150376,1.35868838419323e-17,1.337023094627e-16,"ENSG00000181374","CCL13"
0.780146727620816,-1.2757517045776,0.506514633102456,-2.51868676875826,0.0117793393396073,0.019822307506013,"ENSG00000181499","OR6T1"
182.123957318396,-3.09406402317915,0.258277619815326,-11.9796056096207,4.54480609587792e-33,1.30593542577144e-31,"ENSG00000181541","MAB21L2"
8.130725909207,-1.38837054393394,0.200911247045474,-6.91036746001432,4.8339989719913e-12,2.88482299494371e-11,"ENSG00000181585","TMIE"
79.5658688284555,-2.52570462129689,0.419123389282715,-6.02616004231919,1.67900929702556e-09,7.68944257805144e-09,"ENSG00000181617","FDCSP"
0.88830348649277,-1.10480570286462,0.458753222797297,-2.40827889148756,0.0160279317853304,0.0262368924660705,"ENSG00000181626","ANKRD62"
98.686212211921,-1.28191523352034,0.225881418787039,-5.67516903516942,1.38551773739668e-08,5.70943198817685e-08,"ENSG00000181631","P2RY13"
5.11472065530317,-2.40882605047348,0.292524040032052,-8.23462594804017,1.80119527500657e-16,1.62078815560601e-15,"ENSG00000181656","GPR88"
995.130005224658,-1.46903387905191,0.0970367804749902,-15.1389387803374,8.96486451663008e-52,8.28538812670376e-50,"ENSG00000181751","MACIR"
27.1539559752237,-1.00994171984339,0.223359305420784,-4.52160127352102,6.1373584401416e-06,1.8118944939578e-05,"ENSG00000181790","ADGRB1"
117.87615235136,-2.12058768395553,0.170801065718366,-12.4155412908967,2.15226276243068e-35,7.28415901647645e-34,"ENSG00000181804","SLC9A9"
1.47207635969174,-1.2187293008824,0.252083350618929,-4.83462830008449,1.33394648717648e-06,4.30470375965034e-06,"ENSG00000181819",NA
562.57385431732,-1.40054342901773,0.131319777916586,-10.665137051232,1.481804283198e-26,2.79817923753014e-25,"ENSG00000181826","RELL1"
151.484304233477,-2.73961580862268,0.190019614514913,-14.4175421869813,4.01383329171418e-47,2.82120381291654e-45,"ENSG00000181856","SLC2A4"
9173.45674619002,-1.04026020997681,0.117832647547753,-8.82828512832351,1.06292806507369e-18,1.12734883635554e-17,"ENSG00000181885","CLDN7"
60.8870480787335,-1.30759519191792,0.227517347361502,-5.74723293446404,9.07157203093286e-09,3.82051407463332e-08,"ENSG00000182013","PNMA8A"
5.10534846771721,-2.84532541388435,0.469384442010605,-6.06182301589806,1.34587266769041e-09,6.23430921140883e-09,"ENSG00000182050","MGAT4C"
8.27553161293877,-2.46307108680059,0.306483565340634,-8.03655192428693,9.24018028882652e-16,7.82325413297754e-15,"ENSG00000182103","FAM181B"
2224.73339139552,-1.18554830157864,0.0950883487824085,-12.467860855293,1.11786747303404e-35,3.85113357847129e-34,"ENSG00000182107","TMEM30B"
4.02455817558918,-1.90531815181545,0.300013564517662,-6.35077335546035,2.1423515182887e-10,1.08406144806062e-09,"ENSG00000182132","KCNIP1"
156.487528937843,-1.69404468702839,0.169675103174629,-9.98404984191987,1.79007828086971e-23,2.72028220018172e-22,"ENSG00000182162","P2RY8"
116.113762890174,-2.37644671507879,0.16854567082362,-14.0997196989159,3.81281107529758e-45,2.4070795962556e-43,"ENSG00000182168","UNC5C"
325.681483135555,-2.42597488757989,0.239474349607143,-10.1304164373333,4.04921229050949e-24,6.45439738529097e-23,"ENSG00000182175","RGMA"
113.468321180073,-1.06114564887725,0.190743484831794,-5.56320783282857,2.64860132471274e-08,1.05556934934416e-07,"ENSG00000182195","LDOC1"
1638.77044393459,-4.24743243537603,0.306234851523095,-13.8698532000879,9.64740374148721e-44,5.57765009998434e-42,"ENSG00000182253","SYNM"
0.78934715948868,-2.17259752998688,0.61549561926878,-3.52983427009271,0.000415820053144185,0.00091459002192417,"ENSG00000182255","KCNA4"
28.6415675342469,-1.56590147786637,0.231681709024723,-6.75884809576949,1.39093128907799e-11,7.92019183518682e-11,"ENSG00000182263","FIGN"
404.422152019046,-6.39913783442911,0.4633148263873,-13.8116405303202,2.16836550535392e-43,1.21881796175939e-41,"ENSG00000182271","TMIGD1"
2.38913677876879,-1.33376537706798,0.244050945407738,-5.46511047043741,4.6261860858711e-08,1.79225087105488e-07,"ENSG00000182397",NA
25.1814263814672,-1.78412443917794,0.22015004820195,-8.10412922345267,5.31246185280459e-16,4.5805835580798e-15,"ENSG00000182487",NA
1.10567506444328,-2.53411787491363,0.38072473803388,-6.65603682072301,2.81309807766118e-11,1.55105667276408e-10,"ENSG00000182521","TBPL2"
1494.62612404302,-1.0891337231194,0.158682089404426,-6.86362101234739,6.71366005465255e-12,3.94618694574571e-11,"ENSG00000182534","MXRA7"
114.575258722455,-1.61194399610807,0.268642514763646,-6.00033095106438,1.96915764061264e-09,8.93523000219925e-09,"ENSG00000182575","NXPH3"
1226.22209157581,-1.31423063341563,0.187710047418685,-7.00138672110742,2.53441304190741e-12,1.55457208395364e-11,"ENSG00000182578","CSF1R"
1.29770529378657,-1.15548038520777,0.289956941695887,-3.98500680290546,6.74781924431429e-05,0.000169442496562048,"ENSG00000182586","LINC00334"
341.989894634088,-1.83956869399121,0.165136867492857,-11.1396608275301,8.04250489091035e-29,1.7679255891414e-27,"ENSG00000182636","NDN"
3.25078869111477,-1.54614853007611,0.348274517432965,-4.43945351348797,9.0187591708882e-06,2.60259876786864e-05,"ENSG00000182674","KCNB2"
3.76351840951125,-1.87252134202371,0.279353553009003,-6.70305182036959,2.04111038491075e-11,1.14028728521743e-10,"ENSG00000182759","MAFA"
7.83258472486991,-5.94986387536835,0.652403272372804,-9.11991727712918,7.518169361434e-20,8.73529940885624e-19,"ENSG00000182816","KRTAP13-2"
16.5147696406616,-2.44366585361002,0.43259769720506,-5.64881845048673,1.61554357641842e-08,6.59861934373301e-08,"ENSG00000182836","PLCXD3"
56.3638612327367,-1.99745142626975,0.210705487247978,-9.47982633180769,2.54706626429974e-21,3.31618884739357e-20,"ENSG00000182916","TCEAL7"
10.3409445197442,-6.12146069459062,0.626841823836652,-9.76555880895689,1.58237236337642e-22,2.24492510165068e-21,"ENSG00000182938","OTOP3"
217.102205872729,-1.26947231108121,0.18919894084356,-6.70972208100722,1.94995439972193e-11,1.09190062345047e-10,"ENSG00000182963","GJC1"
348.983916083617,-1.43301418050033,0.176026808154571,-8.14088601346442,3.92395685696627e-16,3.43029489039978e-15,"ENSG00000183023","SLC8A1"
293.326796070996,-8.22311150180821,0.50049103353696,-16.4300875556064,1.16490635199691e-60,1.76327379981202e-58,"ENSG00000183034","OTOP2"
130.964218375904,-1.40842159352095,0.413472958770036,-3.4063209301779,0.000658447287803905,0.00139763279822209,"ENSG00000183036","PCP4"
1394.41835437801,-1.08439268661761,0.169462352260757,-6.39901826069913,1.5637914208021e-10,8.01855011410753e-10,"ENSG00000183049","CAMK1D"
4.38302345043466,-1.28525163022942,0.271855162219725,-4.72770728256625,2.27069211949614e-06,7.0913248248126e-06,"ENSG00000183067","IGSF5"
459.243957596016,-1.68640311748137,0.126384256584343,-13.3434587745187,1.29317487991458e-40,6.16092869988546e-39,"ENSG00000183111","ARHGEF37"
8.11319628569942,-1.54952191788458,0.289360322904538,-5.35499097571775,8.55606873028025e-08,3.20931877534717e-07,"ENSG00000183114","FAM43B"
7.15061644016849,-1.24092030631169,0.374618493872714,-3.31249077824043,0.000924691744833885,0.00191302321963132,"ENSG00000183117","CSMD1"
74.2482570409166,-2.62007847747335,0.212252037647093,-12.3441852738757,5.23616044181665e-35,1.71916874898826e-33,"ENSG00000183134","PTGDR2"
2.73053059901835,-1.67677329894594,0.348323655554462,-4.8138369938638,1.48059592379399e-06,4.74647473377032e-06,"ENSG00000183166","CALN1"
19.1862042528783,-3.62048127502294,0.345677046207839,-10.4735946882806,1.14221426541308e-25,2.02933049271426e-24,"ENSG00000183230","CTNNA3"
73.4073219346157,-3.58684194936717,0.31385210333426,-11.4284464283073,3.01453891790662e-30,7.20323043982322e-29,"ENSG00000183287","CCBE1"
611.70163375168,-1.37709151984205,0.142694933235045,-9.65059857853344,4.88696325218925e-22,6.70075164610985e-21,"ENSG00000183317","EPHA10"
7.75492347315207,-1.67140629370513,0.236138028170612,-7.07809032985371,1.46154452245036e-12,9.1816997148119e-12,"ENSG00000183346","CABCOCO1"
3.49639880711537,-2.38379538895301,0.296101722964838,-8.0505961433939,8.23917224356188e-16,7.00666788870214e-15,"ENSG00000183379","SYNDIG1L"
11.2345716973542,-1.00782545878723,0.215550707382296,-4.67558409353662,2.93118130110025e-06,9.00408496991063e-06,"ENSG00000183439","TRIM61"
11.3142490130981,-2.28248853757457,0.362193284468128,-6.30185217521731,2.94109609585275e-10,1.46623860992286e-09,"ENSG00000183454","GRIN2A"
284.400488263543,-1.3664097753705,0.388930122881354,-3.51325262555539,0.000442656387869654,0.000968870819125919,"ENSG00000183463","URAD"
31.3292296779402,-3.79440137765098,0.272589763196763,-13.9198234488067,4.80088518249879e-44,2.83532461768865e-42,"ENSG00000183476","SH2D7"
1069.15781251182,-1.96177292732135,0.174975498415965,-11.2117007528545,3.57261758677901e-29,7.97656378390783e-28,"ENSG00000183508","TENT5C"
9.31984905864347,-2.43250578211586,0.275684855556242,-8.82350166536301,1.10935042599501e-18,1.17367077127766e-17,"ENSG00000183549","ACSM5"
1.54855989774771,-1.6520900894627,0.514831286937785,-3.20899318160969,0.00133200650830052,0.00267535546048637,"ENSG00000183571","PGPEP1L"
122.078329526848,-1.43783026395345,0.186999873607227,-7.68893708973009,1.48362386341176e-14,1.1292988849058e-13,"ENSG00000183578","TNFAIP8L3"
191.687753684242,-1.3693052815562,0.171391006147262,-7.98936485838509,1.35635719530379e-15,1.13168109999663e-14,"ENSG00000183580","FBXL7"
0.619412085852477,-1.17890333419869,0.532507282320466,-2.21387269871967,0.0268375372894236,0.0419644865855892,"ENSG00000183607","GKN2"
20.9474209204004,-2.28676286634853,0.25721179295505,-8.89058328187991,6.07889529197579e-19,6.55399010910244e-18,"ENSG00000183690","EFHC2"
0.473118807781876,-2.94470987756556,0.671819998737183,-4.38318282144133,1.16957882761748e-05,3.31540198963425e-05,"ENSG00000183695","MRGPRX2"
1120.9832718502,-1.22156300945673,0.169738015464533,-7.19675557719698,6.16621529103044e-13,4.03047397644079e-12,"ENSG00000183741","CBX6"
1412.41246640706,-2.69504049660255,0.278156482510908,-9.6889365017652,3.36009135521058e-22,4.65030353973294e-21,"ENSG00000183778","B3GALT5"
2.80090626179273,-2.3736032809892,0.52056263997053,-4.5596881119313,5.12296490070778e-06,1.52696047397094e-05,"ENSG00000183783","KCTD8"
12.9397953500908,-2.72250494798382,0.199016711686907,-13.6797805817778,1.34096724211506e-42,7.14074342903013e-41,"ENSG00000183798","EMILIN3"
185.599126466854,-1.32694492997531,0.163127841187056,-8.13438662780881,4.14029229165027e-16,3.60711121090138e-15,"ENSG00000183801","OLFML1"
16.6603342735602,-1.90003847778223,0.231513527700895,-8.20703004550553,2.26726846159015e-16,2.0220290081827e-15,"ENSG00000183908","LRRC55"
4160.5764466865,-1.65274084072364,0.138453654567843,-11.9371413191104,7.57832280490594e-33,2.14553591222547e-31,"ENSG00000183963","SMTN"
73.1156101962525,-1.28982323477006,0.174328844132776,-7.39879416505324,1.37426676266711e-13,9.51664881560922e-13,"ENSG00000184005","ST6GALNAC3"
7539.95235869512,-1.43169417151359,0.121714581884098,-11.7627169181496,6.07474944415805e-32,1.62191591583017e-30,"ENSG00000184012","TMPRSS2"
18.8819271416775,-1.02309881059886,0.233361636800978,-4.38417738504039,1.16424879153738e-05,3.30199714430788e-05,"ENSG00000184058","TBX1"
339.652668355665,-1.93317871975781,0.212919875935208,-9.07937181189265,1.09203287504719e-19,1.25254737311872e-18,"ENSG00000184113","CLDN5"
2.05542561711208,-1.85801281073067,0.320752442779473,-5.79266924557177,6.92764559807407e-09,2.95974208588903e-08,"ENSG00000184139","RPL7AP28"
21.6512955978097,-3.38522528144296,0.353703053388254,-9.57081158620097,1.06069722348741e-21,1.41697797607437e-20,"ENSG00000184144","CNTN2"
150.226538782871,-1.45210541084313,0.230350996590662,-6.30388160822046,2.90282261919244e-10,1.44847269617251e-09,"ENSG00000184163","C1QTNF12"
48.098045590046,-1.01298061387638,0.345820922415544,-2.92920569062379,0.00339829460597048,0.00635230614137238,"ENSG00000184226","PCDH9"
10.6138847112669,-1.86078566855467,0.218537597870707,-8.51471639976366,1.66998493246187e-17,1.63166227950093e-16,"ENSG00000184293",NA
531.897412699624,-2.44655009072953,0.221174461762661,-11.061630132302,1.92565519289643e-28,4.13376131777159e-27,"ENSG00000184347","SLIT3"
172.014585373734,-1.26667041467449,0.248069581221463,-5.10610937639985,3.28859385850256e-07,1.14754554436239e-06,"ENSG00000184349","EFNA5"
4.92738148984642,-2.24773959454666,0.32633274842075,-6.88787627176354,5.66314313399204e-12,3.35280049388038e-11,"ENSG00000184350","MRGPRE"
837.324569299571,-1.05686688550779,0.14016603509131,-7.54010687981086,4.69586429190292e-14,3.40388187086711e-13,"ENSG00000184371","CSF1"
1061.38555650797,-2.84627667490978,0.217877971876066,-13.0636275452794,5.31342642175042e-39,2.30310378395759e-37,"ENSG00000184434","LRRC19"
19.871543138188,-1.78785349690158,0.212910244729741,-8.39721686089371,4.57185238232367e-17,4.29031019143759e-16,"ENSG00000184451","CCR10"
15.2106127654323,-1.94943191289282,0.266336371030872,-7.31943558946687,2.49016066362435e-13,1.68882002177395e-12,"ENSG00000184524","CEND1"
1.67146691630442,-5.1665704810475,0.338319491444525,-15.2712764463784,1.18824175900528e-52,1.14784751026321e-50,"ENSG00000184544","DHRS7C"
3.22428000461181,-2.87263203740732,0.599272456783207,-4.79353256585013,1.63869843637621e-06,5.22413256910083e-06,"ENSG00000184601","C14orf180"
113.643333624792,-1.27634156785835,0.263906338909462,-4.83634297354342,1.32249655353113e-06,4.27026328996483e-06,"ENSG00000184613","NELL2"
2.26130491117212,-2.92921114259542,0.529800897478476,-5.52889048798643,3.22262428584006e-08,1.27028697450826e-07,"ENSG00000184672","RALYL"
1825.89660100764,-1.8744017329876,0.193382910998473,-9.69269581944805,3.23865212821493e-22,4.48707958102628e-21,"ENSG00000184730","APOBR"
68.3797440039117,-1.44370785793423,0.188392024565474,-7.66331728354288,1.81190979280513e-14,1.36646715974851e-13,"ENSG00000184785","SMIM10"
93.5115656872365,-4.09220445276144,0.345766884090747,-11.8351543801616,2.56870438504455e-32,7.04672925867067e-31,"ENSG00000184809",NA
22.8181392851821,-2.36431097168882,0.639232416629477,-3.69867189175931,0.000216730551777901,0.000499498832526373,"ENSG00000184811","TRARG1"
895.922769379844,-2.18177736101682,0.236813619390336,-9.21305694593785,3.16966763726258e-20,3.80112949625186e-19,"ENSG00000184828","ZBTB7C"
2.48544861082092,-1.10271062333879,0.23536049567479,-4.68519842370854,2.79688839678056e-06,8.62256179865464e-06,"ENSG00000184844",NA
31.2584175182379,-3.67385827384993,0.449318927337663,-8.17650459467298,2.92196387649495e-16,2.58492280624945e-15,"ENSG00000184905","TCEAL2"
5.18619492209353,-2.97330557947118,0.289670912708931,-10.2644257639318,1.01925560488723e-24,1.70010066121907e-23,"ENSG00000184908","CLCNKB"
7.77872805712716,-1.23387560397524,0.224474155272913,-5.49673793170135,3.86880984992803e-08,1.50978615814234e-07,"ENSG00000184923","NUTM2A"
6.12963998746083,-1.43878158370359,0.29279844239065,-4.91389766952373,8.92833630321908e-07,2.94776939330068e-06,"ENSG00000184945","AQP12A"
17.7766398957086,-1.16769954666568,0.45868691956055,-2.54574415983871,0.010904507544451,0.0184624626370226,"ENSG00000185002","RFX6"
13.2449016311096,-2.79366238231539,0.293826514631457,-9.50786346092506,1.94618496844034e-21,2.55637080565855e-20,"ENSG00000185046","ANKS1B"
197.152674239875,-1.03920730912174,0.230712013978222,-4.50434847844479,6.65768802919114e-06,1.95455201327361e-05,"ENSG00000185070","FLRT2"
583.409894348451,-1.1643901023393,0.157206455886235,-7.40675753915561,1.29424771959987e-13,8.98193900278991e-13,"ENSG00000185133","INPP5J"
5.88599924870357,-4.66337351876776,0.458184410226358,-10.1779401801644,2.48771409546727e-24,4.03395798517209e-23,"ENSG00000185149","NPY2R"
11.5584936528452,-1.95594893473443,0.242783207217123,-8.05636006359042,7.85998824070658e-16,6.70794601310645e-15,"ENSG00000185155","MIXL1"
115.493930269328,-1.20681026658566,0.215834114609466,-5.59137867880285,2.2527367213055e-08,9.0587771910922e-08,"ENSG00000185156","MFSD6L"
9.00049684697836,-1.13001307372774,0.302013559074703,-3.74159715606753,0.000182854460369219,0.000427030640698253,"ENSG00000185176","AQP12A"
27.3831928753562,-1.12394256613076,0.178952265797503,-6.28068362879845,3.37087474374875e-10,1.67096468892352e-09,"ENSG00000185245","GP1BA"
10.4591071564477,-1.09171829389608,0.215349062366719,-5.0695288936851,3.98801594834041e-07,1.37760331685394e-06,"ENSG00000185271","KLHL33"
56.7002245270168,-1.85452800415607,0.220160579088747,-8.42352437403659,3.65325044695349e-17,3.46549518712116e-16,"ENSG00000185274","GALNT17"
2.73824662955452,-2.41786025496127,0.514149934965743,-4.70263650839977,2.56823399984234e-06,7.9613791429126e-06,"ENSG00000185290","NUPR2"
66.963394540148,-1.19157126953194,0.289867712476136,-4.11074161848929,3.94390338447282e-05,0.000102898516166413,"ENSG00000185303","SFTPA2"
874.573602615429,-1.74888163362077,0.148088856099134,-11.8096775117908,3.47893061663401e-32,9.45929599842489e-31,"ENSG00000185339","TCN2"
66.3149714766905,-1.31589710602369,0.182733779948517,-7.20117050276328,5.96978400464547e-13,3.90837782085215e-12,"ENSG00000185345","PRKN"
7.50379221232774,-1.65586807442814,0.421970331320938,-3.92413388222011,8.70423217139983e-05,0.000214616567879054,"ENSG00000185352","HS6ST3"
1983.73771315992,-2.55348795676162,0.152641921095976,-16.7286151695908,8.11021201939231e-63,1.36163022493265e-60,"ENSG00000185432","TMT1A"
3.67851143070695,-2.1641590013448,0.222599026356779,-9.7222303114485,2.42412632051772e-22,3.3928061392408e-21,"ENSG00000185437","SH3BGR"
111.308893884991,-1.55579683406759,0.227693712561458,-6.83284934206368,8.32443688156753e-12,4.84997158335546e-11,"ENSG00000185483","ROR1"
35.8056947610499,-1.88982928849983,0.265326782068407,-7.12264805598324,1.05872923953967e-12,6.73811671454751e-12,"ENSG00000185518","SV2B"
16.3188674023113,-1.32449416559816,0.190004475509012,-6.97085772348206,3.15014430694725e-12,1.91726449531741e-11,"ENSG00000185527","PDE6G"
304.487225926151,-1.10698720932929,0.186914626345219,-5.922421540649,3.17235172070587e-09,1.40709975318388e-08,"ENSG00000185532","PRKG1"
667.289244472608,-1.59918614027247,0.123110762939866,-12.98981585431,1.39762932674657e-38,5.83438162056737e-37,"ENSG00000185561","TLCD2"
596.213362351703,-1.51864468256329,0.144022095925872,-10.5445256354618,5.384388391593e-26,9.7786292154736e-25,"ENSG00000185585","OLFML2A"
1527.23210387409,-1.37452627195092,0.161923572698746,-8.48873483361304,2.08898759483964e-17,2.02101927676899e-16,"ENSG00000185630","PBX1"
16.8387491174005,-4.78673030857675,0.515209300568246,-9.29084607614279,1.5306667702157e-20,1.88137932591058e-19,"ENSG00000185681","MORN5"
3.01539870391879,-2.002529085961,0.282626348170595,-7.08542957485428,1.38613647204922e-12,8.72650875075753e-12,"ENSG00000185737","NRG3"
25.4078372343562,-1.54279851693967,0.213470600543993,-7.22721776679371,4.9298925597874e-13,3.25222339132028e-12,"ENSG00000185739","SRL"
12.8910683271813,-1.74807564628506,0.3462033110691,-5.04927477697103,4.43490452707479e-07,1.52280766591448e-06,"ENSG00000185760","KCNQ5"
11.2179118253241,-2.70836287115238,0.285779290518378,-9.47711384628204,2.61413316264641e-21,3.39890354089505e-20,"ENSG00000185774","KCNIP4"
342.435612135945,-1.44813250353221,0.201399295807273,-7.19035534721028,6.46229103124258e-13,4.21397054406688e-12,"ENSG00000185811","IKZF1"
272.682127151654,-1.32738308119765,0.200313707348296,-6.62652146360438,3.43689519862967e-11,1.87936722659245e-10,"ENSG00000185862","EVI2B"
35.2989912163305,-1.13600460345488,0.2224090363031,-5.10772683672228,3.26057555549006e-07,1.13828519369769e-06,"ENSG00000185869","ZNF829"
105.849764293468,-1.4505448983687,0.23978831989114,-6.04927253765832,1.45501337127344e-09,6.71317641729868e-09,"ENSG00000185905","C16orf54"
313.388364139845,-1.38464771023648,0.141863924869536,-9.76039335941012,1.66508121850364e-22,2.35617878571253e-21,"ENSG00000185909","KLHDC8B"
23.5335001560958,-2.15536286731212,0.37610102962145,-5.73080820725623,9.99532328818448e-09,4.18388888906727e-08,"ENSG00000185915","KLHL34"
24.0218742977264,-1.7595101549651,0.276912689620347,-6.3540250083065,2.09752711683838e-10,1.06193870241092e-09,"ENSG00000185942","NKAIN3"
4.76783351290285,-1.86946858208137,0.282201556560301,-6.62458635901215,3.48221891453957e-11,1.9033390760208e-10,"ENSG00000185960","SHOX"
5.22978915726444,-2.35926444954201,0.35400827249794,-6.66443310178788,2.65688889300606e-11,1.46871901178151e-10,"ENSG00000185985","SLITRK2"
9.50510913905292,-3.28701707115776,0.406075743606883,-8.09459102866257,5.74570625904811e-16,4.94195007923094e-15,"ENSG00000186038","HTR3E"
674.191905574252,-1.06208636140712,0.265932937639184,-3.99381276661619,6.50192137732178e-05,0.000163641903111999,"ENSG00000186188","FFAR4"
356.456983792921,-4.21531497595281,0.240214151339739,-17.5481542300604,6.1444632517737e-69,1.52410437832867e-66,"ENSG00000186198","SLC51B"
844.338928423241,-1.33475591307915,0.17674276911438,-7.55196899860363,4.28726553077501e-14,3.12301056956625e-13,"ENSG00000186204","CYP4F12"
629.012387815162,-1.22871008630117,0.11108740936515,-11.0607502085348,1.94464136954521e-28,4.17218899190315e-27,"ENSG00000186212","SOWAHB"
25.1857095320588,-1.74100859204388,0.216484587100849,-8.04218265770964,8.82522089126528e-16,7.48023076733854e-15,"ENSG00000186265","BTLA"
42.364520034251,-2.00648617193861,0.21899525870896,-9.16223567472384,5.08330776579385e-20,6.00055061932687e-19,"ENSG00000186310","NAP1L3"
2766.06367039254,-1.09400397785371,0.0958892836105285,-11.4090327580004,3.7689692764285e-30,8.96138291718283e-29,"ENSG00000186350","RXRA"
1.58276170660091,-1.40708096938461,0.376439486485233,-3.73786762521208,0.000185587610191505,0.000432966435014125,"ENSG00000186369",NA
3.52593490600992,-1.29248573795138,0.208372603654969,-6.20276233670107,5.54805929555365e-10,2.6814108829183e-09,"ENSG00000186399","GOLGA8R"
78.9591207897031,-2.56046786086677,0.208005164748668,-12.30963598409,8.03849213767793e-35,2.59929274362745e-33,"ENSG00000186417","GLDN"
2.23899513115948,-2.21797602354125,0.645335879611754,-3.43693275643627,0.00058834164873203,0.00125974445137004,"ENSG00000186439","TRDN"
22.6883463371557,-3.64474328893601,0.261013367485697,-13.9638184972873,2.59167729235679e-44,1.56424202290803e-42,"ENSG00000186462","NAP1L2"
318.901943993913,-1.91740454315841,0.153498418249228,-12.4913635269206,8.32151101977843e-36,2.87713250159551e-34,"ENSG00000186469","GNG2"
4.42151835333782,-1.81449094156152,0.495631212681121,-3.66096988070226,0.00025126229822624,0.000573650925172461,"ENSG00000186487","MYT1L"
57.4362509533403,-1.01496773342218,0.126325198856108,-8.03456272076232,9.39132295413363e-16,7.94429468905557e-15,"ENSG00000186496","ZNF396"
549.721824411784,-1.04044096601203,0.171284751695666,-6.07433502230634,1.24502558486328e-09,5.80071481595233e-09,"ENSG00000186517","ARHGAP30"
415.874514564568,-1.36914502107419,0.184339079202244,-7.42731832555191,1.10821438118699e-13,7.75245966402772e-13,"ENSG00000186564","FOXD2"
407.340548049259,-1.73384586379578,0.133026050021734,-13.0338821870792,7.85091688976961e-39,3.36504126712343e-37,"ENSG00000186594","MIR22HG"
148.046793567291,-2.65576453809476,0.174765549818453,-15.1961558834311,3.74990174405902e-52,3.53363902828033e-50,"ENSG00000186642","PDE2A"
1.50273216508321,-3.29023419164195,0.335202666956199,-9.81565636550227,9.64085182129775e-23,1.39398958244992e-21,"ENSG00000186675","MAGEE2"
32.3985137755338,-2.28394651614498,0.243871927159431,-9.3653523090907,7.57969923850174e-21,9.51720106540419e-20,"ENSG00000186715","MST1L"
1.26464818941516,-2.3480421874384,0.402933204662375,-5.82737327246552,5.63065771918453e-09,2.43074216628664e-08,"ENSG00000186732","MPPED1"
2.51973000752307,-1.79462871242262,0.300344080837691,-5.97524248660807,2.29748187201956e-09,1.03493011755754e-08,"ENSG00000186766","FOXI2"
76.9336650274911,-2.19770214286517,0.269895840384644,-8.14277885769969,3.8630745405495e-16,3.37937717543815e-15,"ENSG00000186868","MAPT"
6.79644667372401,-3.52771459908453,0.331041926668534,-10.6563982229863,1.62779927217047e-26,3.06483832601068e-25,"ENSG00000186912","P2RY4"
1141.43674927149,-1.15196876331445,0.204698225664101,-5.62764410671921,1.82687524291885e-08,7.41140365775043e-08,"ENSG00000187017","ESPN"
386.700153822034,-1.39578700972984,0.179953611983048,-7.75637118004237,8.73939941498092e-15,6.79481677063239e-14,"ENSG00000187068","C3orf70"
777.733758117046,-2.36197074756514,0.127128523956169,-18.5793925238957,4.7181569901132e-77,1.77842139018512e-74,"ENSG00000187091","PLCD1"
2434.33714620964,-2.64391090286054,0.145959713440603,-18.1139770731084,2.47225096496964e-73,7.72769372765755e-71,"ENSG00000187097","ENTPD5"
5.3329850421411,-3.17840365910811,0.376064565725124,-8.45174990890073,2.86968786984846e-17,2.74386693688296e-16,"ENSG00000187140","FOXD3"
2.11357349199063,-3.30294888906386,0.315443127671511,-10.4708221524592,1.17617002665686e-25,2.08772894805523e-24,"ENSG00000187151","ANGPTL5"
274.360417161344,-1.5550125321109,0.19400328953421,-8.01539260413775,1.09785759528018e-15,9.2240670816733e-15,"ENSG00000187193","MT1X"
1292.49777029266,-1.9059741440156,0.130833408367434,-14.5679468860342,4.4918895893324e-48,3.35339182604006e-46,"ENSG00000187239","FNBP1"
16.9484660958991,-1.37443093859994,0.257060221410714,-5.34672743630751,8.95587251296716e-08,3.35110881271093e-07,"ENSG00000187242","KRT12"
131.072380217994,-2.25330441561789,0.293751505192184,-7.67078423698183,1.70947897923006e-14,1.29429575254939e-13,"ENSG00000187288","CIDEC"
113.463715659291,-1.11548569496628,0.170803429329576,-6.53081556585076,6.54125095573915e-11,3.48085087190731e-10,"ENSG00000187391","MAGI2"
28.6431792058681,-2.30731301298177,0.273413075538539,-8.43892710118959,3.20263748487914e-17,3.05159364017715e-16,"ENSG00000187398","LUZP2"
5846.91355789398,-1.50748935245586,0.0940445086849155,-16.0295308416839,7.94805407903807e-58,1.06103762214159e-55,"ENSG00000187446","CHP1"
78.0699771932996,-1.22490568500905,0.166740377475596,-7.34618515055438,2.03943823006462e-13,1.39173378827288e-12,"ENSG00000187534",NA
78.8997774190619,-1.08624832274371,0.299144591778054,-3.63118155099269,0.000282126624730381,0.000638956311322393,"ENSG00000187546","AGMO"
244.880953320544,-1.02557074222119,0.152858392994327,-6.70928643256932,1.95578431015113e-11,1.09484623430956e-10,"ENSG00000187601","MAGEH1"
38.5299164652413,-1.22972284680907,0.234976692998741,-5.23338221810646,1.66436076792057e-07,6.02482614106414e-07,"ENSG00000187658","C5orf52"
593.619909846519,-3.61243382354154,0.197669784669603,-18.2750936344651,1.30665523258711e-74,4.33077359717902e-72,"ENSG00000187699","C2orf88"
4.11794806659219,-2.94566619365737,0.52990959014042,-5.55880899018416,2.71621753235695e-08,1.08033418424852e-07,"ENSG00000187714","SLC18A3"
729.442628531851,-1.01903683119246,0.138328717140449,-7.36677713968683,1.74802338246028e-13,1.20011169616875e-12,"ENSG00000187720","THSD4"
281.213791351927,-1.15264976561392,0.0972733979428505,-11.8495887877908,2.16249346508633e-32,5.95995600374009e-31,"ENSG00000187736","NHEJ1"
2.09533718802975,-2.25696344176173,0.403425945007726,-5.594492544892,2.21267976634092e-08,8.90701486509366e-08,"ENSG00000187758","ADH1A"
102.627108723488,-4.50388946356844,0.278065217302916,-16.1972414502388,5.27404095401252e-59,7.4275110827443e-57,"ENSG00000187783","TMEM72"
115.541533025223,-2.98119192776368,0.177509689943118,-16.7945306462931,2.67613050860672e-63,4.57285287397345e-61,"ENSG00000187824","TMEM220"
1020.87004247428,-1.0881071752888,0.266608160176715,-4.08129734126506,4.47850174478626e-05,0.000115770158395614,"ENSG00000187837","H1-2"
4.76009319118898,-3.74048300778122,0.356682630026703,-10.4868661742827,9.92663270088777e-26,1.77263932861603e-24,"ENSG00000187848","P2RX2"
2.05528191802971,-1.13363134919778,0.260293806382529,-4.35519909195147,1.32946029476801e-05,3.73638596147263e-05,"ENSG00000187902","SHISA7"
15.2173780456034,-2.19619373462371,0.299996102830854,-7.32074088263065,2.46605611988544e-13,1.67306263704315e-12,"ENSG00000187912","CLEC17A"
1.60190346819539,-2.46365915541191,0.36450570016309,-6.75890433074051,1.39039160729962e-11,7.91829153100999e-11,"ENSG00000187922","LCN10"
16.487318073233,-1.91035803407676,0.177480739563574,-10.7637484426442,5.10504650944963e-27,9.99357042509216e-26,"ENSG00000187942","LDLRAD2"
6.73247439630562,-1.12258244672107,0.228114278781516,-4.92114063493702,8.6041273018099e-07,2.84806614182251e-06,"ENSG00000187952",NA
1568.02308713637,-1.40303560070262,0.216971197644511,-6.46646013818557,1.00325276151402e-10,5.24575804731804e-10,"ENSG00000187955","COL14A1"
31.2126103543099,-2.44984975282222,0.3213455282373,-7.62372442604246,2.46459225992012e-14,1.83778469001452e-13,"ENSG00000187957","DNER"
20.030841353913,-2.91104423592818,0.239496048554963,-12.1548737588466,5.40452097951139e-34,1.66363185027441e-32,"ENSG00000187980","PLA2G2C"
6.74861488836314,-1.68493112562855,0.200004147567833,-8.42448092261234,3.62353033818565e-17,3.43984866449935e-16,"ENSG00000188013",NA
70.08021006576,-1.05206028391888,0.167624134421933,-6.27630554243877,3.46712530985601e-10,1.71646364651087e-09,"ENSG00000188060","RAB42"
23.5201188983668,-1.42596529482912,0.218104102593223,-6.53800308143964,6.23456404401858e-11,3.32224925572256e-10,"ENSG00000188095","MESP2"
159.586360243905,-1.12560634514793,0.237066110240425,-4.74806940564542,2.05367566582927e-06,6.45395359850728e-06,"ENSG00000188153","COL4A5"
31.4747442839088,-1.39127699511542,0.214934927347836,-6.47301493658065,9.60664520625391e-11,5.02854578958263e-10,"ENSG00000188171","ZNF626"
802.570548146801,-2.4769754079412,0.346939158073346,-7.13950947969253,9.36645592874167e-13,6.00487128718244e-12,"ENSG00000188175","HEPACAM2"
4.91097375268976,-1.11699140254409,0.254145958375558,-4.39507836238532,1.10732800566494e-05,3.15148714440744e-05,"ENSG00000188199","NUTM2B"
8866.58193494074,-1.02332450200581,0.354603750958684,-2.88582537336173,0.0039038869892739,0.0072125297009425,"ENSG00000188257","PLA2G2A"
3087.36217273277,-2.05688465812992,0.278075553049723,-7.39685540699842,1.39447246945316e-13,9.65135608155997e-13,"ENSG00000188373","GPR15LG"
22.3796790278942,-1.95438097349266,0.364397303599233,-5.36332446532619,8.17040487259545e-08,3.07433768583024e-07,"ENSG00000188403","IGHV1OR15-9"
18.0584934350729,-1.12290219199369,0.325404328978975,-3.45079057650225,0.000558947109012982,0.00120243058976176,"ENSG00000188505","NCCRP1"
162.637501758158,-2.13377010425197,0.269447489988253,-7.91905726917329,2.39318109986879e-15,1.95351664005638e-14,"ENSG00000188536","HBA2"
12.6632524443514,-1.01447301423756,0.264400419458585,-3.83688125879267,0.000124606683016656,0.000299197673116499,"ENSG00000188596","CFAP54"
360.504639593387,-1.57913936552244,0.214838885897012,-7.35034236902266,1.97699804305229e-13,1.35056225588542e-12,"ENSG00000188641","DPYD"
1.67183208339388,-1.14751344085402,0.297153291119174,-3.86168847914193,0.000112606091611547,0.000272527156250104,"ENSG00000188662",NA
0.562420328979796,-1.92627163627806,0.412651440367614,-4.66803565392145,3.04093137968436e-06,9.3248276243998e-06,"ENSG00000188674","C2orf80"
8.46630215844233,-2.25348097479843,0.299310006053401,-7.52891961251833,5.11618672220501e-14,3.69601711590786e-13,"ENSG00000188730","VWC2"
237.183497648667,-1.8357742044424,0.327676215484948,-5.60240297491695,2.11400374356724e-08,8.53302907390339e-08,"ENSG00000188738","FSIP2"
1870.85962805941,-1.29819203338092,0.161488649634449,-8.03890574550939,9.06442678504863e-16,7.68128756016674e-15,"ENSG00000188761","BCL2L15"
1.27539296221571,-1.02743636343193,0.451957483115885,-2.27330313539357,0.023007918728719,0.0365063534878073,"ENSG00000188770","OPTC"
3.36276130279518,-2.57219228673152,0.396780399380818,-6.48265965442211,9.01196380212707e-11,4.73014296655808e-10,"ENSG00000188778","ADRB3"
748.191149490766,-2.59534474374914,0.295201968354331,-8.79175961534898,1.47235533528675e-18,1.54202248912475e-17,"ENSG00000188783","PRELP"
3.83716131991029,-1.95980960982459,0.448573070570591,-4.36898632218756,1.24824583402611e-05,3.52023087954244e-05,"ENSG00000188816","HMX2"
13.4139872393541,-2.23856437425616,0.279323108236022,-8.01424697152024,1.10813838803834e-15,9.30841088156218e-15,"ENSG00000188822","CNR2"
42.5331836122567,-2.54940107335917,0.271094383122191,-9.40410879782069,5.24729881376216e-21,6.66918669397401e-20,"ENSG00000188828",NA
900.802116504569,-2.37186913809082,0.269423174516856,-8.80350824439726,1.32604428430849e-18,1.39563166161535e-17,"ENSG00000188833","ENTPD8"
9.28329047061532,-2.53680416370866,0.281110983041888,-9.02420864620098,1.80998789987742e-19,2.03534965740238e-18,"ENSG00000188848","BEND4"
160.210086484584,-1.02811253484063,0.26859230875424,-3.82778099495524,0.000129303728200304,0.00030947089380709,"ENSG00000188906","LRRK2"
207.765248268255,-1.28866561005565,0.174333734262161,-7.39194634652732,1.44694916434467e-13,9.99655966245451e-13,"ENSG00000188921","HACD4"
5.27599813554174,-1.66224887661948,0.309611982943522,-5.3688131215603,7.92564916750103e-08,2.98625473875845e-07,"ENSG00000188958","UTS2B"
1.72706730606448,-1.02167599775623,0.395922887059808,-2.5804923916962,0.00986595302668878,0.0168622492116961,"ENSG00000188992","LIPI"
275.558881718396,-1.95682027334503,0.169092389718588,-11.5724916810371,5.68085251441197e-31,1.42566407716447e-29,"ENSG00000188993","LRRC66"
16.8500314432971,-2.01718031106885,0.298866594181336,-6.74943386227012,1.48423146524021e-11,8.41283313343508e-11,"ENSG00000189013","KIR2DL4"
2.40268067947039,-1.02521031567821,0.207169323740631,-4.94865889006686,7.47265749202729e-07,2.49220387401087e-06,"ENSG00000189014",NA
0.54953210214594,-4.12198292009297,0.606169222747091,-6.80005312940932,1.04580575683584e-11,6.03655137443079e-11,"ENSG00000189037","DUSP21"
69.3678479854009,-2.57168550605356,0.287517672334867,-8.94444325863337,3.73829363448721e-19,4.10998499757306e-18,"ENSG00000189056","RELN"
5512.98238299674,-1.31110876633401,0.0825417794908773,-15.8841834331778,8.15530406375194e-57,1.03480849946888e-54,"ENSG00000189067","LITAF"
1502.57453761456,-1.03499149910776,0.119489229634028,-8.66179740448356,4.64383139665575e-18,4.67875748708658e-17,"ENSG00000189077","TMEM120A"
79.7834224655262,-2.6239986943516,0.150423874936113,-17.4440307129838,3.82146547356995e-68,9.06937549767555e-66,"ENSG00000189129","PLAC9"
5.23431081887391,-2.04701056197302,0.225941024370509,-9.05993308508786,1.3053060724134e-19,1.48652554994307e-18,"ENSG00000189134","NKAPL"
4971.78660607543,-2.02396038184724,0.166265175568843,-12.1730866065168,4.3241578869387e-34,1.33642201189013e-32,"ENSG00000189221","MAOA"
38.3984103372348,-2.4882350172106,0.245231288479208,-10.1464826639426,3.43521834359878e-24,5.50766637432621e-23,"ENSG00000189233","NUGGC"
24.688522562376,-2.09677926329968,0.239652834370958,-8.7492362391762,2.14801565215523e-18,2.22600425278739e-17,"ENSG00000189292","ALKAL2"
29.8964422790938,-1.38167196054726,0.252970760590937,-5.46178521707289,4.71370171386654e-08,1.82450105499876e-07,"ENSG00000189320","FAM180A"
1.18515735715,-1.78563942024122,0.569878367625259,-3.13336936736546,0.00172811822812964,0.00340391216337417,"ENSG00000189367","KIAA0408"
1.3091578723059,-1.78147896149533,0.495443218606754,-3.5957278141884,0.000323485894046008,0.00072587032615775,"ENSG00000189372",NA
0.481667810168228,-2.44413627893354,0.544996159974541,-4.48468532154009,7.30216178254853e-06,2.1321026977901e-05,"ENSG00000196071","OR2L13"
12.3599590482845,-1.68980566322161,0.292650295462778,-5.77414644516066,7.7344147487202e-09,3.28471273438689e-08,"ENSG00000196090","PTPRT"
119.314301887586,-1.8333623980132,0.34028442014284,-5.38773534575464,7.13510129345432e-08,2.70215956884789e-07,"ENSG00000196092","PAX5"
7.00715218113794,-3.14993952305803,0.506431697286965,-6.21987039897534,4.97565694686012e-10,2.41630772560226e-09,"ENSG00000196104","SPOCK3"
3.22989928894383,-1.99121278765219,0.378220001619568,-5.26469456698656,1.40422614590684e-07,5.13001545340938e-07,"ENSG00000196109","ZNF676"
2384.8925410246,-1.1633085181684,0.194277958719915,-5.98785639829329,2.12624659781343e-09,9.61512619926286e-09,"ENSG00000196139","AKR1C3"
293.31958391611,-2.55767670007951,0.2272701574359,-11.2539047314247,2.21561427513437e-29,5.00491903854824e-28,"ENSG00000196196","HRCT1"
35.3067839812667,-1.01154795798318,0.223846783657458,-4.51893005320596,6.2152922257729e-06,1.83335384536052e-05,"ENSG00000196218","RYR1"
56.0201312862501,-1.66005173476912,0.235072140104855,-7.06188208448966,1.64262353924452e-12,1.02706045232288e-11,"ENSG00000196263","ZNF471"
44.4135695254845,-1.29526597723896,0.166700642143467,-7.77001192427456,7.84787380443216e-15,6.12519699876173e-14,"ENSG00000196338","NLGN3"
1.30580210541716,-1.9319568552324,0.785861558399523,-2.45839338313863,0.0139560208620376,0.0231398626049146,"ENSG00000196341","OR8D1"
10.9114178552774,-1.45663448597745,0.394424980889972,-3.69305839272841,0.000221573120032905,0.000509895357987974,"ENSG00000196353","CPNE4"
3.87148855638574,-3.44845609865409,0.315638113474117,-10.9253475782698,8.72058805219363e-28,1.8006468788544e-26,"ENSG00000196361","ELAVL3"
26.3865585134595,-1.24445254196666,0.223038332824039,-5.57954557052951,2.4114776317288e-08,9.66174244550618e-08,"ENSG00000196368","NUDT11"
24.2987764344817,-2.05455867839378,0.204243990686767,-10.0593347764375,8.35610504154649e-24,1.30543344385347e-22,"ENSG00000196376","SLC35F1"
12.4691290916043,-1.37495970408254,0.192588226323261,-7.13937570500628,9.37557525830578e-13,6.00871381823775e-12,"ENSG00000196381",NA
643.332131916209,-2.3451006455465,0.174436776779083,-13.4438430292511,3.34598174549914e-41,1.64505064154994e-39,"ENSG00000196502","SULT1A1"
220.979843321064,-1.10082961895861,0.159221282444631,-6.91383464607768,4.71725000577079e-12,2.81796319098617e-11,"ENSG00000196507","TCEAL3"
657.955490314214,-1.6114717226625,0.151133755147526,-10.6625533196703,1.52356224119307e-26,2.87280026910986e-25,"ENSG00000196517","SLC6A9"
728.551958864898,-1.91975911229944,0.197919782514312,-9.69968281043667,3.02437369428303e-22,4.19928116374502e-21,"ENSG00000196557","CACNA1H"
542.895675821339,-4.37836227205198,0.377710967144782,-11.5918325198476,4.53328442827592e-31,1.14589866149852e-29,"ENSG00000196616","ADH1B"
232.544444626776,-3.24455634986627,0.307748328034332,-10.5428886343269,5.47896586138859e-26,9.94569407331477e-25,"ENSG00000196620","UGT2B15"
130.603842772358,-6.08396354422019,0.383785516677411,-15.8525094873083,1.35077307017005e-56,1.66452475092397e-54,"ENSG00000196660","SLC30A10"
79.78128570693,-1.78964254469801,0.210778151938907,-8.4906453929662,2.05492693722358e-17,1.9890678740039e-16,"ENSG00000196664","TLR7"
3.47429350320563,-4.45524293663947,0.319811951707992,-13.9308206364576,4.11598902315014e-44,2.44965061877791e-42,"ENSG00000196666","FAM180B"
20.041981001245,-1.33101519047549,0.216436710803701,-6.14967389558355,7.76424175907607e-10,3.69628284932142e-09,"ENSG00000196724","ZNF418"
1.41298975968462,-4.04801504505398,0.712787545294515,-5.67913268375275,1.35379436037764e-08,5.58349407567467e-08,"ENSG00000196767","POU3F4"
17.0173868753495,-1.20662047683416,0.280951512786037,-4.29476412092887,1.74879172188865e-05,4.81838865783667e-05,"ENSG00000196900","SPMIP10"
30723.139448436,-2.12787431836859,0.200042159194529,-10.6371293278201,2.00202579456948e-26,3.74559054617095e-25,"ENSG00000196924","FLNA"
18.6043105415277,-1.53561044254487,0.16810701663772,-9.13471949748651,6.55765538757006e-20,7.66561802024646e-19,"ENSG00000196972","SMIM10L2B"
2.14942316248952,-2.24655838347303,0.403396305180482,-5.56910996611113,2.56043859389026e-08,1.02202224480169e-07,"ENSG00000196979","GPRACR"
21.2325096195682,-3.04276599496794,0.282307577301416,-10.778194563723,4.36366272217304e-27,8.58596421081816e-26,"ENSG00000196990","FAM163B"
14.2608629422637,-1.48855708050901,0.241364447546447,-6.16725907912582,6.94838623246791e-10,3.3247617359016e-09,"ENSG00000197083",NA
64.1137779820034,-1.11894968869392,0.231857472769006,-4.82602382977191,1.39285849988921e-06,4.4801498155476e-06,"ENSG00000197128","ZNF772"
14.6451599271781,-3.90035510822781,0.2341665810141,-16.6563268393664,2.72238908508439e-62,4.36115388142665e-60,"ENSG00000197165","SULT1A2"
85.9307437066192,-1.64051247017995,0.152692007721922,-10.74393149095,6.32904968206329e-27,1.22957540740923e-25,"ENSG00000197208","SLC22A4"
42.7053604629175,-1.30233471389214,0.158519999740584,-8.21558614700601,2.11130417143973e-16,1.88731251986383e-15,"ENSG00000197245","FAM110D"
261.259820542054,-1.98305927822162,0.250069183384933,-7.93004260412642,2.19070717619598e-15,1.79318967007041e-14,"ENSG00000197253","TPSB2"
2197.23346132977,-1.86106157232234,0.134653284119524,-13.8211376312989,1.90042521557154e-43,1.07607729400705e-41,"ENSG00000197256","KANK2"
2117.62855114711,-5.34493179396106,0.325957229061532,-16.3976476587119,1.98787620954753e-60,2.97384733962934e-58,"ENSG00000197273","GUCA2A"
2647.57701039889,-1.95095281874717,0.134422536616481,-14.5135843129743,9.93884651711549e-48,7.29234412296831e-46,"ENSG00000197321","SVIL"
46.026118907478,-2.51831280036196,0.163699952458289,-15.3837112506409,2.10526563768191e-53,2.13003020978832e-51,"ENSG00000197361","FBXL22"
882.240763247644,-1.9906849289498,0.0880129141916756,-22.6181003916591,2.87598645834927e-113,2.83520644523473e-110,"ENSG00000197375","SLC22A5"
179.755135676509,-2.50612579045151,0.207499859111993,-12.0777228532906,1.38502436595025e-33,4.13753160821205e-32,"ENSG00000197380","DACT3"
38.125421833434,-1.17506847036043,0.382462207790994,-3.07237799297173,0.00212360625497732,0.00411959683561799,"ENSG00000197410","DCHS2"
0.671631721497995,-1.56129059775886,0.386236616817708,-4.04231636716035,5.29257577751597e-05,0.000135143963171152,"ENSG00000197421","GGT3P"
4.15360377413768,-1.22960355586388,0.245500838101244,-5.00855135719249,5.4841242651147e-07,1.85956673809348e-06,"ENSG00000197465","GYPE"
296.56953457796,-1.03111669077245,0.170359381229044,-6.05259706470843,1.42529063379878e-09,6.58156966102112e-09,"ENSG00000197471","SPN"
10.4484633946015,-3.19020862173439,0.380501989848381,-8.38421008785155,5.10675158689397e-17,4.77943715339125e-16,"ENSG00000197476",NA
39.3617069042419,-1.57113687806536,0.217442575697113,-7.22552551186607,4.99167748149796e-13,3.29128835759136e-12,"ENSG00000197540","GZMM"
1.55109905110215,-2.26489494197697,0.444930919869346,-5.09044177608978,3.57230252404397e-07,1.24113785597252e-06,"ENSG00000197549",NA
4.43045485464585,-3.67683506789768,0.255755197972788,-14.376384515512,7.27995033378375e-47,5.07051178411202e-45,"ENSG00000197561","ELANE"
45.4244033788185,-2.22411887047456,0.261101039143495,-8.51823063504638,1.62009329549648e-17,1.58412326886961e-16,"ENSG00000197565","COL4A6"
5.27936846260225,-1.06986889523958,0.344866354019737,-3.10227101823435,0.00192042053643927,0.00375399522017819,"ENSG00000197584","KCNMB2"
375.334801962246,-1.28591340219736,0.173109323197623,-7.4283312905646,1.09976233834047e-13,7.70033921365437e-13,"ENSG00000197594","ENPP1"
329.080129035822,-2.45310025524165,0.280483015524574,-8.74598503104984,2.21078421329797e-18,2.28858429317898e-17,"ENSG00000197614","MFAP5"
955.061211665937,-2.09432147793515,0.190042982960442,-11.020251552098,3.05204959302518e-28,6.47226424175616e-27,"ENSG00000197629","MPEG1"
1126.82690447948,-2.32810022038391,0.261629467440544,-8.89846332356648,5.66251945433784e-19,6.12224087347938e-18,"ENSG00000197766","CFD"
3.52527425270734,-1.80594014984053,0.234755673926371,-7.69284984526911,1.43893350665226e-14,1.09745440448838e-13,"ENSG00000197769","MAP1LC3C"
41.1895217869594,-1.20530774660343,0.147671306611597,-8.16209847572904,3.2925358831735e-16,2.89476622685506e-15,"ENSG00000197776","KLHDC1"
7.14175610465239,-1.32359771882973,0.404651913908412,-3.27095380828794,0.00107185416269505,0.00218955299894462,"ENSG00000197794",NA
194.055689260234,-1.39301795618619,0.182741563826053,-7.62288516646477,2.48067551037782e-14,1.84870190632867e-13,"ENSG00000197872","CYRIA"
2619.29760249717,-4.11134080445196,0.429320310287129,-9.57639484072463,1.00491551815294e-21,1.34479592504093e-20,"ENSG00000197888","UGT2B17"
2655.68722353804,-1.31930186990266,0.118483683392743,-11.1348823072078,8.48570233289532e-29,1.86003305355089e-27,"ENSG00000197892","KIF13B"
14.4276479328384,-2.05336244345896,0.357296251791636,-5.74694649933362,9.08694654637762e-09,3.82656992189026e-08,"ENSG00000197893","NRAP"
49.7200648591697,-1.55066179467438,0.183477993125158,-8.4514865693817,2.87616915534106e-17,2.74869688082023e-16,"ENSG00000197928","ZNF677"
411.399095365873,-1.86632597469131,0.169513981875672,-11.0098645199671,3.42518392017367e-28,7.2316335079032e-27,"ENSG00000197943","PLCG2"
2.53997268523823,-3.62332959823014,0.662699591482603,-5.46752954853037,4.56351151955141e-08,1.76939620201889e-07,"ENSG00000197953","AADACL2"
8.70249996401513,-2.79692328182947,0.226910947008997,-12.3260835085166,6.55563516378636e-35,2.12695784930037e-33,"ENSG00000197992","CLEC9A"
3.78047805197025,-1.72077144982642,0.310480246946959,-5.54228961986233,2.98541983646138e-08,1.1814764431542e-07,"ENSG00000198010","DLGAP2"
20.9879431072465,-1.31426916831541,0.194493049475986,-6.75740943882772,1.40480792149139e-11,7.98974114757094e-11,"ENSG00000198046","ZNF667"
3.6764545673193,-3.71682043466471,0.341460979269327,-10.8850517638007,1.3582144148709e-27,2.76731688439541e-26,"ENSG00000198049","AVPR1B"
936.288819452509,-3.13006113448037,0.290548623319256,-10.7729339713341,4.62038372121866e-27,9.05863808922457e-26,"ENSG00000198074","AKR1B10"
365.070515777328,-2.13835154166909,0.170944556949775,-12.5090355599761,6.66282596482309e-36,2.32034121258653e-34,"ENSG00000198121","LPAR1"
138.941281377571,-2.23546892196509,0.267812885591551,-8.34712981426321,6.99418305100817e-17,6.48277135395639e-16,"ENSG00000198125","MB"
1606.45489980079,-1.22177109522088,0.114243137566593,-10.694481272529,1.0802238942964e-26,2.0641833033804e-25,"ENSG00000198160","MIER1"
3191.86150458265,-1.3143563150648,0.104115112601173,-12.624068516351,1.55571390933646e-36,5.61093177038077e-35,"ENSG00000198189","HSD17B11"
21.6272902504897,-2.64512648978671,0.273182109965255,-9.68264902164762,3.57334946875454e-22,4.93833813893622e-21,"ENSG00000198300","PEG3"
3.32834369461425,-2.4228382044839,0.379667697327252,-6.38147048468955,1.75395530671145e-10,8.95542093985857e-10,"ENSG00000198354","DCAF12L2"
489.925165562089,-2.99769099952049,0.20359523670026,-14.7237776684029,4.53597170899981e-49,3.60319223751892e-47,"ENSG00000198417","MT1F"
60.6560227739756,-1.25674013903327,0.189998663691409,-6.61446830528468,3.72889537078997e-11,2.03030154370837e-10,"ENSG00000198453","ZNF568"
6175.52754942736,-2.66271232309605,0.201048511972805,-13.2441284790819,4.87912787740032e-40,2.26009433135434e-38,"ENSG00000198467","TPM2"
4218.52025339219,-1.08290692553943,0.101490148300065,-10.6700693976494,1.40521394416617e-26,2.65746485545286e-25,"ENSG00000198478","SH3BGRL2"
36.8687221262901,-1.86179315768276,0.180943871974147,-10.2893407628017,7.87134241858465e-25,1.32615907961141e-23,"ENSG00000198483","ANKRD35"
636.291916248197,-1.94775818274581,0.402757069262545,-4.83606206170927,1.32436587865021e-06,4.27594011895069e-06,"ENSG00000198488","B3GNT6"
180.356885077099,-1.22749369586443,0.120587345478502,-10.179291127055,2.45342058569723e-24,3.98002790119416e-23,"ENSG00000198513","ATL1"
121.413703054557,-1.70744607256159,0.201399110059493,-8.47792262864131,2.29250332238256e-17,2.20846592923183e-16,"ENSG00000198515","CNGA1"
459.160490866533,-3.37228549938687,0.287664377379138,-11.7229861066261,9.71848545999998e-32,2.55572236990848e-30,"ENSG00000198523","PLN"
1.75308416312136,-1.07200674649782,0.393191897852732,-2.72642125219817,0.00640252281139839,0.0113630519563234,"ENSG00000198570","RD3"
15.8267484113379,-1.70697881996507,0.222626015210542,-7.66747236773178,1.75418797240871e-14,1.32579644142319e-13,"ENSG00000198574","SH2D1B"
18.8173802131525,-2.99821236627049,0.277716401319748,-10.79594994038,3.59723108942864e-27,7.12900740697232e-26,"ENSG00000198597","ZNF536"
894.751381189398,-2.88907608639249,0.167720971293952,-17.2254910289604,1.70970628641417e-66,3.45963566282977e-64,"ENSG00000198624","CCDC69"
4963.65016662302,-1.0385657707607,0.214578952309272,-4.84001697083423,1.29828041394547e-06,4.19700555578588e-06,"ENSG00000198643","FAM3D"
9.15626300268904,-4.00295491958972,0.242487553718116,-16.5078778609934,3.22009013449737e-61,4.95211221604082e-59,"ENSG00000198650","TAT"
3539.05202732575,-2.04961283902462,0.146028769775927,-14.0356783267409,9.4289898678002e-45,5.81888239883329e-43,"ENSG00000198682","PAPSS2"
22956.6740948693,-1.26262290618645,0.206877377987528,-6.10324298610635,1.03937644180583e-09,4.88400220705314e-09,"ENSG00000198695","ND6"
551.553505452302,-1.13309674273573,0.140455914894733,-8.06727679346893,7.1883457745918e-16,6.14839443816976e-15,"ENSG00000198721","ECI2"
22.909232700695,-1.11616075735664,0.307958819437218,-3.62438315420346,0.000289651932911714,0.000654996345409757,"ENSG00000198768","APCDD1L"
375.01627758728,-1.71193399832154,0.152449140437471,-11.2295418223346,2.91988708246818e-29,6.54201041140175e-28,"ENSG00000198771","RCSD1"
42.81593441964,-1.9684769480025,0.177886147807975,-11.0659372427776,1.83534073052146e-28,3.95534445439229e-27,"ENSG00000198785","GRIN3A"
467.41977617705,-1.01085121861217,0.18093134296014,-5.58693260147231,2.31115367326954e-08,9.28300514795172e-08,"ENSG00000198794","SCAMP5"
4.48295296457623,-1.41376134701869,0.397713313308627,-3.55472472182897,0.00037837501368504,0.000838272683597369,"ENSG00000198797","BRINP2"
156.271052496039,-1.02776864119414,0.171098290861639,-6.00689016832586,1.89115531021589e-09,8.60634003349296e-09,"ENSG00000198821","CD247"
58.9139102472677,-1.86515568175991,0.191996369815057,-9.71453618397343,2.61436549250936e-22,3.64579289410617e-21,"ENSG00000198838","RYR3"
361.945655406396,-1.47429189133465,0.219223288783249,-6.72506967447387,1.75508439902616e-11,9.86516518850275e-11,"ENSG00000198846","TOX"
395.597635109727,-1.08879391553113,0.188531118616767,-5.77514165045803,7.68883731836479e-09,3.26752214412701e-08,"ENSG00000198851","CD3E"
31.4193880307824,-1.76848693833465,0.241759523914016,-7.31506626793171,2.57254405174318e-13,1.74162002390157e-12,"ENSG00000198865","CCDC152"
836.921213614613,-1.34131004585959,0.0688065470217002,-19.4939305039761,1.23611779210382e-84,5.94062759412696e-82,"ENSG00000198894","CIPC"
474.951821219004,-1.60839685156176,0.327075920581464,-4.91750309439598,8.7655071775461e-07,2.89749337507622e-06,"ENSG00000198910","L1CAM"
8.64551969220136,-2.04845659432391,0.371042211338673,-5.52081820268736,3.37424747249401e-08,1.32647947418177e-07,"ENSG00000198914","POU3F3"
149.091995980387,-1.74884300591653,0.188833969308102,-9.26127334146703,2.02008549247607e-20,2.45934854114083e-19,"ENSG00000198932","GPRASP1"
623.043870872249,-1.40665201994059,0.180521560202052,-7.79215523268338,6.58757292960815e-15,5.17516175775735e-14,"ENSG00000198944","SOWAHA"
522.076583604068,-2.09805631520577,0.21631503142361,-9.69907778205734,3.04236004421705e-22,4.22120594081606e-21,"ENSG00000198947","DMD"
2548.14207604431,-1.34623615726847,0.105277623919876,-12.7874861451381,1.92603678132164e-37,7.36819264989783e-36,"ENSG00000198961","PJA2"
9.72546602023647,-1.32001919827951,0.311284323548361,-4.24055790292452,2.2296490689259e-05,6.05305167017329e-05,"ENSG00000198963","RORB"
0.654048598412479,-1.80655564544612,0.318500573139368,-5.67206403316461,1.41087218070828e-08,5.80706591710645e-08,"ENSG00000199047","MIR378A"
1.82570605430432,-1.30245417844799,0.244991613441083,-5.31632148608716,1.05886002659e-07,3.92991518894735e-07,"ENSG00000200579",NA
1.76264634844992,-1.00870156894205,0.190348249193779,-5.29924269445299,1.16283982081999e-07,4.29262626894539e-07,"ENSG00000203286",NA
2.70610147452908,-1.76472238063134,0.255864312689258,-6.8971024606099,5.30739039818699e-12,3.15334938400704e-11,"ENSG00000203307",NA
48.649403869744,-1.50502851919784,0.10609709734701,-14.1853882606738,1.12839476797514e-45,7.40330949562119e-44,"ENSG00000203497",NA
4.26912620610018,-1.72718734058518,0.287834292834858,-6.00063086150799,1.96552369976649e-09,8.91979340001445e-09,"ENSG00000203585","LINC02408"
133.358869218578,-3.13876122477434,0.347701065262426,-9.02718322822902,1.76147328756141e-19,1.9836954741322e-18,"ENSG00000203685","STUM"
8.67881755844317,-1.20713599790554,0.281622183503294,-4.28636687241445,1.81618957835081e-05,4.99263840403643e-05,"ENSG00000203690",NA
36.9513457417947,-1.64995024348453,0.18698970581946,-8.82374907353229,1.10690102773048e-18,1.17172422393044e-17,"ENSG00000203706",NA
93.1297138169493,-1.48171921894091,0.275382376394378,-5.38058839618308,7.4242771679889e-08,2.8053187643997e-07,"ENSG00000203710","CR1"
38.9685653961057,-1.24604216883699,0.160741376151808,-7.75184460073424,9.05671838013792e-15,7.0329963959031e-14,"ENSG00000203739","PRDX6-AS1"
5.01174237637706,-3.04336315828268,0.336140400332167,-9.05384522442197,1.38020403513799e-19,1.56717969695659e-18,"ENSG00000203808","BVES-AS1"
2.38672916938761,-4.9941708033162,0.612645688859388,-8.1518092661588,3.58519447427064e-16,3.14200984618835e-15,"ENSG00000203858","HSD3BP2"
85.3090763384146,-5.7688819282309,0.501726455892828,-11.4980620624542,1.34910487642186e-30,3.30586584982735e-29,"ENSG00000203859","HSD3B2"
23.6836882846716,-2.52565505737272,0.258627223570299,-9.76561949862254,1.58142518410673e-22,2.24440952577895e-21,"ENSG00000203867","RBM20"
198.540314528127,-1.02258006148994,0.170878857459109,-5.98423980997558,2.17402810295655e-09,9.82195751755233e-09,"ENSG00000203943","SAMD13"
1.67093060886497,-2.17342508562856,0.64406165252763,-3.3745606140327,0.000739336320414274,0.00155588653002577,"ENSG00000203972","GLYATL3"
3.653265489859,-3.34450934869464,0.41135276289638,-8.13051388094633,4.27474349183266e-16,3.71750877698462e-15,"ENSG00000204065","TCEAL5"
1.7791092290918,-3.94586725424619,0.417697030333515,-9.44672087109541,3.49611539632848e-21,4.50906234963573e-20,"ENSG00000204071","TCEAL6"
384.395562732787,-2.44409186739678,0.239938656788921,-10.1863197039854,2.28241718645717e-24,3.71044793098177e-23,"ENSG00000204099","NEU4"
1.88461582781342,-2.5897859898171,0.346876699780894,-7.46601311489919,8.26611117163246e-14,5.85172484286049e-13,"ENSG00000204118",NA
934.115859057248,-1.15005018211654,0.168290470451035,-6.8337213570934,8.27396641941196e-12,4.82275904983523e-11,"ENSG00000204128","C2orf72"
188.525262874987,-1.22611340113359,0.218503496469045,-5.61141318535967,2.00680959459905e-08,8.11227089512667e-08,"ENSG00000204131","NHSL2"
87.3758088068961,-2.34612941744301,0.194094221735744,-12.0875799210408,1.22852372758421e-33,3.68432540986194e-32,"ENSG00000204136","GGTA1"
192.153047516454,-1.16532994685011,0.181696671547318,-6.41360095881908,1.42121919876414e-10,7.32265003147747e-10,"ENSG00000204161","TMEM273"
13.3130167811651,-1.52511319799586,0.251222454718979,-6.07076783682363,1.2730011086647e-09,5.91957832907977e-09,"ENSG00000204174","NPY4R"
307.23846577779,-1.4883874068856,0.176952179674367,-8.4112408766288,4.05695604473249e-17,3.82955534131672e-16,"ENSG00000204175","GPRIN2"
3.2866970661301,-1.38445430192599,0.28099988663226,-4.92688562446932,8.35506285028765e-07,2.76967668050534e-06,"ENSG00000204176","SYT15"
2143.42313021118,-1.49776247540163,0.161995021933792,-9.24573148929091,2.33637094521476e-20,2.83364207352277e-19,"ENSG00000204219","TCEA3"
9.53900501861154,-1.78183246312853,0.247786732287657,-7.19099221608037,6.43221497155286e-13,4.19640292668019e-12,"ENSG00000204241","LINC02731"
40.2370483074238,-1.68941948611031,0.152724391474266,-11.0618838929535,1.92021402513211e-28,4.12782328473597e-27,"ENSG00000204314","PRRT1"
0.760611340751978,-1.01932026236012,0.328082106684296,-3.10690598966735,0.00189056510428328,0.00369924965974754,"ENSG00000204352",NA
119.301495620669,-1.50401897076234,0.275842847980386,-5.45244867421499,4.96809139842383e-08,1.91698323961462e-07,"ENSG00000204361","NXPE2"
2189.47802622134,-1.02440674665786,0.116719674704726,-8.7766415495021,1.68428745191962e-18,1.75537543138936e-17,"ENSG00000204370","SDHD"
10786.6630367353,-1.57877746032581,0.142865010588826,-11.0508336073248,2.17188684508785e-28,4.64677426450153e-27,"ENSG00000204385","SLC44A4"
3.45812520217728,-1.26587518250807,0.242039274270841,-5.23004039869814,1.6947300109468e-07,6.12438055558528e-07,"ENSG00000204403","CASP12"
385.216907611759,-1.13120943383194,0.165538132494808,-6.83352782095338,8.28514194653143e-12,4.82854104014391e-11,"ENSG00000204472","AIF1"
13.1258368068184,-1.37958305330135,0.219504990337887,-6.28497352692412,3.27909564444434e-10,1.62777779524792e-09,"ENSG00000204475","NCR3"
103.147612894092,-3.16754751696272,0.230614883439437,-13.7352258870775,6.24609598845785e-43,3.39185949813897e-41,"ENSG00000204614","TRIM40"
3.67721183574368,-2.94982757577389,0.372430648759251,-7.92047482021475,2.36605289727582e-15,1.93219277276048e-14,"ENSG00000204670",NA
1.32929738995426,-3.91477876921221,0.454145746951427,-8.62009342923762,6.68995051231559e-18,6.69813873299473e-17,"ENSG00000204687","MAS1L"
0.828029186131181,-1.91825420300334,0.531965208837126,-3.60597680287521,0.000310980917856317,0.000699852689582172,"ENSG00000204711","CFAP95"
1.01906219720223,-3.14986473359258,0.420286043371524,-7.49457371537831,6.65141781851983e-14,4.75417476982026e-13,"ENSG00000204776",NA
0.375316206661223,-2.64625368943546,0.620218963068121,-4.26664427728052,1.98435182524365e-05,5.42620018671e-05,"ENSG00000204780",NA
24.670198968343,-1.16595839288032,0.200482460602927,-5.81576258279072,6.03580832031674e-09,2.59573515090847e-08,"ENSG00000204851","PNMA8B"
50.1198431023,-1.98385740256108,0.363820676036286,-5.45284403342491,4.95705440230241e-08,1.91310851842322e-07,"ENSG00000204872",NA
0.38623969209288,-3.13617036235825,0.817133349843077,-3.8380153777355,0.000124032716402622,0.000297949756171922,"ENSG00000204897","KRT25"
21.2989939203658,-6.61516108998565,0.480957638068205,-13.7541449940494,4.80932713833002e-43,2.63396296990562e-41,"ENSG00000204933",NA
1923.71957057798,-5.6657150984009,0.382418778912384,-14.8154730123726,1.16367222945054e-49,9.51908642674146e-48,"ENSG00000204936","CD177"
7.38246232833114,-2.32372556834082,0.261885461235149,-8.8730606020711,7.1162582680009e-19,7.63389457672519e-18,"ENSG00000205002","AARD"
3.14099946895883,-2.1579197501525,0.322930107650729,-6.68231205151807,2.35201516695159e-11,1.30770682753128e-10,"ENSG00000205037","LOC400553"
38.8378114654997,-2.99984120565385,0.263965976372992,-11.3644994967646,6.28235078750229e-30,1.47368847301465e-28,"ENSG00000205038","PKHD1L1"
5.26187304721062,-1.65803847970969,0.363917783169482,-4.55607985207339,5.21171303074081e-06,1.55160857126291e-05,"ENSG00000205056",NA
2.28323266471063,-2.11440110598187,0.240278330527262,-8.79979938824307,1.37060945879149e-18,1.44017004269353e-17,"ENSG00000205106",NA
2624.34704836362,-1.26734290154829,0.11178499971821,-11.3373252649554,8.57246036016063e-30,1.98784911620685e-28,"ENSG00000205213","LGR4"
17.5854143877818,-2.64346694218768,0.261640772819575,-10.1034212431814,5.33478783676257e-24,8.43019268228567e-23,"ENSG00000205221","VIT"
6216.2624802959,-1.4738196010148,0.295701788728737,-4.98414164943322,6.22374745833682e-07,2.09567716351967e-06,"ENSG00000205277","MUC12"
261.279030610215,-3.9539912824077,0.300203917488499,-13.1710182714694,1.28848047589061e-39,5.8211761288562e-38,"ENSG00000205358","MT1H"
0.707694770305523,-4.4751170613351,0.497892562447088,-8.98811791712732,2.51500120347365e-19,2.79705673329336e-18,"ENSG00000205360",NA
6.62092687199388,-2.54739685835124,0.216727877395612,-11.7538956638295,6.74366462396333e-32,1.79552405676952e-30,"ENSG00000205361",NA
31.894256179259,-1.5280096404042,0.200270797121858,-7.62971767408736,2.35268370912052e-14,1.75774641594552e-13,"ENSG00000205363","INSYN1"
282.403218650505,-4.35058171904502,0.307887298862387,-14.1304358286944,2.4661330694565e-45,1.59086272015762e-43,"ENSG00000205364","MT1M"
812.939125837128,-1.3578717777094,0.192335367690766,-7.059917237336,1.66601801859702e-12,1.04084164382515e-11,"ENSG00000205413","SAMD9"
13.0784154527597,-1.01096518760843,0.130039457895232,-7.7742956174343,7.58683766332563e-15,5.92988712425046e-14,"ENSG00000205572","SERF1A"
72.6521676924063,-2.35138022619337,0.201833674289351,-11.6500887895565,2.2921987000525e-31,5.86348392687416e-30,"ENSG00000205683","DPF3"
975.797763268846,-1.17785772258664,0.0954800290217459,-12.3361684600911,5.78436608825693e-35,1.88148496611856e-33,"ENSG00000205744","DENND1C"
2.09593042084729,-1.1832510686386,0.295475865008269,-4.00456080771769,6.21328077740112e-05,0.000156870243005477,"ENSG00000205786","LINC01531"
88.3573249472178,-2.16425152389593,0.201400575350539,-10.7460046731696,6.18844646724979e-27,1.20347598040644e-25,"ENSG00000205795","CYS1"
1.92439527430046,-1.53211050185548,0.248248040890253,-6.17169221703065,6.75629264192815e-10,3.23606806034897e-09,"ENSG00000205832","C16orf96"
9.6807008671609,-1.19778719781029,0.204036443254889,-5.87045715315659,4.34595091776238e-09,1.89701152287932e-08,"ENSG00000206113","CFAP99"
15.3930379979302,-3.72645632813575,0.373288785580318,-9.98277063786573,1.81331353166692e-23,2.75450277961272e-22,"ENSG00000206579","XKR4"
1.17390020509886,-2.20538742923966,0.259440065207356,-8.50056612295798,1.88668298888364e-17,1.83313876354837e-16,"ENSG00000207242","RNU6-1065P"
2.54152137597582,-3.14120919660806,0.268345970900234,-11.7058183734605,1.19005477093549e-31,3.10618029722722e-30,"ENSG00000207296","RNU6-140P"
0.860699354959613,-1.19371848321351,0.477790760088803,-2.49841265869529,0.0124750879781233,0.0208907054965332,"ENSG00000207563","MIR23B"
1.12474284102153,-1.16532527638797,0.308109023692356,-3.78218483322168,0.000155457858082429,0.000367604912337484,"ENSG00000207744","MIR10B"
1.32710700654249,-1.42364391901341,0.356219370460038,-3.99653706976927,6.42758205140013e-05,0.000161887485837,"ENSG00000207864","MIR27B"
1301.59657493075,-2.36984069728066,0.208276928234493,-11.3783159631226,5.36252343102309e-30,1.26331457323863e-28,"ENSG00000211445","GPX3"
74583.5303589795,-1.94890601836074,0.287791395510135,-6.77193984519979,1.27066975745471e-11,7.26985716739009e-11,"ENSG00000211592","IGKC"
3519.87989129864,-2.06162869097336,0.314415719933089,-6.55701531530323,5.48953776514994e-11,2.9370478493838e-10,"ENSG00000211598","IGKV4-1"
40.5865411620655,-1.91626802640364,0.398538022516366,-4.80824392690147,1.52261907575841e-06,4.87306547953745e-06,"ENSG00000211599","IGKV5-2"
72.7623882653003,-2.79950608286046,0.348479750872927,-8.0334827944746,9.47439474423033e-16,8.01104144999832e-15,"ENSG00000211611","IGKV6-21"
0.93963160504222,-1.23174515482504,0.499929713385891,-2.46383665912305,0.0137458737795041,0.022830810834655,"ENSG00000211623","IGKV2D-26"
198.937672394826,-2.63524265701309,0.334674409351335,-7.87404887669993,3.43344709319285e-15,2.76104874277318e-14,"ENSG00000211625","IGKV3D-20"
2.8661757487319,-1.49895822533849,0.540046968207196,-2.77560714823491,0.00550987404853731,0.00990638456528778,"ENSG00000211626","IGKV6D-41"
72.496796424864,-2.20877324353799,0.323881825515608,-6.81968875537153,9.12379635564045e-12,5.29563101578062e-11,"ENSG00000211632","IGKV3D-11"
15.0547874301036,-2.18542263541472,0.384486016067561,-5.68401071582977,1.31572027830471e-08,5.43054187224703e-08,"ENSG00000211633","IGKV1D-42"
594.74882996779,-2.15463385758866,0.365173910563993,-5.90029516145045,3.62851852767818e-09,1.59727103084089e-08,"ENSG00000211637","IGLV4-69"
443.628504338605,-2.22119018710343,0.375442130984496,-5.91619853978282,3.29467482936143e-09,1.4583279203829e-08,"ENSG00000211638","IGLV8-61"
139.258775318478,-2.06278527981563,0.433016114010803,-4.76376100812767,1.90017545253575e-06,6.00246862407706e-06,"ENSG00000211639","IGLV4-60"
711.618136345157,-1.74037009997724,0.351534097124843,-4.95078603814404,7.39143317731841e-07,2.46704081403213e-06,"ENSG00000211640","IGLV6-57"
261.633921897438,-2.8432992547021,0.402094215698744,-7.07122645313642,1.53570287992615e-12,9.63655436992338e-12,"ENSG00000211642","IGLV10-54"
37.0694365600654,-1.54264957215255,0.377341939925202,-4.08820067140786,4.34732023176337e-05,0.000112639662220328,"ENSG00000211644","IGLV1-51"
14.5528233791928,-2.44454440095023,0.345408234308406,-7.07726150722729,1.47030923617725e-12,9.23525227957961e-12,"ENSG00000211645","IGLV1-50"
8.4221723505067,-2.88261888825961,0.388533965929654,-7.41921978780491,1.1781226882131e-13,8.21757674051689e-13,"ENSG00000211647","IGLV5-48"
696.716961594157,-1.92472942063705,0.325465001788208,-5.91378307978424,3.34338141994926e-09,1.47818520529886e-08,"ENSG00000211648","IGLV1-47"
437.425331973101,-2.21816368234412,0.378596688840233,-5.85890935586121,4.65916906293854e-09,2.02843475215489e-08,"ENSG00000211649","IGLV7-46"
166.792525874714,-2.11023290710556,0.387264604013075,-5.44907250814566,5.06331694789471e-08,1.95215951359515e-07,"ENSG00000211650","IGLV5-45"
816.594484757493,-2.31880616437045,0.322993004871582,-7.17912192956743,7.01605547298474e-13,4.56037675012416e-12,"ENSG00000211651","IGLV1-44"
224.426624495928,-2.86100156321914,0.34838585762081,-8.21216332590951,2.17238503274394e-16,1.93920797199689e-15,"ENSG00000211652","IGLV7-43"
1439.97713027815,-1.89242978807398,0.320307117984917,-5.90817275613304,3.45923155675069e-09,1.52677161821138e-08,"ENSG00000211653","IGLV1-40"
36.8310854121526,-1.86097826132236,0.523354022170147,-3.55586884305503,0.000376731997303059,0.000834969452949253,"ENSG00000211654","IGLV5-37"
95.2587102356519,-1.71946976607805,0.389106909242968,-4.41901627864533,9.91511797823529e-06,2.84440039478594e-05,"ENSG00000211655","IGLV1-36"
6.87160921451834,-2.27510154803118,0.373430695872318,-6.09243314269235,1.11207294371756e-09,5.20651101645264e-09,"ENSG00000211656","IGLV2-33"
2.25703563793108,-1.21099430358396,0.46347369061276,-2.61286525667271,0.00897866932113576,0.0154584613044515,"ENSG00000211657","IGLV3-32"
99.8650972302821,-1.35405530392811,0.371075260788458,-3.64900452013704,0.000263258472507798,0.000598905236243037,"ENSG00000211658","IGLV3-27"
951.166682068917,-1.49923964773716,0.324323374738335,-4.62266911519019,3.78833741330655e-06,1.14857036928789e-05,"ENSG00000211659","IGLV3-25"
1768.69396249397,-1.9681368084364,0.326506776994451,-6.02785898214249,1.66145916758165e-09,7.6136019804543e-09,"ENSG00000211660","IGLV2-23"
1827.20853376056,-1.0884168644894,0.337401830806354,-3.22587717407521,0.00125587239584527,0.0025331580716155,"ENSG00000211662","IGLV3-21"
1350.29532803834,-1.87859219788136,0.331700156065355,-5.66352521556008,1.48294367014359e-08,6.08611606383545e-08,"ENSG00000211663","IGLV3-19"
181.97674027083,-2.41960399670068,0.371438366642934,-6.51414666333233,7.31040439387381e-11,3.87332047113843e-10,"ENSG00000211664","IGLV2-18"
19.9551495080261,-1.43388848806054,0.365350665445309,-3.92469105349196,8.68411155274104e-05,0.000214161665726899,"ENSG00000211665","IGLV3-16"
1951.05767998491,-2.18668545139068,0.306048760566518,-7.14489236075641,9.00664381592802e-13,5.78404547608386e-12,"ENSG00000211666","IGLV2-14"
14.0317182284614,-1.51573644407758,0.392271314843955,-3.86400021291522,0.000111545123716886,0.000270197541049843,"ENSG00000211667","IGLV3-12"
1327.68441828381,-1.86944685532867,0.348419110081421,-5.36551182537549,8.07199911943106e-08,3.03871683290675e-07,"ENSG00000211668","IGLV2-11"
473.990841169188,-2.06200156008467,0.358436048152667,-5.7527739486917,8.77908413934472e-09,3.70440723307748e-08,"ENSG00000211669","IGLV3-10"
219.812494183625,-2.30853969485741,0.365748612185235,-6.31182079151196,2.75771459265785e-10,1.38054496020724e-09,"ENSG00000211670","IGLV3-9"
7.3013043837904,-2.46984111167954,0.419427306830935,-5.88860351115647,3.89472577193283e-09,1.70800184502682e-08,"ENSG00000211672","IGLV4-3"
1955.57151788026,-1.77937472730665,0.329553667822365,-5.39934736294837,6.68837612899541e-08,2.54299838836517e-07,"ENSG00000211673",NA
4981.01176346358,-1.57863071860813,0.285668770896946,-5.5260878312023,3.27450248658242e-08,1.28884927417725e-07,"ENSG00000211677","IGLC2"
2931.50516019933,-1.97140553261732,0.299765403808278,-6.57649451061463,4.81668773584993e-11,2.59474840101194e-10,"ENSG00000211679","IGLC3"
141.238230174112,-2.01737248353279,0.390240152352904,-5.1695666664983,2.34637422729216e-07,8.33666481071081e-07,"ENSG00000211685","IGLC7"
13.912028421233,-1.79123478940396,0.228564857801023,-7.8368774913041,4.61888289947985e-15,3.67741128259064e-14,"ENSG00000211689","TRGC1"
6.03949166430884,-1.70945829129456,0.260268318305154,-6.56806138536727,5.09745284789416e-11,2.73786573570227e-10,"ENSG00000211694",NA
3.61243729830395,-1.55436052043921,0.261111902437386,-5.95285203749738,2.63509515355013e-09,1.17900038832238e-08,"ENSG00000211695","TRGV9"
2.52042393989349,-2.00546421120343,0.289728115556767,-6.92188332274746,4.45678267041945e-12,2.6702497012563e-11,"ENSG00000211696","TRGV8"
2.1817361370288,-1.24572618595332,0.29729749034063,-4.19016717741554,2.78749004184224e-05,7.44705924805147e-05,"ENSG00000211697","TRGV5"
3.05160975150595,-2.10552781106978,0.2750889963798,-7.65398775952055,1.94840831797075e-14,1.46481139227652e-13,"ENSG00000211698","TRGV4"
2.91316831169031,-1.72348130001942,0.264038681413347,-6.52738186236183,6.69292587247294e-11,3.55860767554926e-10,"ENSG00000211699","TRGV3"
5.36602045638694,-1.0506784895047,0.226062609595007,-4.64773228702877,3.35604076554397e-06,1.02396396566042e-05,"ENSG00000211706","TRBV6-1"
3.39040451979626,-1.08251732662287,0.276523576155803,-3.9147379101337,9.05024614698712e-05,0.000222549341281059,"ENSG00000211710","TRBV4-1"
3.73972238157164,-1.21623415889877,0.28331709576186,-4.29283716758509,1.76404378837272e-05,4.85832317561362e-05,"ENSG00000211728","TRBV5-6"
12.6264809271301,-1.27884324573265,0.217968958432707,-5.8670888503028,4.43513040360708e-09,1.93462058801318e-08,"ENSG00000211734","TRBV5-1"
10.7308464684095,-1.20016983133345,0.233226977240625,-5.14593056743694,2.66197875705217e-07,9.39204343143844e-07,"ENSG00000211746","TRBV19"
1.54091020645057,-1.17347241995406,0.311600123112876,-3.76595621410898,0.000165912869111867,0.000390215457193609,"ENSG00000211766","TRBJ2-2P"
4.55481112284789,-1.10787221560128,0.230690619418482,-4.80241553988614,1.5676294878316e-06,5.00961274363408e-06,"ENSG00000211786","TRAV8-2"
8.37024884091382,-1.04295953211913,0.230701737504497,-4.52081351185664,6.16024390239594e-06,1.81795285013369e-05,"ENSG00000211788","TRAV13-1"
5.00367801270425,-1.10370289251587,0.235599975638076,-4.6846477361753,2.8044182806292e-06,8.64161814822079e-06,"ENSG00000211790","TRAV8-4"
3.98097830700377,-1.4935083187798,0.298099175340638,-5.01010550288562,5.44002041581916e-07,1.84633178784427e-06,"ENSG00000211792","TRAV14DV4"
3.09831456021117,-1.00928258612285,0.241189692581763,-4.18460082319108,2.85667637717802e-05,7.6197194861498e-05,"ENSG00000211796","TRAV16"
1.02408314711196,-1.05396498300416,0.305327322205685,-3.45191833927707,0.000556616157561378,0.00119801944856756,"ENSG00000211798","TRAV18"
7.30729028861823,-1.42972757363208,0.246648813830217,-5.7966124038052,6.76678366627061e-09,2.89294486397316e-08,"ENSG00000211799","TRAV19"
2.49311458215684,-1.02023770350638,0.294660468423092,-3.46241797878858,0.000535345058127077,0.0011553416474775,"ENSG00000211800","TRAV20"
2.55837799831935,-1.02235662211498,0.275119627613987,-3.71604392962257,0.000202366413119239,0.000468697679831048,"ENSG00000211802","TRAV22"
5.86725091224632,-2.34113778964455,0.389065756171618,-6.01733190985811,1.77315279377062e-09,8.10129595509196e-09,"ENSG00000211804","TRDV1"
1.66036274566924,-1.2074729308154,0.298193579020965,-4.04929219059577,5.13727720821781e-05,0.000131491176901904,"ENSG00000211805","TRAV24"
5.28144865282876,-1.14455695921124,0.241670798630328,-4.73601678687715,2.17959542271918e-06,6.82179300043018e-06,"ENSG00000211810","TRAV29DV5"
1.05642668998343,-2.62558309600136,0.393034438115166,-6.68028763228126,2.38473728350127e-11,1.32455929411692e-10,"ENSG00000211821","TRDV2"
25.8237504353102,-1.63603135147632,0.282145876346936,-5.79853008188077,6.68987039483895e-09,2.86197226071407e-08,"ENSG00000211829",NA
0.979242452785364,-1.09150754199338,0.333962063986642,-3.26835787563295,0.00108173490698163,0.00220762577465484,"ENSG00000211840","TRAJ49"
37503.2324860541,-3.6750407003707,0.368932835401186,-9.9612730224307,2.25160886096345e-23,3.39747275814214e-22,"ENSG00000211890","IGHA2"
12.7718969542891,-1.30103467554149,0.362990333832168,-3.58421300591172,0.000338096091078173,0.000756006770599193,"ENSG00000211891","IGHE"
53092.982515924,-2.69094135429878,0.329441506722118,-8.16819161942629,3.13046414742587e-16,2.76048062101106e-15,"ENSG00000211895","IGHA1"
102.250030927986,-1.34140050138846,0.384347231023923,-3.49007458129695,0.000482885763128746,0.00104996657250373,"ENSG00000211898","IGHD"
9603.98144917019,-1.80540714833895,0.325089299745433,-5.55357297134268,2.79888745577945e-08,1.11154659655358e-07,"ENSG00000211899","IGHM"
1.31307837947356,-1.69033571101627,0.405135109818109,-4.1722765320813,3.01571317139623e-05,8.01667180395981e-05,"ENSG00000211924","IGHD3-9"
0.88882841250356,-1.22165546375878,0.467283767094611,-2.6143759954568,0.00893906030056465,0.0153944031971247,"ENSG00000211931","IGHD2-2"
389.944025550013,-2.18872466774586,0.349338142155307,-6.26534696223581,3.71996183031143e-10,1.83525436276124e-09,"ENSG00000211933","IGHV6-1"
933.368375447599,-2.25696589637536,0.346064531327592,-6.52180646111598,6.94656140150129e-11,3.68590081547244e-10,"ENSG00000211934","IGHV1-2"
529.041198065966,-1.82363361911506,0.370770023512168,-4.91850339420767,8.72084053030959e-07,2.88471268922664e-06,"ENSG00000211935","IGHV1-3"
656.0890905521,-2.29579495259529,0.339410965332461,-6.76405651875891,1.34180699581662e-11,7.65066788790769e-11,"ENSG00000211937","IGHV2-5"
955.16671559038,-2.65445994807021,0.307030031557505,-8.64560360628122,5.3521610762931e-18,5.37832035808261e-17,"ENSG00000211938","IGHV3-7"
619.555179505211,-2.47653587714373,0.325753709249589,-7.60247944021484,2.9051014331466e-14,2.14958496536157e-13,"ENSG00000211941","IGHV3-11"
122.340681679798,-2.31200364961045,0.360879969025784,-6.40657240093384,1.48827452340167e-10,7.65276054583709e-10,"ENSG00000211942","IGHV3-13"
1001.50679477104,-2.32969458738933,0.323445012326975,-7.20275316854851,5.90087384271038e-13,3.86492157803553e-12,"ENSG00000211943","IGHV3-15"
1.32439769451343,-2.61902239127424,0.365949895242035,-7.15677863370353,8.25949079232596e-13,5.32717065077263e-12,"ENSG00000211944","IGHV3-16"
1190.57589545176,-1.96951065861911,0.323955670396021,-6.07956840579909,1.20506464688207e-09,5.62134439197708e-09,"ENSG00000211945","IGHV1-18"
125.785104019322,-1.66731931964186,0.376692942759134,-4.42620269822252,9.5906409073522e-06,2.75625183857804e-05,"ENSG00000211946","IGHV3-20"
989.413352437746,-2.49235971724089,0.315387561604751,-7.90253015863816,2.7329818071573e-15,2.22098819572557e-14,"ENSG00000211947","IGHV3-21"
1804.90140131434,-2.20406439048526,0.303816691349751,-7.25458624637565,4.0289149070605e-13,2.68085308812314e-12,"ENSG00000211949","IGHV3-23"
311.888912763984,-1.17502462542242,0.364161711711089,-3.22665614652711,0.00125245873155806,0.00252667020947699,"ENSG00000211950","IGHV1-24"
161.213643201861,-1.84681941860496,0.369443344819124,-4.99892458344091,5.76509441249144e-07,1.94909061622457e-06,"ENSG00000211951","IGHV2-26"
139.021317084976,-1.86849438234342,0.329632412450526,-5.66841824944585,1.44121805885982e-08,5.92245732246509e-08,"ENSG00000211952","IGHV4-28"
502.898777205637,-1.67075334961632,0.343907891430151,-4.85814193640176,1.18492457633084e-06,3.84867746778676e-06,"ENSG00000211955","IGHV3-33"
485.594211440046,-1.70075483466968,0.315934690864042,-5.38324813276544,7.31535837128998e-08,2.76688227546469e-07,"ENSG00000211956","IGHV4-34"
16.7851161171489,-2.02911718726177,0.356087726947934,-5.69836316644091,1.20963162520873e-08,5.01311922975102e-08,"ENSG00000211957","IGHV3-35"
13.955142004129,-1.80538252606181,0.37701096302514,-4.78867381355545,1.67887113350857e-06,5.34511083719809e-06,"ENSG00000211958","IGHV3-38"
1408.26593725084,-2.03087993690447,0.334979336246445,-6.06270213458882,1.33853422605486e-09,6.20405369368672e-09,"ENSG00000211959","IGHV4-39"
702.012608973559,-1.89796901351197,0.334750793245787,-5.66979691103646,1.42966887646803e-08,5.87688220822904e-08,"ENSG00000211962","IGHV1-46"
749.106175289377,-2.33618844084147,0.318433800590891,-7.33649642879118,2.19257660829414e-13,1.49199987361212e-12,"ENSG00000211964","IGHV3-48"
497.585056184018,-2.42288067568142,0.333868662408784,-7.25698739798129,3.95806564739278e-13,2.63553429070506e-12,"ENSG00000211965","IGHV3-49"
1512.11071785781,-2.25548216890911,0.327864768660438,-6.87930630096173,6.01447157962803e-12,3.55314057808787e-11,"ENSG00000211966","IGHV5-51"
244.98335772159,-2.08884183480757,0.348690210099873,-5.99053765865487,2.09148437051333e-09,9.46756151452544e-09,"ENSG00000211967","IGHV3-53"
96.7217666379749,-2.50063724246164,0.3733617652045,-6.6976254011762,2.11833430407612e-11,1.18154067878739e-10,"ENSG00000211968","IGHV1-58"
146.489817318637,-1.22191865520064,0.377067681560577,-3.24058177074065,0.00119286054425522,0.00241811184988825,"ENSG00000211970","IGHV4-61"
105.609214501779,-2.31853627892818,0.342098129108846,-6.77740122393504,1.22356748190363e-11,7.01289489814381e-11,"ENSG00000211972","IGHV3-66"
189.719834744313,-1.07164480250287,0.379209654277982,-2.82599556844956,0.00471339161280379,0.00857866726649627,"ENSG00000211973","IGHV1-69"
62.5974565573789,-1.91748618849527,0.445013650428675,-4.3088255532121,1.64123754780423e-05,4.53994244193317e-05,"ENSG00000211974","IGHV2-70D"
265.528499825134,-2.20406673622415,0.345580507981157,-6.37786763235018,1.79570609153921e-10,9.15764850794639e-10,"ENSG00000211976","IGHV3-73"
13.8839089011201,-1.82872407218011,0.255050542513117,-7.17004580410199,7.49726782601512e-13,4.86001443444281e-12,"ENSG00000211978","IGHV5-78"
283.226176364518,-2.23971274192316,0.277702282368071,-8.06515784754915,7.31413025215713e-16,6.25180893296321e-15,"ENSG00000213088","ACKR1"
13.9855646152392,-2.0526872059048,0.201202828770781,-10.2020792572619,1.94072478015742e-24,3.17916683522422e-23,"ENSG00000213144",NA
4.48035069701741,-1.15180686521232,0.240195155250348,-4.79529599176065,1.62434805709296e-06,5.18225124479737e-06,"ENSG00000213171","LINGO4"
68.2822089070962,-1.04987466473137,0.18770135519865,-5.5933249049814,2.22761866174947e-08,8.96152084213477e-08,"ENSG00000213190","MLLT11"
102.509299730661,-1.65225463072397,0.155666190302543,-10.6140879243769,2.56285062632835e-26,4.76930871396157e-25,"ENSG00000213203","GIMAP1"
1.1838285678208,-2.62428847654004,0.33739185213299,-7.77816197975528,7.35858138720782e-15,5.75733371172119e-14,"ENSG00000213247",NA
1.2451919314733,-1.4285311633822,0.357592264500921,-3.99486036247443,6.47323935918038e-05,0.000162984042987825,"ENSG00000213262",NA
75.9674211609874,-1.2825402195787,0.169293590009582,-7.5758344985543,3.5682646035582e-14,2.62111328263283e-13,"ENSG00000213366","GSTM2"
1.29514908651026,-1.43993919370249,0.286249249418119,-5.03036845207304,4.8953816762075e-07,1.67092275661532e-06,"ENSG00000213373","LINC00671"
1.46680407832984,-2.68674355398423,0.234132561434865,-11.4753092757313,1.75548869651036e-30,4.26093900976855e-29,"ENSG00000213412","HNRNPA1P33"
1.44952830814569,-2.57632147938036,0.380077598056144,-6.77840917895875,1.21506319258345e-11,6.96622943114461e-11,"ENSG00000213424","KRT222"
2.04014314706549,-1.07829446186031,0.249674997017421,-4.31879232899349,1.56885318126879e-05,4.35601200695033e-05,"ENSG00000213435",NA
17.9102434901138,-1.1318471192583,0.145220540065682,-7.79398781154767,6.49268127940725e-15,5.10374396134473e-14,"ENSG00000213453",NA
1.69566256335363,-1.23394906254057,0.223027827652656,-5.53271345341857,3.15314361452756e-08,1.244522251799e-07,"ENSG00000213519","RPL36P7"
5.79444067909542,-1.25784567872945,0.155219347024461,-8.1036655728955,5.33275676196753e-16,4.59602105418887e-15,"ENSG00000213561",NA
5.02345883500251,-1.8725865267219,0.376513279625868,-4.97349397233118,6.57568194068001e-07,2.20683697253251e-06,"ENSG00000213606",NA
10.2440527138011,-1.04442377522471,0.266003651303259,-3.92635127415603,8.62441775723528e-05,0.000212757773187311,"ENSG00000213630",NA
42.6446395929012,-1.39790256696056,0.109613081144065,-12.7530633421689,2.99731388761805e-37,1.13534706440642e-35,"ENSG00000213713",NA
1.22613052893126,-1.16175090437691,0.521667071790645,-2.22699680926602,0.0259474870384826,0.0407049410612018,"ENSG00000213759","UGT2B11"
9.70003228771891,-2.24245518371104,0.178757382317854,-12.5446857334466,4.25097439214653e-36,1.48849920268541e-34,"ENSG00000213760","ATP6V1G2"
235.94594919874,-1.05510955270197,0.184633158596282,-5.71462656395904,1.09945195146577e-08,4.58168536505576e-08,"ENSG00000213762","ZNF134"
0.794622567334791,-2.71894236005878,0.371848435405345,-7.31196396482056,2.63265722462734e-13,1.78074898513806e-12,"ENSG00000213900","RPS17P1"
37.6412627379222,-2.06210553171038,0.177220233578502,-11.6358357624946,2.70923332996162e-31,6.92105606890595e-30,"ENSG00000213901","SLC23A3"
13.9786849674284,-1.18781612345618,0.271375108378027,-4.37702680454226,1.20309183695394e-05,3.4021235551168e-05,"ENSG00000213967","ZNF726"
28.4436117069261,-3.11007510085595,0.249913578669964,-12.4446023197608,1.49627760442136e-35,5.12721791953548e-34,"ENSG00000213996","TM6SF2"
3.83876439286051,-1.03637760553544,0.204673476388153,-5.06356575275049,4.11486366747594e-07,1.41861696039677e-06,"ENSG00000214077",NA
0.764747161533643,-3.15035085938197,0.331781603920647,-9.49525477649884,2.19673531841007e-21,2.87174031917415e-20,"ENSG00000214100",NA
1.1381039292368,-1.1685366996857,0.285134793175447,-4.09819049675457,4.16392534388812e-05,0.000108249670495954,"ENSG00000214142","RPL7P60"
0.647806715805284,-1.22441665273907,0.347291342657814,-3.52561812617795,0.000422495707862411,0.000927998884836958,"ENSG00000214301",NA
1823.83282524396,-1.59026562067541,0.117562017332378,-13.5270358297725,1.08303320200018e-41,5.43595006753275e-40,"ENSG00000214357","NEURL1B"
2.8007122064955,-2.35059353600625,0.420808926725918,-5.58589275730179,2.32502686473003e-08,9.33385275851264e-08,"ENSG00000214381","LINC00488"
6.21876095500243,-1.92000358042073,0.236152833408998,-8.13034318794489,4.2807674677228e-16,3.7219056271266e-15,"ENSG00000214491","SEC14L6"
0.546022675665713,-1.96704434498289,0.467234125432575,-4.20997576570796,2.55398082128913e-05,6.86759691118362e-05,"ENSG00000214513","NOTO"
15.2558059729702,-1.28410357334145,0.155103658414788,-8.27900248430903,1.24211346310313e-16,1.12737337856293e-15,"ENSG00000214562","NUTM2D"
13.4331815264005,-2.84506355646746,0.273743422950012,-10.393175937553,2.66333973482689e-25,4.62917824524817e-24,"ENSG00000214575","CPEB1"
36.1308526001256,-1.42124117188853,0.336532077673178,-4.22319673570246,2.40861394682239e-05,6.50080592583226e-05,"ENSG00000214652","ZNF727"
1.33412256555121,-2.06448129331797,0.316913722631106,-6.51433228002268,7.30137111648235e-11,3.86927381551202e-10,"ENSG00000214688","C10orf105"
8.71906860580159,-1.54937792384815,0.256781996920016,-6.03382613435613,1.60122343280354e-09,7.35510601206664e-09,"ENSG00000214787","MS4A4E"
2.04805324468503,-2.87906877835749,0.373465893966365,-7.70905409267916,1.26753684401923e-14,9.70196875214161e-14,"ENSG00000214797",NA
231.713529314408,-2.29805105878524,0.349638416202279,-6.57265035045728,4.94274351513359e-11,2.65855707787271e-10,"ENSG00000214814","FER1L6"
5.71796578733236,-5.65522950760321,0.418158864327036,-13.5241172435851,1.12688216309141e-41,5.64866212834101e-40,"ENSG00000214888",NA
0.635614895860123,-1.31210806311689,0.578535020415914,-2.26798381569641,0.0233301931259846,0.0369810733916607,"ENSG00000214942","LOC102724637"
122.125388865023,-1.43125299039667,0.229854940004892,-6.22676628297049,4.76160612810866e-10,2.31586933342687e-09,"ENSG00000215018","COL28A1"
1.38304668916498,-1.98380013869903,0.521989944623993,-3.8004566163205,0.000144429703571537,0.000343470576681815,"ENSG00000215177",NA
2602.47647077499,-1.87073763960983,0.0769554028123387,-24.3093736273691,1.56033498773641e-130,2.99950996367509e-127,"ENSG00000215193","PEX26"
43.1902397933606,-1.94509204454728,0.226174148203424,-8.59997510766718,7.97333911366871e-18,7.94791207941978e-17,"ENSG00000215218","UBE2QL1"
4.30022235038287,-1.34966215871405,0.371392976910483,-3.6340540683928,0.000279002354180453,0.000632327488279645,"ENSG00000215559",NA
4.74125735462177,-1.16884490800529,0.302774877506093,-3.86044217945979,0.000113182021696859,0.000273800364196761,"ENSG00000215644","GCGR"
6.22308661009268,-1.32374572995565,0.378145928127453,-3.50062140431005,0.000464174759142205,0.00101208682383828,"ENSG00000215914","MMP23A"
6.76209397158402,-3.51006915924926,0.448324856248998,-7.82929857741321,4.90599287111478e-15,3.89310026657894e-14,"ENSG00000216560",NA
5.95044991405994,-1.13859130080299,0.176887880551078,-6.43679655867777,1.22021304584153e-10,6.32940245189818e-10,"ENSG00000218052","ADAMTS7P4"
2.18289430838486,-3.84089549183001,0.530417998706715,-7.24126161102191,4.44529978230625e-13,2.94466644952323e-12,"ENSG00000218274",NA
2.74561142531535,-1.62491971237629,0.379562137574971,-4.28103741526467,1.86024075227197e-05,5.10716054003144e-05,"ENSG00000218357","LINC01644"
13.4072186141227,-1.4622592634,0.343940019827444,-4.25149496744701,2.12348282805936e-05,5.78156959779039e-05,"ENSG00000218416","GPC1-AS1"
1.94358845151985,-3.068720629498,0.407015096109641,-7.53957447482822,4.71507467761934e-14,3.41716260377815e-13,"ENSG00000219073","CELA3B"
465.942000012677,-1.58261486427552,0.107564477968299,-14.7131738485444,5.30593144315909e-49,4.17172078108665e-47,"ENSG00000219481","NBPF1"
1077.88785039316,-1.23878252277532,0.120518212293609,-10.278799354884,8.78146891935042e-25,1.47368457242368e-23,"ENSG00000220205","VAMP2"
8.87509411703783,-1.63436646365328,0.286842969592489,-5.69777417231173,1.21381683780769e-08,5.02992196197372e-08,"ENSG00000220378",NA
1.34713181498357,-1.16221560113662,0.362311396392284,-3.20778096606783,0.00133763330550029,0.00268497377553355,"ENSG00000221643","SNORA77"
13.4231033875198,-1.85409760772579,0.316981432124223,-5.84923096378458,4.93850954240177e-09,2.14567608065003e-08,"ENSG00000222037","IGLC6"
4.24964927533921,-4.94705987851311,0.386756497235086,-12.7911487302205,1.83737783940261e-37,7.05006644625869e-36,"ENSG00000222375","RN7SKP127"
3.31669616719937,-1.76943160104674,0.230333856483,-7.68203002400272,1.56587124273247e-14,1.18978362982876e-13,"ENSG00000223254",NA
0.921614599335103,-1.43345103639231,0.416323823241435,-3.4431155662236,0.000575053522217071,0.00123307767811934,"ENSG00000223345",NA
4.91788264067189,-1.75702334041256,0.251916163376784,-6.97463519950732,3.06665508578713e-12,1.86911363480117e-11,"ENSG00000223382","LINC01778"
0.86793116150234,-1.13388465808975,0.391103229591778,-2.89919533334784,0.00374121739426777,0.00693565674128033,"ENSG00000223431","MTND6P21"
1.98771904372936,-2.66211606646454,0.342714875311837,-7.76772838950243,7.99061751125757e-15,6.23281135028038e-14,"ENSG00000223462",NA
508.010448615714,-1.11800938456715,0.146924496830547,-7.60941441818637,2.75340560244084e-14,2.04363291886183e-13,"ENSG00000223572","CKMT1B"
60.5286605405933,-2.90196634428771,0.283881458377577,-10.2224582079888,1.57300404702819e-24,2.59225403326587e-23,"ENSG00000223573","TINCR"
60.20068280563,-2.40604106821634,0.367338573004029,-6.54992762818282,5.75649737584338e-11,3.07559831307741e-10,"ENSG00000223648","IGHV3-64"
6.62396056472984,-1.03985667170785,0.240852952624765,-4.31739225272397,1.57883436557007e-05,4.38056179931245e-05,"ENSG00000223652",NA
2.41938927583773,-1.58316895483492,0.186990247230935,-8.46658570850325,2.5269090649209e-17,2.42673589903379e-16,"ENSG00000223695",NA
0.929518481204031,-1.6387683547194,0.352433575907808,-4.64986444750112,3.32153260782455e-06,1.01440117700397e-05,"ENSG00000223731","SUPT20HL1"
1.51060101904895,-3.45648978812601,0.388652253762209,-8.89352822392434,5.91986177058747e-19,6.38969470785447e-18,"ENSG00000223774",NA
4.33114467828046,-1.4135067119348,0.274405055386931,-5.15116862530706,2.58868299579968e-07,9.14855180986399e-07,"ENSG00000223802","CERS1"
0.322119633812149,-2.74613014991935,0.544494853035157,-5.04344556171963,4.57222890425665e-07,1.56772036637791e-06,"ENSG00000223816",NA
3.08318907549217,-1.37653218054127,0.467946507685885,-2.94164430748414,0.00326474687338638,0.00611933127150381,"ENSG00000223829",NA
1.39204954034328,-2.13945934570228,0.317139873413266,-6.74610645036848,1.51865219415745e-11,8.59779427312197e-11,"ENSG00000223839",NA
12.6039398224628,-2.59597672851944,0.368299633254188,-7.04854551600323,1.80797612910003e-12,1.12589732776057e-11,"ENSG00000223931",NA
58.5542088209992,-2.82703247431974,0.327332866208642,-8.63656774543926,5.79270550190645e-18,5.81190366471287e-17,"ENSG00000224041","IGKV3D-15"
19.7387379645531,-1.89877365251139,0.128237078128499,-14.8067445096397,1.32504124880957e-49,1.07931908671571e-47,"ENSG00000224080",NA
0.880950779328116,-2.46985170034776,0.383057170327349,-6.44773650428499,1.13532923928125e-10,5.90663102336216e-10,"ENSG00000224106",NA
6.8565246834343,-1.26740460461821,0.273584561884317,-4.63258816904342,3.61122457949418e-06,1.09755534709733e-05,"ENSG00000224137","LINC01857"
0.53111806419437,-1.54129667430274,0.638990041495213,-2.41208246484744,0.015861693476007,0.0259902202979901,"ENSG00000224163","LOC392787"
10.4657084403283,-1.3216027092539,0.242749380077805,-5.44430930711463,5.20067835997512e-08,2.00270914368954e-07,"ENSG00000224177","LINC00570"
0.532838015729938,-1.74851172544765,0.485303844934223,-3.60292164115172,0.00031466040736373,0.000707636212091326,"ENSG00000224185",NA
0.726973784575634,-2.50471830180892,0.81317048089233,-3.08018842378584,0.00206869675507132,0.00402072574808491,"ENSG00000224187",NA
448.940556797902,-2.13184627108775,0.228471406059302,-9.33091062841542,1.049651560985e-20,1.30348687226067e-19,"ENSG00000224189","HAGLR"
3.67593530847831,-1.40148075577612,0.294657970553657,-4.75629677738826,1.97176537590912e-06,6.20973651765873e-06,"ENSG00000224205",NA
4.34899817246974,-1.89478950409983,0.314375604655456,-6.02715184015773,1.66874215161977e-09,7.64515365864221e-09,"ENSG00000224220",NA
0.787096644395355,-3.86161124971674,0.592701672771728,-6.51526969994565,7.25591686865206e-11,3.84571596152558e-10,"ENSG00000224223","VSTM2A-OT1"
0.800662499493284,-1.99574297009922,0.337299258219185,-5.91683177910322,3.28202058879665e-09,1.45306132631811e-08,"ENSG00000224239",NA
607.099061765477,-1.87007659968948,0.170036871527438,-10.9980652013332,3.90418757844352e-28,8.22038881864282e-27,"ENSG00000224259","LINC01133"
247.437609953344,-1.07329417201319,0.192744435357505,-5.56848331326624,2.5696623220094e-08,1.0255975012384e-07,"ENSG00000224272","LOC124905349"
6.79741721540137,-1.5124319310335,0.233389664502656,-6.48028666674863,9.15485120241304e-11,4.80317363781624e-10,"ENSG00000224307",NA
1.40861497842276,-2.6973812308915,0.31808991659761,-8.47993315771697,2.25323351480393e-17,2.17281336703453e-16,"ENSG00000224318","CHL1-AS2"
20.4959683877701,-3.23729613503082,0.173933349212283,-18.6122796444272,2.55511265576072e-77,9.82364162760324e-75,"ENSG00000224321",NA
907.429096222388,-2.40564793644025,0.320783166948577,-7.49929604886619,6.41614683045353e-14,4.59455386832644e-13,"ENSG00000224373","IGHV4-59"
0.471109317491521,-3.19836063301661,0.687993124782214,-4.64882644580069,3.3382895228873e-06,1.01903308683166e-05,"ENSG00000224466",NA
101.823017590995,-1.08808703599728,0.208885656338126,-5.20900790926487,1.8985302141796e-07,6.82430732465998e-07,"ENSG00000224520","KRT8P45"
6.15901856337435,-3.38092486676657,0.388252702139373,-8.70805237964038,3.09140457764888e-18,3.16440979224884e-17,"ENSG00000224537",NA
0.832075986907408,-2.38593416779341,0.403297515211292,-5.91606463665761,3.29735673965965e-09,1.45934700782427e-08,"ENSG00000224565",NA
5.47093337098933,-4.14131975965032,0.430506198740074,-9.61965186975326,6.60543398604386e-22,8.98334348996916e-21,"ENSG00000224585",NA
18.527693710422,-2.42838240551638,0.4337007458335,-5.59921196549809,2.15328381947017e-08,8.6815544260874e-08,"ENSG00000224607",NA
31.2522424775817,-1.1212813855625,0.156452272333619,-7.16692297809184,7.67021556497107e-13,4.96534299461323e-12,"ENSG00000224616",NA
0.974960651176898,-1.76018795712812,0.248404878506333,-7.0859637206491,1.38079983652374e-12,8.69433529558277e-12,"ENSG00000224646","RPS28P5"
754.416741428376,-2.77890948731901,0.322563488298948,-8.61507761456111,6.98942309251606e-18,6.99069588028004e-17,"ENSG00000224650","IGHV3-74"
0.62488694817408,-1.44774382952014,0.42593886379641,-3.39894748419136,0.000676457037858015,0.00143348639886056,"ENSG00000224675","GALNT13-AS1"
2.6707177931447,-1.6196738486187,0.316451537083302,-5.11823662968127,3.0840551657158e-07,1.07950354111685e-06,"ENSG00000224689",NA
3.70658387220483,-1.29164813372647,0.296144964917912,-4.361540079145,1.29150131854797e-05,3.63634941004861e-05,"ENSG00000224713",NA
16.9791465931007,-4.5771341453811,0.321124529528724,-14.2534553560838,4.26638010402609e-46,2.87771080455248e-44,"ENSG00000224721","FLVCR2-AS1"
2.37261541534976,-1.169878338115,0.339320137150391,-3.44771267611652,0.000565355110927888,0.00121427117544105,"ENSG00000224747","MTCYBP21"
4.61586168962308,-1.57500104034638,0.196720843332429,-8.00627434117324,1.1823580352014e-15,9.90588785778782e-15,"ENSG00000224786",NA
8.51632953092122,-1.53256730140197,0.19202133354761,-7.9812345487226,1.44876867776529e-15,1.20538431841684e-14,"ENSG00000224812","TMEM72-AS1"
1.69409419520747,-2.16984600676104,0.408778488791569,-5.30812179764043,1.1076062304426e-07,4.0977806718463e-07,"ENSG00000224893","LINC02840"
10.9831721539184,-1.32316924949024,0.341491630860745,-3.87467548225159,0.000106766883283745,0.000259309309008853,"ENSG00000224940","PRRT4"
10.5975511471187,-4.58644535038394,0.472194100061085,-9.7130509461906,2.65275451108559e-22,3.69664562115649e-21,"ENSG00000224958","PGM5-AS1"
25.8406919236965,-1.83679337475077,0.245482163486694,-7.48239036458686,7.29827741387759e-14,5.19720080998984e-13,"ENSG00000224961",NA
6.91884904681191,-4.24817865158288,0.291317078249317,-14.5826625651764,3.62113534266536e-48,2.72449687905e-46,"ENSG00000224968","LINC01645"
7.82974251931503,-2.0132068885722,0.221292848278884,-9.09747831540883,9.24534118094202e-20,1.06647354450548e-18,"ENSG00000224984",NA
6.68538805883322,-1.76122542980329,0.255189642014766,-6.90163368661091,5.14078597717991e-12,3.0571971920284e-11,"ENSG00000225111",NA
9.25437819073511,-2.44348154488541,0.18688024559184,-13.0751195084693,4.56845396474799e-39,1.98620031088632e-37,"ENSG00000225194","LINC00092"
3.30695502939661,-1.58662306911476,0.225004861941899,-7.05150571157195,1.76991961361438e-12,1.10413920792848e-11,"ENSG00000225279",NA
1.00322088370483,-1.56563108331318,0.407612952169574,-3.84097481441622,0.00012254668870625,0.000294545670210628,"ENSG00000225330",NA
61.0226867224432,-2.44139182269685,0.121039211357326,-20.1702555338822,1.78712966810179e-90,9.54302421520967e-88,"ENSG00000225335",NA
4.07945307727821,-1.21562604871003,0.275808434190912,-4.40750135968861,1.04569944560479e-05,2.98825677011798e-05,"ENSG00000225342","LINC01779"
1.36599293686871,-3.28866306162162,0.407745050347378,-8.06548861554506,7.29435338469869e-16,6.23629096245298e-15,"ENSG00000225380",NA
7.41084645327573,-2.44617533363527,0.286057006579337,-8.55135611914063,1.21650653007088e-17,1.20048836143827e-16,"ENSG00000225383","SFTA1P"
1.65009734067805,-2.23968515867068,0.273784329506206,-8.18047242773225,2.82733181745011e-16,2.50408722380798e-15,"ENSG00000225385",NA
2.13009591846068,-3.89534169616351,0.343009632232394,-11.3563624170308,6.89564838990784e-30,1.61067432349202e-28,"ENSG00000225398",NA
3.90602301728367,-1.37289519562481,0.232227920296407,-5.91184382081404,3.38299231796819e-09,1.49466680819264e-08,"ENSG00000225465",NA
1.22199631881438,-1.80779528662397,0.301053377715433,-6.00489953091562,1.91450418272912e-09,8.70572942795819e-09,"ENSG00000225472","NFIB-AS1"
46.0612272699178,-3.26488986572574,0.428161184742421,-7.62537563438842,2.43324796692088e-14,1.81476400745309e-13,"ENSG00000225523","IGKV6D-21"
1.44750396259666,-1.21871970446783,0.436599450092806,-2.79139083709054,0.00524820574008393,0.0094673563594523,"ENSG00000225544",NA
1.26227331094246,-1.20942227836743,0.302785138435015,-3.99432510003129,6.48787925865688e-05,0.000163309868965288,"ENSG00000225606",NA
2.08914714446261,-1.05597918893071,0.236676501691154,-4.46169848457828,8.13125825849388e-06,2.35977118255068e-05,"ENSG00000225611","CCDC13-AS2"
7.92821345007322,-2.12535522237542,0.336443954574784,-6.31711520886608,2.66490919046793e-10,1.33565067977995e-09,"ENSG00000225670",NA
304.214614103638,-3.10584977799125,0.339710766778206,-9.14262979488969,6.09517513152129e-20,7.13584647629717e-19,"ENSG00000225698","IGHV3-72"
7.80580356518142,-3.35688321767113,0.316907156151719,-10.5926393661619,3.22371801009552e-26,5.95018177312254e-25,"ENSG00000225731","PDE9A-AS1"
25.7995073117055,-1.21960176905159,0.198149269476629,-6.15496475093207,7.50941958229424e-10,3.57984692722215e-09,"ENSG00000225762",NA
0.433085931545507,-3.25231162216464,0.41991314772207,-7.74520073926636,9.54309593424716e-15,7.39575507728282e-14,"ENSG00000225802","WARS1P1"
4.52311912709332,-1.12222181377331,0.267927219205515,-4.18853230777011,2.80764344965348e-05,7.49673364183815e-05,"ENSG00000225873",NA
1.41124263249007,-1.32836843169139,0.255334362405349,-5.20246636284142,1.96660962719323e-07,7.05780270108261e-07,"ENSG00000225905",NA
5.03207611551962,-2.26553259640014,0.270795596279663,-8.36620915378707,5.95015394241635e-17,5.54180156550585e-16,"ENSG00000225914","HCG23"
289.706458643218,-1.34003619777898,0.214222939827255,-6.25533474080581,3.96664179193621e-10,1.94895178242264e-09,"ENSG00000225969",NA
0.69569904258983,-1.89224486178268,0.511932830913996,-3.69627565867244,0.000218785413908352,0.000503902402715773,"ENSG00000226005","LINC02660"
1.41850496020542,-1.55156292538031,0.552443328420492,-2.80854676952372,0.00497656532646966,0.00901838268791379,"ENSG00000226031","FGF13-AS1"
9.81293029304281,-3.91341575785225,0.251436975592553,-15.5642015205983,1.27450692159445e-54,1.40403918666309e-52,"ENSG00000226087","LOC124907763"
0.448464055375521,-2.85017901157198,0.570375811100705,-4.99701943192812,5.82232035693505e-07,1.96722691592479e-06,"ENSG00000226094","RPL7P3"
2.45473243844102,-1.10292984507538,0.21020908432541,-5.24682293638659,1.54744488632471e-07,5.62171534957253e-07,"ENSG00000226125","LINC01907"
8.60862772737919,-2.3091132448429,0.307527993104924,-7.5086278212568,5.97503288216019e-14,4.2874596719002e-13,"ENSG00000226237","GAS1RR"
16.7032809525376,-1.08764673355022,0.223096700801718,-4.8752255396053,1.08684208592291e-06,3.54748430915001e-06,"ENSG00000226281",NA
29.1914274513104,-3.332213599237,0.452602785945846,-7.36233559029772,1.80719941862963e-13,1.23919022735961e-12,"ENSG00000226306",NA
7.78306036023882,-1.68035569134068,0.233777454946552,-7.18784320637273,6.58227873761521e-13,4.28930289195071e-12,"ENSG00000226329",NA
3.2070447983559,-1.13827522641037,0.26752725421835,-4.25480099115934,2.09235026858854e-05,5.7052901259875e-05,"ENSG00000226334",NA
0.534950379044488,-1.76751850679364,0.506453846721488,-3.48998930156344,0.000483039884326163,0.00105024229105287,"ENSG00000226397","LINC02909"
1.56237032353311,-1.2934120848742,0.23688407352741,-5.46010572012785,4.75851140268551e-08,1.84091857415023e-07,"ENSG00000226413","OR8T1P"
0.625885263336427,-1.32757245409868,0.548158655617715,-2.42187629529019,0.0154406057210952,0.0253672749405584,"ENSG00000226426",NA
0.715370224901216,-2.27329721467419,0.396075837860255,-5.73955035216326,9.49282565692319e-09,3.98700751618665e-08,"ENSG00000226431",NA
20.393102208753,-1.81539754456587,0.221560435854684,-8.19369007631194,2.53336879966664e-16,2.25047204807725e-15,"ENSG00000226519",NA
3.21599960312867,-1.99923744808725,0.389402518959153,-5.13411534530152,2.83474212910964e-07,9.96774562263382e-07,"ENSG00000226530",NA
52.7246983702816,-1.33947345908543,0.205883798209955,-6.50596827303268,7.71945186645121e-11,4.08014525583516e-10,"ENSG00000226564",NA
2.37849085812452,-1.72033816660981,0.327022084702353,-5.26061769857415,1.43572266855543e-07,5.24109660443892e-07,"ENSG00000226571","LOC102723690"
5.93529628446649,-4.87257660582573,0.40687809474119,-11.9755196182904,4.77436900486e-33,1.37087501964042e-31,"ENSG00000226629","LINC00974"
12.4474967298642,-1.4656107660815,0.199898413098343,-7.33177789340662,2.27119285119675e-13,1.54413000088349e-12,"ENSG00000226652",NA
4.90297673393713,-1.54051545503326,0.247184350192826,-6.23225319010494,4.59773571410766e-10,2.23985231880762e-09,"ENSG00000226660","TRBV2"
2.59483968727236,-2.49741190424573,0.416736877888617,-5.99277874542513,2.06285426809941e-09,9.34164405719884e-09,"ENSG00000226741","LINC02554"
2.83791112050858,-1.50274695382118,0.368679854376673,-4.07602133933212,4.58128164811622e-05,0.000118275943812197,"ENSG00000226762",NA
0.534192142267347,-1.16177597400106,0.513815572747183,-2.26107583269513,0.0237545616217552,0.0375824711193622,"ENSG00000226774",NA
78.4055780333352,-2.10636682621848,0.297637013724365,-7.0769653271993,1.4734537993218e-12,9.25349203242819e-12,"ENSG00000226777","FAM30A"
4.13958414831264,-1.05403893484839,0.240358168621558,-4.38528443153504,1.1583432088165e-05,3.2874305270073e-05,"ENSG00000226816",NA
2.81077290009574,-1.25782035277862,0.305706547235596,-4.11446978860176,3.88070378151741e-05,0.000101359659163043,"ENSG00000226953","NCKAP5-AS2"
1.86347945434878,-2.22291553859017,0.276943525972615,-8.0266022857309,1.00209286511933e-15,8.44900534764102e-15,"ENSG00000226981",NA
226.916075769692,-1.97306371481049,0.215323611261808,-9.16324829984147,5.03581678693999e-20,5.94814279592878e-19,"ENSG00000227051","C14orf132"
0.34713195100022,-2.07876723696231,0.735013665837593,-2.82820215947063,0.00468102361696512,0.00852585928935759,"ENSG00000227061",NA
20.7229220037608,-1.09348455312357,0.159644345387209,-6.84950381719678,7.41065719702186e-12,4.33730457077028e-11,"ENSG00000227070","EPS15-AS1"
4.60709633206183,-1.86873567811729,0.286217383178605,-6.52907820399982,6.61756939159275e-11,3.52000125067192e-10,"ENSG00000227082","LINC02798"
1.15065347971239,-1.5260808867435,0.304796660058935,-5.00688192071534,5.53188387290323e-07,1.8740359437969e-06,"ENSG00000227117","HORMAD2-AS1"
26.1289854811273,-1.97740724132263,0.233497968401543,-8.46862717846911,2.48302030784068e-17,2.38840835065175e-16,"ENSG00000227191","TRGC2"
10.4580752522123,-3.28387668592631,0.278517133043067,-11.7905733483855,4.36558847247831e-32,1.1819984507139e-30,"ENSG00000227243",NA
146.547177972843,-1.19816031563275,0.242354610728115,-4.94383132234652,7.66019887351516e-07,2.55165193285425e-06,"ENSG00000227258","SMIM2-AS1"
2.64743809724692,-1.74476878301346,0.195286838743612,-8.9343900195145,4.09430678335983e-19,4.48089419014618e-18,"ENSG00000227295",NA
126.528295065693,-1.60182112394534,0.171650567586476,-9.33187199126718,1.04017256341417e-20,1.29296846251486e-19,"ENSG00000227372",NA
7.06846703599491,-1.35674403948319,0.182907759967646,-7.41764067157772,1.19225031567294e-13,8.31008844936138e-13,"ENSG00000227375","DLG1-AS1"
4.23829428087735,-2.33828337389143,0.239556434801788,-9.76088734926349,1.65698990332212e-22,2.34559244525131e-21,"ENSG00000227467","LINC01537"
17.5690308357848,-1.05840286976975,0.368797841133698,-2.86987273709677,0.00410637033625481,0.00755857176831213,"ENSG00000227471","AKR1B15"
3.06874494492265,-2.15451643854154,0.328284636296522,-6.56295239048433,5.27526946961994e-11,2.82752384355887e-10,"ENSG00000227487",NA
46.418861036414,-1.11432807929775,0.171634204210129,-6.49245926489973,8.44463567738477e-11,4.44693751388046e-10,"ENSG00000227502","MROCKI"
245.985786395251,-1.05323346042904,0.185378729827371,-5.68152269362206,1.33500796415477e-08,5.50837638955339e-08,"ENSG00000227507","LTB"
2.5429709374641,-2.40917141282934,0.237180504001474,-10.1575440315885,3.06704926415999e-24,4.94004369749305e-23,"ENSG00000227508","LINC01624"
0.960141181372726,-1.25001402421817,0.503981554365551,-2.4802773303713,0.0131280230973551,0.0218849717740108,"ENSG00000227531",NA
4.25003594451967,-1.37129207100499,0.241803966749927,-5.6710900546275,1.41891783035978e-08,5.83830627395575e-08,"ENSG00000227544","LINC03013"
7.87520100735683,-1.42984500455361,0.233107796997039,-6.13383603197011,8.57849369679283e-10,4.06880517099178e-09,"ENSG00000227907",NA
5.94542314498216,-1.54774894684403,0.152536273954844,-10.1467598933368,3.42547699525402e-24,5.49433934236676e-23,"ENSG00000227908","IL6ST-DT"
18.9432635734213,-1.05866038046522,0.147289324177003,-7.18762467260006,6.59281940282787e-13,4.2954436126169e-12,"ENSG00000227959",NA
3.81984998236598,-1.19724864153453,0.29318059037929,-4.08365587907997,4.43326670675234e-05,0.000114677928462967,"ENSG00000227999","MTND5P1"
2.91630980474302,-2.11011364182815,0.216387306529607,-9.75155925580798,1.81656365706034e-22,2.56487047091439e-21,"ENSG00000228013","IL6R-AS1"
3.99073237901808,-1.52414752576858,0.26345870306866,-5.78514775946259,7.24486194799257e-09,3.0880621653489e-08,"ENSG00000228063","LYPLAL1-DT"
16.4152077242988,-1.3327048885639,0.291086161447393,-4.57838628238862,4.68576787299201e-06,1.40262937879885e-05,"ENSG00000228113",NA
21.0758278964236,-1.26995289945106,0.240803617676792,-5.27381154694941,1.33619118477819e-07,4.89588701812324e-07,"ENSG00000228146",NA
1.54420748887857,-3.00991781042186,0.375702385382942,-8.01144184206855,1.1337134493605e-15,9.51285049924995e-15,"ENSG00000228216",NA
16.4553351388419,-1.05427372608717,0.390964691989658,-2.69659574812719,0.00700522551536781,0.0123455218825333,"ENSG00000228217",NA
2.2099116467848,-3.29350548715634,0.321545673346601,-10.2427299141612,1.2758468009303e-24,2.11433111876583e-23,"ENSG00000228222",NA
12.4899578461122,-2.56418279976952,0.202645360883182,-12.6535479943589,1.06934354090758e-36,3.88592165569695e-35,"ENSG00000228307","OR2S1P"
10.9742826807109,-2.58333650688893,0.349188189063547,-7.39812109286089,1.38124869377308e-13,9.56155357030854e-13,"ENSG00000228314",NA
4.23480925669921,-3.53337348711334,0.443175788291098,-7.97284865389004,1.55058020297187e-15,1.28730634989547e-14,"ENSG00000228325","IGKV3D-7"
3.33581291451341,-1.64658690266708,0.180627024571191,-9.11594987835339,7.79842962135396e-20,9.0445316335504e-19,"ENSG00000228401","LNCEGFL7OS"
5.17758288681097,-2.14503155771438,0.283249510939706,-7.57294002237829,3.64870790412156e-14,2.67662417076439e-13,"ENSG00000228495","LINC01013"
5.83143386247701,-1.90693232250306,0.283712446152177,-6.72135589525818,1.80041240210351e-11,1.0106651427022e-10,"ENSG00000228549","LINC03126"
3.02461448652568,-1.09204857318703,0.330228499541986,-3.30694829398934,0.00094318299737246,0.00194844751490941,"ENSG00000228668","TRGV5P"
139.599731259929,-1.11517624645537,0.111228485720445,-10.0259950428363,1.17173331425998e-23,1.80994900495594e-22,"ENSG00000228672","PROB1"
2.50619339247555,-2.29263660562891,0.288937703349819,-7.93470903606234,2.10989376842158e-15,1.73035592394421e-14,"ENSG00000228778",NA
3.37990236105011,-1.0686013779508,0.291246205002049,-3.66906541475205,0.000243438788608121,0.000556748028410946,"ENSG00000228791",NA
1.08165730892679,-2.09980515692767,0.589799182347826,-3.56020357398417,0.000370567406482169,0.000822491922238768,"ENSG00000229019",NA
0.392390010044759,-2.11888946749631,0.647242450692071,-3.27371831873924,0.00106142361343866,0.00217020600222699,"ENSG00000229028","KRT223P"
0.442747650005978,-1.45844476924925,0.616715794027145,-2.36485717306773,0.0180370254987135,0.0292199653291077,"ENSG00000229051","LINC01788"
12.6067496163852,-1.3028839754146,0.229569639718304,-5.67533223039996,1.38419745388916e-08,5.70460279876479e-08,"ENSG00000229056","HECW2-AS1"
10.9379350479984,-1.45869701852609,0.366175771343956,-3.98359785840639,6.78797009602822e-05,0.000170361698728375,"ENSG00000229092",NA
0.923143734050228,-1.50978853147998,0.404434187638976,-3.73308829378122,0.000189146252616452,0.000440653576582727,"ENSG00000229116",NA
44.7903304317498,-2.04173480268595,0.143868926801694,-14.1916315640571,1.03228741684751e-45,6.78433407103185e-44,"ENSG00000229155",NA
0.461302460176325,-2.13470871793705,0.438486179349823,-4.86836032347096,1.12528014878026e-06,3.66703219869086e-06,"ENSG00000229156",NA
1.59366718465843,-1.08033448643484,0.412587267116092,-2.61843874627101,0.00883331488492105,0.0152300308256227,"ENSG00000229205","LINC00200"
4.01897350982065,-2.44356185029849,0.278672515731818,-8.76857857288684,1.80935890802309e-18,1.88215427318083e-17,"ENSG00000229228","LINC00582"
14.6636206355588,-1.95396954539024,0.269012794141003,-7.26348184155904,3.7725110170554e-13,2.51633815185165e-12,"ENSG00000229261","LOC101928994"
2.71387551573835,-3.28406038361857,0.373147285560434,-8.80097621154125,1.35631101498876e-18,1.42553552742681e-17,"ENSG00000229274","LINC02829"
1.27068940793025,-1.19467294967812,0.308123521631191,-3.87725332799516,0.000105642345782318,0.00025675651231385,"ENSG00000229356","LRRC3-DT"
2.81145584015392,-1.15863448972969,0.177213304382579,-6.53807846858021,6.23142305562854e-11,3.32103579456266e-10,"ENSG00000229368",NA
2.17152717354657,-1.92018015392214,0.234854985188674,-8.17602467488412,2.93361943023929e-16,2.59404016178496e-15,"ENSG00000229407",NA
34.7719200460411,-1.02690769390735,0.231227236822795,-4.44111908275899,8.9492250810528e-06,2.58369645333962e-05,"ENSG00000229419","RALGAPA1P1"
141.339645078073,-2.63351833150649,0.201999805180246,-13.0372320367169,7.51355807103598e-39,3.22403757987858e-37,"ENSG00000229619","MBNL1-AS1"
6.0029733866793,-1.316907665606,0.399972631847937,-3.29249443773609,0.000993028620883349,0.00204253003354923,"ENSG00000229676","ZNF492"
4.83849640363098,-2.22896477876821,0.361888933240205,-6.15925101331773,7.30897973061392e-10,3.49078687829706e-09,"ENSG00000229694","LINC00484"
1.13044177461028,-1.82678523046717,0.484582294851017,-3.76981422944644,0.000163369103573823,0.000384868377763649,"ENSG00000229703",NA
0.825863781501739,-1.33050436671101,0.556896626079023,-2.38914064909815,0.0168878357765611,0.0275168088702087,"ENSG00000229743","LINC01159"
34.6264294252984,-1.47016976255539,0.283644922954568,-5.18313441764254,2.18187672150196e-07,7.78589822321544e-07,"ENSG00000229754",NA
1.71189671440825,-1.60636005007868,0.350727009149095,-4.58008652933773,4.64783598671404e-06,1.39181673168623e-05,"ENSG00000229769","TRBV10-2"
2.81268050161006,-1.23866348056661,0.30511530183894,-4.05965703162425,4.91448479821157e-05,0.000126267840842582,"ENSG00000229961",NA
82.526513154438,-1.53765402117848,0.305946301583909,-5.02589511040963,5.01089728298925e-07,1.70792524680042e-06,"ENSG00000230006",NA
1.09203929516515,-1.39081102904488,0.364269783688062,-3.8180795973895,0.000134494535561164,0.000321274396316874,"ENSG00000230138",NA
8.77663865993553,-1.4566051793277,0.208693907773419,-6.97962482407082,2.959693656845e-12,1.80563855957981e-11,"ENSG00000230204",NA
0.574306966110607,-2.77440744444724,0.456802733424019,-6.07353512018492,1.25124618202801e-09,5.82776737314756e-09,"ENSG00000230393",NA
6.33822280120914,-2.46238114497365,0.314163786893733,-7.8378898132093,4.5818078962746e-15,3.6509174754004e-14,"ENSG00000230417","LINC00595"
6.00263747046767,-2.27756747025671,0.360747290102307,-6.31347076678192,2.72845884903566e-10,1.36661096103275e-09,"ENSG00000230481",NA
132.863622521801,-1.09364460808728,0.131078163641767,-8.3434538423668,7.21516114758222e-17,6.67471849473276e-16,"ENSG00000230487","PSMG3-AS1"
18.2941006883145,-1.04377157941418,0.213877365373969,-4.88023394896942,1.05960069149644e-06,3.46297754045932e-06,"ENSG00000230490",NA
3.91954726583997,-1.70415530086001,0.343982608428807,-4.95419029655017,7.26320987986372e-07,2.4274046440466e-06,"ENSG00000230519","HMGB1P49"
0.559292737016759,-2.1142237524928,0.567783742645954,-3.7236426366141,0.00019636883413526,0.000455932880367071,"ENSG00000230525",NA
1.03144494066565,-1.61572502471669,0.501377084690485,-3.2225745333258,0.00127044108131086,0.00255972373195466,"ENSG00000230635","CYP4F60P"
0.516980211323105,-1.37174880822364,0.453612373581531,-3.0240550922209,0.00249411015700024,0.00478235764830624,"ENSG00000230646","KLF2P2"
2.63584798228606,-2.64529277544054,0.300547486905818,-8.80158008531108,1.34903121879233e-18,1.41904796905359e-17,"ENSG00000230709","LOC284191"
0.540791072419989,-3.48417203214324,0.846424778912178,-4.11633983189987,3.84936615054145e-05,0.000100643713287907,"ENSG00000230746","LOC105375553"
4.36954047380698,-2.64342660656665,0.353235931880138,-7.48345898022524,7.23915052731274e-14,5.15891789293036e-13,"ENSG00000230798","FOXD3-AS1"
0.986203788834836,-1.03464715356271,0.420314451079524,-2.46160261895672,0.0138317822685979,0.0229566385875581,"ENSG00000230852","LINC02857"
2.69893154930463,-2.6121596029364,0.372588437012234,-7.0108445229357,2.36883859698378e-12,1.45672964712468e-11,"ENSG00000230910",NA
17.3803515451692,-1.66680880518149,0.203732561810062,-8.18135692386495,2.80665211460668e-16,2.48749086791801e-15,"ENSG00000230943","LINC02541"
0.624521591872745,-1.44099345965234,0.581219720844571,-2.47925768512883,0.0131656152554922,0.0219412447219962,"ENSG00000230965",NA
0.399328165657729,-2.65270748856265,0.56704872274383,-4.67809446025512,2.89553160149454e-06,8.9009757322028e-06,"ENSG00000231165","TRBV26OR9-2"
8.52977911370549,-1.31028619708425,0.219891319834665,-5.95878999711971,2.54112392004019e-09,1.13974574133097e-08,"ENSG00000231170",NA
36.8294450327473,-2.50712433898539,0.22294972332228,-11.24524534781,2.44416149578754e-29,5.50501915808691e-28,"ENSG00000231246","LINC02884"
1.38381000328722,-1.5565089749454,0.332457264442587,-4.68183174627003,2.8432280785423e-06,8.7513881943572e-06,"ENSG00000231271",NA
66.3667137441464,-2.8987465109447,0.318812734727167,-9.09231719813634,9.69503712765033e-20,1.11466833865662e-18,"ENSG00000231292",NA
22.7957183509542,-1.20920767296746,0.300594752516765,-4.02271717268258,5.75305653733029e-05,0.000146085307899569,"ENSG00000231298","MANCR"
4.99912639670568,-1.46983236544819,0.215733948020634,-6.81317140363836,9.54702765132943e-12,5.53042899066841e-11,"ENSG00000231346",NA
4.68986792764004,-2.17897684877338,0.283120754138396,-7.69628088694707,1.4008369339019e-14,1.06967184901145e-13,"ENSG00000231367","LINC02613"
18.385842277611,-1.06934956996166,0.184020766659996,-5.8110265997176,6.20908959168527e-09,2.66697427696932e-08,"ENSG00000231407",NA
36.8797157317753,-2.6772904258305,0.345604761349639,-7.74668270013201,9.43242624428265e-15,7.31146152850675e-14,"ENSG00000231412","LINC03078"
4.09591761209111,-1.24424477193049,0.335620422109372,-3.7072975598756,0.000209482752917062,0.000483838964399994,"ENSG00000231419","LINC00689"
7.96498833520786,-1.75283410151446,0.263389403263612,-6.65491504136234,2.83463746321634e-11,1.56270872595754e-10,"ENSG00000231424",NA
324.781956693488,-1.86018756521584,0.336326550609164,-5.53089716481382,3.18597069050446e-08,1.25670478237227e-07,"ENSG00000231475","IGHV4-30-2"
2.13936633844212,-1.09283553736802,0.321760258933787,-3.39642795225657,0.000682715277537097,0.00144547355446163,"ENSG00000231652","CD109-AS1"
6.45086911439262,-1.48768850324834,0.325744570809476,-4.56704005703437,4.94659510796151e-06,1.4767956368675e-05,"ENSG00000231672","DIRC3"
1.00124899765755,-2.00251312855466,0.220146953690037,-9.09625636416557,9.34991224252894e-20,1.07788928332387e-18,"ENSG00000231680","LINC02723"
3.35651905133193,-2.27012993594411,0.327631870634131,-6.9289044791347,4.2411203590843e-12,2.54619541607924e-11,"ENSG00000231713",NA
2.8866313398006,-2.20716524299423,0.704721525373809,-3.13196796681281,0.00173638819323814,0.00341915067172479,"ENSG00000231758",NA
3.91886280134992,-2.25599358960718,0.297693975084791,-7.57823059389971,3.50299393120477e-14,2.57464361829535e-13,"ENSG00000231768","LINC01354"
0.863546769148998,-2.64410293044321,0.372075103362398,-7.10636886625516,1.19135745392987e-12,7.54598353068232e-12,"ENSG00000231943","PGM5P4-AS1"
2.42011820341215,-1.07406153307303,0.189661546837933,-5.66304319974157,1.48711701290788e-08,6.10259235727069e-08,"ENSG00000231967",NA
3.60519172607459,-1.87740958609638,0.360965760284281,-5.20107387641925,1.98140317544784e-07,7.10956676495035e-07,"ENSG00000232046","LINC01798"
10.6009750484417,-1.28368823187069,0.212506933910657,-6.040688688353,1.53457808841032e-09,7.06078551521202e-09,"ENSG00000232063",NA
30.6569500746236,-2.78587343729186,0.189285190500583,-14.7178626596426,4.95061245116793e-49,3.90033190389454e-47,"ENSG00000232070","TMEM253"
2.59913758364486,-1.38745406161227,0.590628790017027,-2.34911349575809,0.0188181697880689,0.0303852074184992,"ENSG00000232079","LINC01697"
1.31503123475586,-3.71966318701822,0.402097902713402,-9.25064060746776,2.23151188965264e-20,2.71074052516509e-19,"ENSG00000232175",NA
45.5117885830259,-1.12610823011381,0.151785762099461,-7.41906364956615,1.17951222364825e-13,8.22577661211758e-13,"ENSG00000232187",NA
100.021247664497,-1.83960201256444,0.355838346918846,-5.16976888099133,2.34383681292103e-07,8.32918882950132e-07,"ENSG00000232216","IGHV3-43"
35.8242520185281,-1.23084301662893,0.223704232007315,-5.50209982879841,3.7529433969335e-08,1.4669521632971e-07,"ENSG00000232229","LINC00865"
1.11987812724015,-1.452482048146,0.335422031769882,-4.33031199674588,1.48898224007561e-05,4.1513343135741e-05,"ENSG00000232234",NA
28.3555186275223,-1.37652270874264,0.184444737262496,-7.46306307879967,8.45338515548769e-14,5.97989510713956e-13,"ENSG00000232284","GNG12-AS1"
6.63059133741389,-1.03155511888724,0.295067078399851,-3.49600207682051,0.000472285024037976,0.00102831251099717,"ENSG00000232400","RAD17P1"
1.56100348821141,-1.91366082455628,0.294825731538392,-6.49082023665592,8.53702944075857e-11,4.49374549437082e-10,"ENSG00000232520","GCSIR"
0.409242931591491,-2.24925424596183,0.719032222541089,-3.12816891294923,0.00175899061481698,0.00346029022553563,"ENSG00000232594",NA
13.8422590172485,-1.15741858266092,0.196141406703328,-5.90093954211088,3.61437344763597e-09,1.5917733784795e-08,"ENSG00000232613","LINC02576"
2.27619593284518,-1.42759459593839,0.247257462097091,-5.7737169338809,7.75416613894263e-09,3.29128312589895e-08,"ENSG00000232628","LOC101927143"
6.47696622083254,-1.83160548563576,0.259441332744307,-7.05980603114194,1.66735182584384e-12,1.04150569696537e-11,"ENSG00000232680",NA
0.504636945123796,-1.55754346776343,0.473179217294207,-3.29165654542052,0.000995991667509309,0.00204818633080501,"ENSG00000232715",NA
1.75246843282387,-1.88335223348181,0.499609578834234,-3.76964796767176,0.000163477966677793,0.000385070788990443,"ENSG00000232747",NA
20.9115954631604,-1.69678739683841,0.258236449444788,-6.57067350672814,5.00881800793102e-11,2.6925898483071e-10,"ENSG00000232756",NA
0.718020592218802,-2.44222941374129,0.410893688806673,-5.94370144947729,2.78656922563268e-09,1.24344506752437e-08,"ENSG00000232780","GAPDHP74"
13.4411353161647,-1.49760491077176,0.202173807373468,-7.40751203248245,1.28690811904374e-13,8.93261535527613e-13,"ENSG00000232806",NA
9.72511796490369,-1.90441136265972,0.263496652471103,-7.22745941855398,4.92113124645037e-13,3.24700073849798e-12,"ENSG00000232855",NA
9.14299141195042,-1.15298273462982,0.238172637013835,-4.84095381016773,1.29217407662269e-06,4.17902226816224e-06,"ENSG00000232869","TRBV29-1"
7.79944384601126,-1.68446973121095,0.193695430371867,-8.69648668518927,3.42317811731754e-18,3.49008032555045e-17,"ENSG00000232871",NA
9.98669658488295,-1.15682497329149,0.228801437298221,-5.05602144353526,4.28093219928502e-07,1.47256867017904e-06,"ENSG00000232884",NA
15.2650648350441,-1.44352140511108,0.210979414195844,-6.84200120003707,7.80944343938141e-12,4.56237155316665e-11,"ENSG00000232973","CYP1B1-AS1"
8022.2206113483,-1.6391866457039,0.252814167871768,-6.48376101506828,8.94638942754214e-11,4.69700715991687e-10,"ENSG00000233041","PHGR1"
1.31547254711638,-1.37860539852994,0.463366247863153,-2.97519598133761,0.00292801419587184,0.00553866478665116,"ENSG00000233070","ZFY-AS1"
8.65701521689528,-1.44772437634789,0.202623818155738,-7.14488745461879,9.00696550194139e-13,5.78404547608386e-12,"ENSG00000233093","LINC00892"
43.8386470073652,-1.67799731449309,0.26802295892396,-6.26064767447458,3.83381822989669e-10,1.88900178757962e-09,"ENSG00000233117",NA
6.56372664857507,-1.74759645333793,0.25393891628335,-6.88195601885584,5.90362424172532e-12,3.48980075678988e-11,"ENSG00000233214",NA
10.3392189262403,-3.31357310543098,0.510785568261261,-6.48720972424994,8.74405846407018e-11,4.5976862112706e-10,"ENSG00000233215","LINC01687"
30.4707368392389,-1.11596597750831,0.251399951267384,-4.43900633982776,9.03751547531674e-06,2.60722861468825e-05,"ENSG00000233217",NA
0.653923298135709,-1.3600261624354,0.378929846198703,-3.58912388685854,0.00033179114813027,0.000743161915069298,"ENSG00000233261",NA
2.32132580296775,-1.95885131216893,0.274459087800326,-7.13713409116199,9.52968730176629e-13,6.09934888781436e-12,"ENSG00000233306","TRGV2"
1.52572779699481,-2.91242368751558,0.352803956505399,-8.25507660504653,1.51804840797919e-16,1.37198888438119e-15,"ENSG00000233308","OSTN-AS1"
1.92316957931632,-2.13759375589348,0.342765744478242,-6.23631092175598,4.48010228106227e-10,2.18559183352368e-09,"ENSG00000233421","LINC01783"
35.7958805465456,-1.77415798674724,0.120772908279342,-14.6900328229547,7.46776175224836e-49,5.83563081481082e-47,"ENSG00000233554",NA
49.1007005724379,-1.32194044002522,0.218270040779565,-6.05644473837925,1.3916291748895e-09,6.43850383718128e-09,"ENSG00000233608","TWIST2"
0.771330264026467,-1.32456360437616,0.441309860310033,-3.00143668542919,0.00268708912703674,0.00511843617058965,"ENSG00000233633","LOC105373352"
1.52220681822084,-1.81939443968392,0.493652531770861,-3.68557704577606,0.000228185036651417,0.000524075872409619,"ENSG00000233639","PANTR1"
23.6018120823806,-4.08123793186067,0.340844898543974,-11.9738859208249,4.86934509443904e-33,1.39606048356374e-31,"ENSG00000233670","PIRT"
3.77672270044066,-2.88886966704923,0.412812730391305,-6.99801496991352,2.59614358207044e-12,1.59142111447484e-11,"ENSG00000233732",NA
3.91887273255079,-3.12461793794606,0.297687955852581,-10.496286048917,8.98457980182125e-26,1.60889678453946e-24,"ENSG00000233760","LINC03095"
0.684572431990378,-1.09914343384083,0.418332426066796,-2.62744020150456,0.0086029961181221,0.0148683769168236,"ENSG00000233776",NA
0.840332548071853,-1.08093230701009,0.47362527626984,-2.28225215411487,0.0224744575565317,0.0357395652759224,"ENSG00000233858",NA
7.19142968438997,-1.53454848328022,0.262636274134492,-5.8428657211852,5.13103766329571e-09,2.22429817387225e-08,"ENSG00000233968","LOC101928834"
17.6034331172439,-3.29862481247551,0.347349114578733,-9.49656893893654,2.16919831867121e-21,2.83767158074011e-20,"ENSG00000233999",NA
12.254697688652,-1.16723156110417,0.198853539472687,-5.86980530595226,4.3630719841344e-09,1.90405253773003e-08,"ENSG00000234093","RPS15AP11"
0.488527932065481,-1.35880597679204,0.632198177213502,-2.14933548651019,0.03160781541705,0.0485934772608493,"ENSG00000234143","UGT1A13P"
5.38006150738184,-1.68684998025172,0.147951966458788,-11.401335315956,4.11754541939826e-30,9.76602521527483e-29,"ENSG00000234175",NA
3.91531198711431,-2.29162193267322,0.312657406479886,-7.32949831086327,2.31015891522152e-13,1.57034440971573e-12,"ENSG00000234184","LINC01781"
3.05936487652764,-2.05030471871656,0.388635425604226,-5.27565060629478,1.32285916920624e-07,4.8516614021246e-07,"ENSG00000234323","LINC01505"
1.52570993023253,-2.64662519427776,0.322349676776055,-8.21041677704688,2.20422041069456e-16,1.96671297586386e-15,"ENSG00000234336",NA
12.3519715294093,-1.2267163194921,0.17884021169496,-6.85928689004495,6.92051334276937e-12,4.06156276124949e-11,"ENSG00000234393",NA
0.90694374944919,-2.01023650443803,0.326532047446862,-6.15632223592133,7.44536582324135e-10,3.55107281734475e-09,"ENSG00000234438","KBTBD13"
2.45827325416175,-2.60025280641245,0.390430597289862,-6.65996165377883,2.73899038245765e-11,1.51258206311906e-10,"ENSG00000234460",NA
6.66033067023319,-1.35315563847482,0.346153833210933,-3.90911643509161,9.26343106225414e-05,0.000227427288665699,"ENSG00000234476",NA
24.1487754198885,-1.11704837586572,0.11879668214755,-9.40302671482281,5.30156191588487e-21,6.72925556223261e-20,"ENSG00000234618",NA
3.48521572326217,-2.98077298740538,0.455807189651639,-6.53954798230256,6.1705043199658e-11,3.2903936142819e-10,"ENSG00000234638",NA
1.45761301633151,-2.83728458663841,0.488811272509627,-5.80445817477037,6.45744767089248e-09,2.76827631241145e-08,"ENSG00000234685",NA
1.51892490913495,-1.38451107930692,0.234824294198131,-5.89594481284269,3.72543479848698e-09,1.63787068836397e-08,"ENSG00000234699",NA
2.02359894922801,-1.12876145460233,0.276559323849834,-4.08144422285046,4.47567192837354e-05,0.000115712567164399,"ENSG00000234770",NA
3.00915096209503,-1.10457199216213,0.34698962132113,-3.18329980002449,0.00145606766235456,0.00290360131818184,"ENSG00000234779","BNC2-AS1"
19.069109830381,-1.60143023124625,0.170869685170821,-9.37223141510024,7.10150121736185e-21,8.93719860241934e-20,"ENSG00000234814",NA
4.64270767859427,-1.84389412032352,0.173653654702065,-10.6182281247525,2.45170520683341e-26,4.56689486856221e-25,"ENSG00000234817","ECI2-DT"
6.81499479696189,-2.02497055299453,0.384190856865137,-5.2707411350639,1.3587398897172e-07,4.97518786094829e-07,"ENSG00000234828","IQCM"
1.06711213033012,-1.84422321068753,0.368739965483775,-5.00141938308198,5.69097636833983e-07,1.92555635337113e-06,"ENSG00000234880","LINC00163"
19.0744526365729,-1.60113244026987,0.222655346008169,-7.19108015583477,6.42807283864295e-13,4.19450299435346e-12,"ENSG00000234975","FTH1P2"
33.5809873603383,-2.39679845943572,0.505694989714953,-4.73961282627445,2.14126977739395e-06,6.70839301918719e-06,"ENSG00000235026","DPP10-AS1"
13.2976937760977,-2.53806959714679,0.31360604862051,-8.0931780758415,5.81277872678904e-16,4.9962866914567e-15,"ENSG00000235049","LINC00940"
0.444174405716697,-2.57629781847703,0.844367225494708,-3.05115800411083,0.00227960578715156,0.00439957852008513,"ENSG00000235050",NA
171.73814888578,-1.5476530251945,0.238643048535501,-6.48522148326592,8.86015305828777e-11,4.65427387118445e-10,"ENSG00000235092",NA
61.7453692410028,-1.58775194136867,0.209241726852147,-7.58812291054449,3.24572965679718e-14,2.39379566688819e-13,"ENSG00000235098","ANKRD65"
1.57959850980917,-3.44290009385399,0.397328283236039,-8.66512714829486,4.51009367344765e-18,4.54639673474153e-17,"ENSG00000235140","LOC105378318"
2.71689118373119,-2.92436378330349,0.313762095428403,-9.32032207176152,1.15987678638076e-20,1.43665537390403e-19,"ENSG00000235209",NA
1.51006910687968,-3.00051256577479,0.366064480397574,-8.19667770693295,2.47121848559387e-16,2.19780099735432e-15,"ENSG00000235295","LINC01634"
1.0056822799254,-3.01652076251215,0.45738059046776,-6.59520938443667,4.24656103058227e-11,2.30019064444628e-10,"ENSG00000235321",NA
3.50868866030816,-2.57153696701359,0.295167467738893,-8.71212870006524,2.98220815834548e-18,3.05833441088047e-17,"ENSG00000235366",NA
4.12167095202565,-1.01971962994568,0.291011893909237,-3.50404794885711,0.00045824284068856,0.00100028742950963,"ENSG00000235370",NA
21.2337381037696,-1.22100838527855,0.11823590872664,-10.3268829108551,5.32633555518691e-25,9.07317780639216e-24,"ENSG00000235387","SPAAR"
132.384296030975,-1.23033343497887,0.137474318935133,-8.94955104712613,3.56931051131635e-19,3.93094475017415e-18,"ENSG00000235501","ALG14-AS1"
3.08129282545773,-2.15185130334384,0.34566130885818,-6.22531723452658,4.80582589862341e-10,2.3364447979631e-09,"ENSG00000235523",NA
4.45928881478785,-1.89653431007346,0.358782504428115,-5.28602784881181,1.2500087233878e-07,4.59587696166118e-07,"ENSG00000235532","LINC00402"
1.06747009294793,-2.85582279550466,0.759791063685958,-3.75869489916119,0.000170801962889589,0.000400856004591382,"ENSG00000235535","TRDN-AS1"
5.75487648784031,-1.5810230048314,0.212649317168869,-7.43488399530518,1.04659768862148e-13,7.3414598311312e-13,"ENSG00000235545","DOCK7-DT"
22.6614062246866,-1.34987813256667,0.221491265952664,-6.09449824922289,1.09781234180054e-09,5.14475757011278e-09,"ENSG00000235576",NA
0.975297121155562,-2.00145470192445,0.314126799918769,-6.3714866176398,1.87204629618845e-10,9.52296426958948e-10,"ENSG00000235659",NA
2.89657448034782,-1.06780831569833,0.258437585209743,-4.13178413980195,3.59958376404769e-05,9.45825567088173e-05,"ENSG00000235670","RPL21P40"
0.636925220490767,-1.23455656411032,0.495637461383894,-2.4908459515212,0.0127439361197898,0.0212963929237865,"ENSG00000235749",NA
405.546848577685,-1.55673807257357,0.125884016147013,-12.3664474666549,3.96994837997492e-35,1.3203512574818e-33,"ENSG00000235863","B3GALT4"
3.87274746036218,-2.6085487216129,0.321830645081547,-8.10534596838017,5.25956374457163e-16,4.5390448324926e-15,"ENSG00000235904",NA
0.920915727818805,-1.04960050855785,0.368641002745748,-2.84721585699938,0.00441034462370406,0.00807027365415972,"ENSG00000235979","LOC105371574"
0.863526348914695,-1.0010670002084,0.381281517185108,-2.62553246115623,0.00865135592703801,0.0149444525914018,"ENSG00000236078","LINC01447"
10.1452431226173,-2.67060402911836,0.226616151155485,-11.7847029679982,4.68067347547002e-32,1.26463705629934e-30,"ENSG00000236120","LINC03070"
7.37309321949428,-1.02128325525287,0.247592953465135,-4.12484782365457,3.70979960898085e-05,9.72791335196336e-05,"ENSG00000236165",NA
5.28250319791383,-1.79176839980072,0.487214644754983,-3.67757500536912,0.000235461849453337,0.000539563817256672,"ENSG00000236333",NA
18.082173357819,-1.12229091981722,0.148067437903041,-7.57959302674045,3.46640579079749e-14,2.54921391428445e-13,"ENSG00000236349",NA
2.35045659488637,-1.02418212613514,0.447550333383905,-2.28841774821471,0.022113205044209,0.0352175301078953,"ENSG00000236360",NA
11.8473221793403,-1.63167386882699,0.250691986063548,-6.5086798124188,7.58141224571832e-11,4.01104385043529e-10,"ENSG00000236404","VLDLR-AS1"
1.51678830988132,-1.68961514889528,0.440459455267153,-3.83602878469365,0.000125039759176411,0.000300200051271104,"ENSG00000236466",NA
1.73160283625787,-1.53997458439127,0.377671165354816,-4.07755403551788,4.55119549265381e-05,0.000117530771833733,"ENSG00000236708",NA
7.74078119780165,-1.33633191442602,0.248490673391632,-5.37779505438379,7.54035783114911e-08,2.84806108197455e-07,"ENSG00000236780","LINC01829"
11.8623496762011,-1.13738897364179,0.330134286744398,-3.44523128711678,0.000570570953492822,0.0012244901729801,"ENSG00000236824","BCYRN1"
4.36858371427455,-1.57594754955375,0.228054231506962,-6.91040696390515,4.83265295756778e-12,2.88466089519653e-11,"ENSG00000236915","CLCA4-AS1"
1.61716850657233,-2.10634443041506,0.326152923849832,-6.4581497708261,1.05990820207772e-10,5.52996209055258e-10,"ENSG00000236969",NA
92.2519125052949,-1.25160174289274,0.289461466627313,-4.32389760708358,1.53296467574196e-05,4.26437254093416e-05,"ENSG00000237070","LOC105375166"
13.839772385159,-2.64753794812208,0.352312352007496,-7.51474631257251,5.70213964244536e-14,4.10082609115408e-13,"ENSG00000237111","IGHJ3P"
104.017502736191,-4.19515297168956,0.315282352540675,-13.3060189949843,2.13561493197355e-40,1.0074599667434e-38,"ENSG00000237125","HAND2-AS1"
28.6395840829582,-1.20036833165366,0.115274403927126,-10.413138483132,2.15981464802124e-25,3.78307033131993e-24,"ENSG00000237126",NA
0.648041875941385,-1.50957534037216,0.316919328586796,-4.76327949798342,1.90471727717522e-06,6.01632148829737e-06,"ENSG00000237167",NA
1.46666238779885,-2.04166936743328,0.519309474472129,-3.93150802709426,8.44146771651494e-05,0.000208538912354206,"ENSG00000237179","LINC01797"
616.763402350025,-1.20198132563237,0.146217935692665,-8.22047801412553,2.02693644896371e-16,1.81569491270521e-15,"ENSG00000237289","CKMT1B"
0.620391901516877,-1.28322090042749,0.443155125348305,-2.89564720574748,0.00378377518042163,0.0070077944198502,"ENSG00000237311",NA
3.1125826287087,-1.43397148013395,0.56611103424936,-2.53302160420762,0.0113083982914819,0.0190966745338695,"ENSG00000237339","LINC01502"
1.39950089987199,-1.11257882364556,0.251924152406162,-4.41632456840352,1.00393306981198e-05,2.87753629752119e-05,"ENSG00000237409","RPL27AP2"
0.812679475645479,-2.57374875135683,0.377470265397699,-6.81841455417727,9.20506982019446e-12,5.34038508189251e-11,"ENSG00000237419","LOC101928932"
1.85789829739172,-2.86123655230519,0.613710874851809,-4.66218975343412,3.12862517482656e-06,9.58227133725458e-06,"ENSG00000237457",NA
0.716615570511859,-2.4004575920969,0.412028058614886,-5.8259566112233,5.67863693592787e-09,2.4495293871381e-08,"ENSG00000237547","IGHJ2P"
0.333370551220524,-2.38446939875208,1.05912835936026,-2.25135072409199,0.0243633324714651,0.0384488872093406,"ENSG00000237560","LINC01497"
2.87363292268497,-2.09873517159451,0.485069741672944,-4.32666685074242,1.51382658122104e-05,4.21570987745947e-05,"ENSG00000237592",NA
1.97644822130391,-1.73900059346911,0.244090200038622,-7.12441791269764,1.04521459663444e-12,6.65761524135257e-12,"ENSG00000237626",NA
2.71913450878393,-1.19136441088374,0.226344390402242,-5.26350314565577,1.4133608836791e-07,5.16055313577265e-07,"ENSG00000237651","C2orf74"
5.41704068810316,-1.07984732263797,0.249804534537872,-4.32276909879014,1.54082970358882e-05,4.28377175601123e-05,"ENSG00000237702","TRBV3-1"
2.11850672698117,-1.32975202572412,0.220297891443448,-6.03615412299794,1.57830516743105e-09,7.25503333001216e-09,"ENSG00000237797","MACORIS"
78.9290519832644,-2.38170638976322,0.221171394112587,-10.7686005205122,4.84306617750778e-27,9.48555095907498e-26,"ENSG00000237807","LINC02984"
23.9717229123074,-1.321028989538,0.203253561648779,-6.49941373140967,8.06336242673229e-11,4.25314988641208e-10,"ENSG00000237886",NA
2750.81352758874,-1.21844037169309,0.249962113414041,-4.87450019945563,1.09084275310922e-06,3.55993814861134e-06,"ENSG00000237973","MTCO1P12"
2.1671730545824,-2.04769122593256,0.243580347372898,-8.40663562564735,4.21939345231585e-17,3.97508012891908e-16,"ENSG00000238078","LINC01352"
1.30958004159205,-1.76439551480226,0.475429962361115,-3.71115759309697,0.000206313604131285,0.00047717855609911,"ENSG00000238099","LINC01625"
1.27465263118785,-1.09922629554064,0.398064985123506,-2.76142423127116,0.00575498682882606,0.0103118785761232,"ENSG00000238207","LOC124907878"
1.79398193768734,-1.7559690410535,0.364944830828608,-4.81160135099479,1.49725774135708e-06,4.79509107721413e-06,"ENSG00000238241","CCR12P"
9.44836917976389,-1.91632277130924,0.360432124766282,-5.31673688229609,1.05644661651252e-07,3.92171507821348e-07,"ENSG00000238243","OR2W3"
3.84220604449658,-1.37346016006528,0.418565354350493,-3.28135175496438,0.00103310815977658,0.00211726596049735,"ENSG00000238724","LOC124902825"
0.737451345589021,-2.94057142690965,0.386717772846156,-7.60392108505307,2.87290478145578e-14,2.12821907770001e-13,"ENSG00000238837",NA
10.7695277298782,-3.90253234258312,0.405960153022992,-9.61309210651049,7.04023744040387e-22,9.55102360166576e-21,"ENSG00000239205",NA
0.908047310639388,-2.48837181174715,0.685082042279782,-3.63222454856132,0.000280988445518673,0.000636566069462991,"ENSG00000239268","LINC03051"
8.222007651923,-1.13822068661841,0.220599587114261,-5.15966825463212,2.47387809191626e-07,8.76780890485843e-07,"ENSG00000239445",NA
14.4118056568675,-3.67027987222712,0.403642362024591,-9.09290059105221,9.64314074724683e-20,1.10903330035716e-18,"ENSG00000239571","IGKV2D-30"
290.756754504558,-1.1768353012606,0.145200586218824,-8.10489359517501,5.27916982185588e-16,4.55494259741681e-15,"ENSG00000239697","TNFSF12"
74.8253258953529,-1.58795219723889,0.3394056377971,-4.67862645872779,2.88803030031126e-06,8.8807566948786e-06,"ENSG00000239819","IGKV1D-8"
352.14452416308,-2.03412448990665,0.324997544538208,-6.25889187192772,3.87722570742281e-10,1.90892171562664e-09,"ENSG00000239855","IGKV1-6"
0.810938061955908,-2.89117198651316,0.504482778674671,-5.73096269828787,9.98622277097982e-09,4.18144529379069e-08,"ENSG00000239862","IGKV1-37"
0.512768746105652,-1.71116809075112,0.463549857897008,-3.69144345877743,0.000222984970043093,0.000512898782126641,"ENSG00000239941",NA
3071.76123248951,-2.38182481722048,0.291863823470547,-8.16074013181301,3.32977869302776e-16,2.92617146081916e-15,"ENSG00000239951","IGKV3-20"
7.26525410418532,-1.94605860846477,0.268235130176532,-7.25504749204187,4.01520927384858e-13,2.67265843060347e-12,"ENSG00000239961","LILRA4"
19.830941801515,-3.01775687697902,0.434991206718252,-6.93751236891933,3.99064394745745e-12,2.40445522406984e-11,"ENSG00000239975","IGKV1D-33"
278.957140186159,-1.17524483981444,0.201398129130188,-5.83543077033619,5.36517703937512e-09,2.3200423083214e-08,"ENSG00000240184","PCDHGC3"
10.3083395962604,-1.22810481489166,0.243831510905397,-5.03669443843191,4.73639960433562e-07,1.61924555920231e-06,"ENSG00000240219",NA
0.993161362657649,-3.8267353341302,0.693856429769023,-5.51516880142492,3.48445354237643e-08,1.3668035112868e-07,"ENSG00000240224",NA
98.9349908680517,-1.45328739699123,0.182009268857326,-7.98468894532204,1.40877085988818e-15,1.17424531154959e-14,"ENSG00000240225",NA
0.586892894876829,-1.87908750688546,0.359277207958363,-5.23018845966768,1.69337321673833e-07,6.12062800262655e-07,"ENSG00000240240",NA
1.3314374593488,-1.30409808648841,0.579614328809943,-2.24994107575974,0.0244526860277939,0.0385758655660658,"ENSG00000240253","FAR2P3"
429.535165195623,-2.54717301153111,0.327808994311529,-7.77029628757057,7.83027492589697e-15,6.11270213352205e-14,"ENSG00000240382","IGKV1-17"
4.79863292246305,-1.36380041468841,0.350737745212619,-3.88837652435059,0.000100916987877072,0.0002462838284188,"ENSG00000240403","KIR3DL2"
202.049890649912,-4.57239485178538,0.273961058506245,-16.6899444640638,1.55115000449591e-62,2.53774741373849e-60,"ENSG00000240498","CDKN2B-AS1"
23.9420137498629,-3.37672126660046,0.282015141450882,-11.9735459919927,4.88934167923669e-33,1.40074902788087e-31,"ENSG00000240505","TNFRSF13B"
6.93711282398538,-1.04927260450072,0.224476370991509,-4.67431204391847,2.94940604746457e-06,9.05717366668292e-06,"ENSG00000240520",NA
1882.25180540877,-1.06852766258223,0.188601897755649,-5.66551914534073,1.46580056208751e-08,6.01961484838479e-08,"ENSG00000240583","AQP1"
4.1556052380718,-2.6027492261248,0.240881929215935,-10.8050829491306,3.25662538434377e-27,6.4773655536402e-26,"ENSG00000240654","C1QTNF9"
70.2472470650287,-2.14385571035698,0.357090978675116,-6.00366808008186,1.92908865915418e-09,8.76479220970231e-09,"ENSG00000240671","IGKV1-8"
2.12879127706679,-2.01879829184237,0.311871755172598,-6.4731680838655,9.5969091835673e-11,5.02413354276433e-10,"ENSG00000240710",NA
59.3920825522158,-2.22506006763935,0.19201969423117,-11.587665924312,4.7592536349304e-31,1.2006497670746e-29,"ENSG00000240771","ARHGEF25"
453.012556066809,-2.4251473022933,0.324943693710075,-7.4632847143576,8.4391715892279e-14,5.97093908890403e-13,"ENSG00000240864","IGKV1-16"
0.774399798288306,-4.74698492912258,0.673914746307943,-7.04389532226301,1.86938604889012e-12,1.16298196475208e-11,"ENSG00000240960",NA
0.70797002379116,-2.28035569684318,0.416112543141136,-5.48014169346905,4.24985347192071e-08,1.65127960015094e-07,"ENSG00000240995",NA
1.64290365972819,-1.96844801503899,0.367412186018882,-5.35760132609708,8.43340735871224e-08,3.16639856172275e-07,"ENSG00000241119","UGT1A9"
32.591657319008,-2.75007112963515,0.382328028720681,-7.19296238582677,6.34004134753715e-13,4.13987040911618e-12,"ENSG00000241158","ADAMTS9-AS1"
9.66390934323886,-1.23123821901817,0.233187542041816,-5.2800342944452,1.29159709270752e-07,4.74107632454897e-07,"ENSG00000241163","LINC00877"
1.64674578043405,-1.71469349689506,0.27696588011382,-6.19099181527488,5.97868141287491e-10,2.87975901128541e-09,"ENSG00000241218","CSP2"
170.022326453856,-2.11328569551555,0.267664016299796,-7.89529248170799,2.896352091119e-15,2.34581944064151e-14,"ENSG00000241224","C3orf85"
79.1664772056771,-2.57654818302775,0.382974228893633,-6.72773254344317,1.72327296121972e-11,9.70195863816294e-11,"ENSG00000241244","IGKV1D-16"
335.0893917218,-2.31291419951554,0.350377473717423,-6.60120690687121,4.07823891287751e-11,2.21400806951993e-10,"ENSG00000241294","IGKV2-24"
55.8892506394278,-1.09094972204337,0.162743116102915,-6.70350763932457,2.03475052783016e-11,1.13706473173672e-10,"ENSG00000241316","SUCLG2-DT"
1695.39621298489,-1.99809188874544,0.316773135476169,-6.30764312049991,2.83316556261234e-10,1.41575433536405e-09,"ENSG00000241351","IGKV3-11"
24.3620134937745,-2.10561928496594,0.395606276603104,-5.32251232979912,1.02343844981817e-07,3.80542921471559e-07,"ENSG00000241566","IGKV2D-24"
39.3391888541806,-2.70887866125388,0.26681845861201,-10.1525159666444,3.22928923161782e-24,5.188319393565e-23,"ENSG00000241635","UGT1A1"
15.4499519532674,-2.31150420974648,0.30262852216032,-7.63809106043857,2.20465922237832e-14,1.65100376164354e-13,"ENSG00000241684","ADAMTS9-AS2"
722.260166999314,-2.1622532323846,0.33458719031734,-6.4624507302082,1.03020694351143e-10,5.3801095296365e-10,"ENSG00000241755","IGKV1-9"
2.35502080052738,-1.37608215868808,0.227010999564129,-6.06174221218453,1.34654914113191e-09,6.23669134189837e-09,"ENSG00000242052","RPL10P7"
18.4544822033716,-2.41885639415433,0.446346995155743,-5.41922858315721,5.98567465374603e-08,2.28963519463311e-07,"ENSG00000242076","IGKV1-33"
27.8791381120864,-1.69866790735506,0.193793352533258,-8.76535693897726,1.86185821485809e-18,1.93571830142372e-17,"ENSG00000242258","LINC00996"
60.1363863519018,-4.39111060976419,0.29542330453101,-14.8637922006024,5.66269337588175e-50,4.72822318459579e-48,"ENSG00000242366","UGT1A8"
45.5539521811695,-3.06084782734802,0.381132863492363,-8.03092076422151,9.67438223263283e-16,8.17295042184211e-15,"ENSG00000242371","IGKV1-39"
15.5767352836537,-1.45558768398748,0.361120989675206,-4.03074793657561,5.55996446829977e-05,0.000141518671905145,"ENSG00000242472","IGHJ5"
232.448155633746,-3.74257573657366,0.260643353441664,-14.358991653364,9.35787615445838e-47,6.45928661598674e-45,"ENSG00000242515","UGT1A10"
21.0342332323615,-3.32013539487612,0.489266382651541,-6.78594629143108,1.15328052226982e-11,6.6199128455819e-11,"ENSG00000242534","IGKV2D-28"
23.4199419462703,-1.43598239232139,0.426789233900391,-3.36461718867196,0.000766499258237906,0.0016086902659246,"ENSG00000242580","IGKV1D-43"
10.5571553512486,-2.43369397926893,0.293956669518652,-8.27909087163783,1.24119197319159e-16,1.12680301755129e-15,"ENSG00000242611",NA
88.5140268422068,-1.68493715359865,0.186319682615186,-9.04325903709609,1.52068967422953e-19,1.7190813262306e-18,"ENSG00000242732","RTL5"
28.0243868636851,-2.20868617005575,0.432056852184114,-5.11202671336075,3.18720742524932e-07,1.11388568201582e-06,"ENSG00000242766","IGKV1D-17"
33.6674262532369,-1.22215287940775,0.144330401786472,-8.46774390066379,2.50191647013154e-17,2.40538090840578e-16,"ENSG00000242960",NA
53.5265840547513,-2.62979067277951,0.329821438727823,-7.97337699733242,1.543962734059e-15,1.2820893139604e-14,"ENSG00000243063","IGKV3-7"
50.1110234479497,-3.38483778262672,0.250440870771248,-13.5155167453415,1.26663173060717e-41,6.32444027878622e-40,"ENSG00000243064",NA
6.7390784262239,-1.76468517502189,0.335610225969288,-5.25813887203596,1.45520613883896e-07,5.30768526894426e-07,"ENSG00000243069","ARHGEF26-AS1"
291.380373873394,-2.93778286102905,0.337093615516771,-8.71503560376059,2.90667299895264e-18,2.985649393287e-17,"ENSG00000243238","IGKV2-30"
195.176369630107,-1.59291821642536,0.210267765820439,-7.57566529615221,3.57291869693182e-14,2.62352950994915e-13,"ENSG00000243244","STON1"
154.044944437737,-1.99819453712036,0.37083257701807,-5.38840075267441,7.10874005368013e-08,2.69297200555562e-07,"ENSG00000243264","IGKV2D-29"
275.917577822704,-2.35207691128553,0.340008909601944,-6.91769199236325,4.59061017147248e-12,2.74615200346355e-11,"ENSG00000243290","IGKV1-12"
4.36986419160025,-1.29808274395826,0.127469910352553,-10.1834443938028,2.35089677001615e-24,3.81854364667559e-23,"ENSG00000243304",NA
2841.05673522479,-1.80961094043299,0.30371455120881,-5.95826223416225,2.54934211101721e-09,1.14302689378751e-08,"ENSG00000243466","IGKV1-5"
0.936737881233582,-1.73853575782886,0.347099136519009,-5.00875852145385,5.47822546521415e-07,1.85798636609993e-06,"ENSG00000243664",NA
1.09968862860026,-1.45031100944792,0.544126866161907,-2.66539128949456,0.00768987897505346,0.0134296060392405,"ENSG00000243818","HLMR1"
2.57010758000307,-3.82386342933041,0.296621218504895,-12.8914022017858,5.03204716720483e-38,2.01109269685576e-36,"ENSG00000243832","LINC02000"
5.6802376170911,-1.17196832883344,0.214998227879986,-5.45106041286833,5.00703560536821e-08,1.93142869388574e-07,"ENSG00000243836","WDR86-AS1"
32.3360681920999,-1.02732732226263,0.205729424079165,-4.99358478672119,5.92687482101118e-07,2.00097081351789e-06,"ENSG00000243896","OR2A7"
64.9368625457639,-2.18648898449003,0.338533625013041,-6.45870549611075,1.05602393172957e-10,5.51119208676622e-10,"ENSG00000243955","GSTA1"
4.34143596407423,-1.06833159484671,0.277088391182433,-3.85556244448843,0.000115463851556831,0.00027879977648517,"ENSG00000244040","IL12A-AS1"
0.892331897379451,-1.26899478615014,0.537124828477807,-2.36256959066,0.0181487336852171,0.0293832637383898,"ENSG00000244056","RN7SL417P"
3.24345298561617,-1.13142001431377,0.31760077069689,-3.56239694201993,0.000367484185627295,0.00081644984020876,"ENSG00000244067","GSTA2"
0.34257183878908,-1.45672012598723,0.353423471121781,-4.12174132454628,3.76019289123423e-05,9.84930754116927e-05,"ENSG00000244104","RN7SL659P"
20.5877422984488,-2.96120691301787,0.483947701243506,-6.11885727612516,9.42487699381275e-10,4.45048201647161e-09,"ENSG00000244116","IGKV2-28"
11.0455820725763,-1.1674422980882,0.355070739647192,-3.28791468215096,0.00100932422069027,0.00207360736950299,"ENSG00000244137","LOC107985359"
0.786271675627044,-1.14727330352528,0.386459761699085,-2.9686746648118,0.00299087069266797,0.00564672979380305,"ENSG00000244273",NA
1074.99993246135,-1.71399258999642,0.301002344404264,-5.6942831903476,1.23891305313563e-08,5.13004740483636e-08,"ENSG00000244437","IGKV3-15"
333.089793156857,-2.44968801948527,0.322468935630702,-7.59666358154483,3.03863124974145e-14,2.24536336073053e-13,"ENSG00000244575","IGKV1-27"
2.90636390532817,-1.44103309604481,0.198454574099893,-7.26127428697844,3.83460463212763e-13,2.55553898927736e-12,"ENSG00000244607","CCDC13"
1.78738990722838,-2.01566770261387,0.361486320915964,-5.57605526401775,2.46033794544068e-08,9.83700218264954e-08,"ENSG00000244620",NA
0.718041397175029,-1.25480057769311,0.551895786205406,-2.27361869587839,0.0229889223803083,0.0364792231935165,"ENSG00000244681",NA
0.68461082695898,-2.48883180639634,0.329058082825276,-7.56350302970028,3.92356672684452e-14,2.86731362758014e-13,"ENSG00000244699","EVA1CP5"
796.736331131967,-2.63921058461982,0.280654828771612,-9.40375975774685,5.26474179863877e-21,6.68914500767564e-20,"ENSG00000244734","HBB"
3.16095739802414,-2.46270709567311,0.237566994446379,-10.3663688695988,3.52672228449889e-25,6.08581201400938e-24,"ENSG00000244753",NA
4.3515132366664,-2.01326050078071,0.253423934386134,-7.94423978010367,1.95385325564844e-15,1.60684055871477e-14,"ENSG00000244968","LIFR-AS1"
31.2703905705705,-1.38019097036911,0.15108393417965,-9.1352596678344,6.52499955621226e-20,7.62976453581791e-19,"ENSG00000245025",NA
11.9946905247153,-2.54528956643325,0.289423713236311,-8.79433664219163,1.43895552935531e-18,1.50786381131436e-17,"ENSG00000245080","MIR3150BHG"
18.4733734733601,-1.395552787016,0.184582998884981,-7.56057055875233,4.01305120988893e-14,2.93103685156914e-13,"ENSG00000245105","A2M-AS1"
7.56817613256748,-1.55956513450306,0.17759191478075,-8.7817350042566,1.60971989735189e-18,1.68085010574383e-17,"ENSG00000245468",NA
4.43736045459304,-1.80962668326149,0.381326535118552,-4.74560912132402,2.07879807039989e-06,6.52650248347743e-06,"ENSG00000245526","MIR9-2HG"
6.30205588341501,-1.19398252385407,0.196112389836408,-6.08825645768765,1.14146924020208e-09,5.33634093847877e-09,"ENSG00000245812","LINC02202"
1.33309896139138,-2.33426058470636,0.403004734795119,-5.79214183648006,6.94944135074617e-09,2.9677348840624e-08,"ENSG00000245869",NA
2.76282063556589,-4.57734454494646,0.408087467842834,-11.2165770959409,3.38105020473015e-29,7.55323865318187e-28,"ENSG00000245870","LINC00682"
5.04674630598856,-1.02942354090807,0.238155360341068,-4.32248738568727,1.54279906753153e-05,4.28831663890867e-05,"ENSG00000245954","LINC02273"
19.8257838483718,-1.42533017977109,0.288859133589199,-4.93434347067635,8.04208104080632e-07,2.67168313985899e-06,"ENSG00000246223","LINC01550"
4.35906269526737,-2.18090730310518,0.311863367020169,-6.99314999367699,2.68781876772046e-12,1.6452566177766e-11,"ENSG00000246379","GNAO1-DT"
8.14237735117551,-1.10796240276901,0.155195238120626,-7.13915205251234,9.39084096312083e-13,6.01649162654735e-12,"ENSG00000246731","MGC16275"
5.23340422639933,-1.03587397867597,0.158917998015214,-6.51829239993824,7.11122690089103e-11,3.77058806590205e-10,"ENSG00000246777","DYNC1LI2-DT"
0.812003241568642,-2.34795357605109,0.31441391217569,-7.46771527952964,8.15991619117863e-14,5.78080519259711e-13,"ENSG00000247416","LOC101928847"
29.3337590106225,-1.27329367545703,0.175456202214017,-7.25704568655769,3.95636106326734e-13,2.63485560019815e-12,"ENSG00000247746","USP51"
1.80419312434508,-1.69781126808897,0.176572819472363,-9.61536024152746,6.88678575800816e-22,9.35605130876818e-21,"ENSG00000247970",NA
1822.52697543238,-4.10195088350827,0.314946779020614,-13.0242668182353,8.90523429883692e-39,3.78738432618787e-37,"ENSG00000248144","ADH1C"
3.18921121528375,-3.8924585484685,0.405038683139579,-9.61009086415365,7.24849922565934e-22,9.82662375630904e-21,"ENSG00000248174","LINC02268"
8.19778058808489,-2.09893486400103,0.241745793741159,-8.68240489945561,3.87487164793304e-18,3.92872337152113e-17,"ENSG00000248211","TRPC7-AS1"
1.17598149238103,-1.88995898075654,0.384203880678686,-4.91915640575515,8.6917997676546e-07,2.87560128790135e-06,"ENSG00000248290",NA
8.76879765321741,-2.26307295107839,0.257791182017199,-8.77870582449716,1.65366433377569e-18,1.72528690974539e-17,"ENSG00000248309","MEF2C-AS1"
11.9069151419638,-1.21588805697245,0.246085518258141,-4.94091674137846,7.77561084804388e-07,2.58762899390547e-06,"ENSG00000248334",NA
16.4731781585375,-1.36860045640269,0.221593816475584,-6.17616717907596,6.56764433734006e-10,3.14888078652154e-09,"ENSG00000248441","LETR1"
26.944370745251,-3.92022165758594,0.33925684793041,-11.5553206412803,6.93880150850026e-31,1.72894427477193e-29,"ENSG00000248485","PCP4L1"
1.2191987905053,-1.24030463785771,0.440690931044579,-2.81445464493174,0.00488600718153281,0.00886472172660053,"ENSG00000248576","LOC102724030"
5.47038470076146,-1.42407683657113,0.324548970120322,-4.38786429068985,1.14469160972e-05,3.25108652721466e-05,"ENSG00000248587",NA
1.11338865865273,-2.72905959956595,0.413554648732468,-6.59903015944914,4.13856125200468e-11,2.24548778515134e-10,"ENSG00000248767","FOXL3-OT1"
567.664993529499,-1.04222237107239,0.198311838217602,-5.25547229272713,1.47645081259429e-07,5.37930861257238e-07,"ENSG00000248771","SMIM31"
0.731055496703408,-1.59233428546101,0.577759809374339,-2.75604889717989,0.00585042502697673,0.0104667887860481,"ENSG00000248869","LINC02511"
21.4916911055208,-1.2000223725804,0.194857605520509,-6.15845796408544,7.34566760355614e-10,3.50677522451934e-09,"ENSG00000248890","HHIP-AS1"
9.96136706940267,-1.71898563981047,0.230698995295988,-7.45120557462768,9.24911090572888e-14,6.51880049482233e-13,"ENSG00000249082","EPIST"
71.2353693967713,-1.65205948578286,0.220977978107835,-7.47612725905505,7.65448358966234e-14,5.4377666402762e-13,"ENSG00000249096",NA
15.5739615763608,-1.19295246144946,0.317726456661091,-3.75465258381661,0.000173582076202431,0.000406809514401394,"ENSG00000249119","MTND6P4"
6.11130886652569,-2.57348713666401,0.205737404617571,-12.5086011532403,6.699359509607e-36,2.33095271552815e-34,"ENSG00000249167","SEMA6A-AS2"
5.46772067336886,-1.58143019959282,0.218149848210554,-7.24928397871933,4.18980611991362e-13,2.78501860118117e-12,"ENSG00000249231","CASC16"
10.3742490060252,-2.50618730962549,0.275569899964397,-9.09456116197481,9.49692098088482e-20,1.09320518627495e-18,"ENSG00000249279","LINC02057"
0.643294669915907,-1.32812359532425,0.41368500306484,-3.2104707337338,0.00132517761994856,0.0026626132194493,"ENSG00000249341","LOC100506444"
4.55703929690229,-2.30271797672331,0.2823109094161,-8.15667372361199,3.44377043941273e-16,3.02082231540272e-15,"ENSG00000249346","LINC01016"
5.36228152188839,-3.36241688648991,0.451544015496182,-7.44648754295879,9.58580832067753e-14,6.7449775348662e-13,"ENSG00000249453",NA
6.0678131079617,-1.57895166136567,0.276668090114412,-5.70702483511098,1.14968012645249e-08,4.77856776451015e-08,"ENSG00000249631","LOC107986178"
536.557706395117,-1.52488754942825,0.286034782773336,-5.33112628696148,9.76055105902178e-08,3.63909917151096e-07,"ENSG00000249669",NA
15.0254596925044,-1.46525906286336,0.637324524738174,-2.29907842235526,0.0215004865386159,0.0343127809534749,"ENSG00000249690","LOC729558"
0.846397052057507,-1.88025783220548,0.51765990263977,-3.63222614426428,0.00028098670749645,0.000636566069462991,"ENSG00000249699","LINC02261"
1.15509168509716,-1.34554155309001,0.313488205157636,-4.29216005882396,1.76943321448e-05,4.87177018025728e-05,"ENSG00000249706",NA
2.38560847950065,-1.33937929168593,0.197033540135546,-6.79772231044791,1.06286065568206e-11,6.1320233536927e-11,"ENSG00000249741",NA
0.50052611098319,-1.69978385853232,0.39051925194121,-4.35262499885207,1.34517129781514e-05,3.7758487907643e-05,"ENSG00000249752",NA
0.900499666991439,-2.6567757865591,0.379379087063248,-7.0029579308787,2.50614104121849e-12,1.5379665540579e-11,"ENSG00000249797",NA
2.02495479723893,-1.2580344800221,0.293381940941128,-4.2880433471348,1.80253922334552e-05,4.95795003004473e-05,"ENSG00000249896",NA
44.4071987830088,-1.17714177983777,0.168653116847689,-6.97966217191732,2.95890699904432e-12,1.80544512604756e-11,"ENSG00000249898",NA
0.819855421746181,-1.27304622469047,0.328355728471909,-3.87703369944218,0.000105737717375188,0.000256955819475625,"ENSG00000249931","GOLGA8K"
120.892443077448,-4.97841280018739,0.332886515266322,-14.9552852755375,1.43863901716501e-50,1.2373904763522e-48,"ENSG00000249948","GBA3"
3.74110250280046,-1.27802120907809,0.223892303645109,-5.70819625449867,1.14179720721744e-08,4.74888330007452e-08,"ENSG00000249978","TRGV7"
0.93808272238074,-1.09548538687978,0.405209119627872,-2.70350624854107,0.00686121579501241,0.0121100474530984,"ENSG00000249993","BFSP2-AS1"
0.995520779144806,-3.48945324143522,0.393153350797102,-8.87555259127386,6.95870430605156e-19,7.47530886992915e-18,"ENSG00000250036","IGKV1D-37"
9.05436043458177,-1.39013741022539,0.271507649942765,-5.12006718970325,3.05426817862522e-07,1.06956415578471e-06,"ENSG00000250056","LINC01018"
34.6024625523064,-2.02831477794409,0.156962774758084,-12.9222663212357,3.37064931481418e-38,1.36988746518669e-36,"ENSG00000250073","ESAM-AS1"
2.08816516696406,-3.24853382695474,0.400265414328183,-8.1159493442799,4.82001732620399e-16,4.17188667583442e-15,"ENSG00000250137",NA
13.0010690606322,-1.09757707810966,0.248477999435717,-4.41720023745448,9.99875952959247e-06,2.86732533478214e-05,"ENSG00000250155","SLC1A3-AS1"
20.0305308050935,-1.94693964400587,0.319860222496634,-6.08684515007601,1.15157248602353e-09,5.38161023096472e-09,"ENSG00000250159",NA
7.95780278843309,-1.38892541626677,0.17494381370337,-7.93926568116204,2.03381713708284e-15,1.67045860861833e-14,"ENSG00000250221","KRT8P32"
0.738804627745305,-2.13175636821892,0.488610905406941,-4.36289150452646,1.28354606884625e-05,3.61527441091076e-05,"ENSG00000250252","LINC02430"
21.0542656534766,-2.02110882681419,0.220271506550906,-9.17553458666296,4.49339331443916e-20,5.32380563205677e-19,"ENSG00000250320","EDIL3-DT"
0.799753823613513,-1.698370187372,0.588365944467341,-2.88658819114619,0.00389443586960207,0.00719610592005531,"ENSG00000250343",NA
0.955494961947024,-2.27424816772761,0.374968105409127,-6.06517763756514,1.31807889071599e-09,6.11440385030859e-09,"ENSG00000250360",NA
1.42964815577964,-1.34979401986502,0.38882764480676,-3.47144560808129,0.000517664190820691,0.0011197611761271,"ENSG00000250366","TUNAR"
15.6421802558676,-1.42663735712291,0.416067266420673,-3.42886228324552,0.000606116997911254,0.00129450935917701,"ENSG00000250385",NA
2.84893879141147,-2.00744135060807,0.250663696900973,-8.00850452389651,1.16111691614175e-15,9.73216962609588e-15,"ENSG00000250413",NA
5.33273554860676,-1.77613202908811,0.302841861440593,-5.86488281586701,4.49450003815345e-09,1.96007308265524e-08,"ENSG00000250486","FAM218A"
53.6173731437622,-1.25556961740653,0.148487637540305,-8.45571818775633,2.77374774994312e-17,2.6567583393638e-16,"ENSG00000250510","GPR162"
1.82537826369594,-4.22882551686731,0.513542524514712,-8.23461605416897,1.80134413319752e-16,1.62078815560601e-15,"ENSG00000250538",NA
1.10342985256234,-2.9797929279235,0.593531958531713,-5.02044226109569,5.15526458761302e-07,1.75433224995537e-06,"ENSG00000250566",NA
5.31110833956551,-1.80436362146443,0.265012811216633,-6.8085901703426,9.85598064688299e-12,5.70682060136612e-11,"ENSG00000250596","LOC100419741"
3.24237724679854,-1.71582509849452,0.263597284416382,-6.5092669763023,7.55184028526426e-11,3.99649832687619e-10,"ENSG00000250654",NA
0.683337018493725,-2.01035180759115,0.470417110439104,-4.27355162679906,1.92383713771489e-05,5.26859223831643e-05,"ENSG00000250681",NA
2.25500130375877,-1.37172689772593,0.199646542575549,-6.87077712456177,6.38530891768379e-12,3.76123750510477e-11,"ENSG00000250687","NAIPP1"
2001.18108411238,-3.11948247106535,0.223900510181544,-13.932449142416,4.02319226234915e-44,2.40185827500835e-42,"ENSG00000250722","SELENOP"
40.8714074695611,-1.52892020791692,0.1741629185589,-8.77867815128429,1.65407120173784e-18,1.72528690974539e-17,"ENSG00000250742","LINC02381"
0.486626500934243,-2.24669300023937,0.572832936328581,-3.92207371077324,8.77901244768634e-05,0.000216280079185055,"ENSG00000250850",NA
1.64724488408745,-1.29284806776217,0.378440248611127,-3.41625414449684,0.000634889641576893,0.00135113484167535,"ENSG00000250934",NA
1.29273717667179,-4.06741855975503,0.285865466626341,-14.2284362212649,6.10313022822812e-46,4.08081822408151e-44,"ENSG00000250961",NA
0.643886045063105,-2.82894162113797,0.54983132406472,-5.1451081401193,2.67366748715357e-07,9.42895742786584e-07,"ENSG00000250978",NA
51.8472035724451,-1.32766722455019,0.426223348263071,-3.11495658311692,0.00183971986803626,0.00360802437086258,"ENSG00000251039","IGKV2D-40"
22.7397259093485,-1.65983260201147,0.215266747201304,-7.71058523246648,1.25242077335337e-14,9.59008593370188e-14,"ENSG00000251141",NA
0.532633885449923,-1.43462115582825,0.633084225003712,-2.26608261455233,0.0234463254909725,0.0371498403524178,"ENSG00000251216","LOC105377543"
8.23729077592948,-1.77738700978769,0.406344237518545,-4.37409183071427,1.21939044144477e-05,3.44491911986383e-05,"ENSG00000251292",NA
1.07157582281126,-1.58034516832046,0.645812401984666,-2.44706537605016,0.0144024712151825,0.0238164219703277,"ENSG00000251299",NA
54.6449887535627,-2.98879580026395,0.424388751128586,-7.04258958871032,1.88699427288093e-12,1.1735565967236e-11,"ENSG00000251546","IGKV1D-39"
0.938750680235253,-1.13291966085646,0.362645680134091,-3.12404013867629,0.00178386120481594,0.00350580748052745,"ENSG00000251578","TRBV21-1"
19.6295477049563,-1.24033616377434,0.233252270483677,-5.31757380625857,1.05160033089861e-07,3.90561030931791e-07,"ENSG00000251584",NA
0.683851258318975,-3.25735079850209,0.317004633292732,-10.2754043834247,9.09621623800245e-25,1.52251730823892e-23,"ENSG00000251599","LOC105379030"
11.7519081323511,-1.00911750676185,0.145081743415073,-6.95550992846019,3.51289039161367e-12,2.12492285850174e-11,"ENSG00000251611",NA
50.2786974513002,-1.3845025964199,0.167928287585816,-8.24460617281281,1.65705067944454e-16,1.49410477187158e-15,"ENSG00000251615",NA
7.54420865441455,-1.33839304154643,0.171877877711146,-7.78688368374956,6.8682126406596e-15,5.39012393132149e-14,"ENSG00000252412",NA
3.95790666911841,-2.75719168056996,0.194109651492124,-14.2042997830112,8.61595461910967e-46,5.69171146462044e-44,"ENSG00000253102",NA
2.47134085157651,-2.38259385256196,0.260059805980135,-9.16171510465542,5.1078939370458e-20,6.02772247383671e-19,"ENSG00000253105",NA
14.2596990504677,-1.5409465358713,0.385521398789929,-3.99704540580112,6.41380021387051e-05,0.000161561538899744,"ENSG00000253120",NA
15.9316779650772,-1.27330713706982,0.221462273624953,-5.74954422813419,8.94843431457927e-09,3.77113289589641e-08,"ENSG00000253123","LOC100507403"
0.438025606895695,-1.81840325121739,0.634400212392394,-2.86633455616289,0.00415255146131849,0.00763676257869795,"ENSG00000253126",NA
8.28332540990704,-1.61026224107324,0.444330461072544,-3.62401946782202,0.000290059757980155,0.000655841420551812,"ENSG00000253131","IGHV7-56"
26.524187586092,-2.01599099287921,0.333755374933009,-6.04032517314172,1.53803950717737e-09,7.07586513491067e-09,"ENSG00000253132","IGHV3-62"
0.617880749536205,-1.4391136588342,0.54388110360595,-2.64600783019088,0.00814479311193084,0.0141552689980293,"ENSG00000253140","LINC02947"
1.28208360710812,-3.59583300958228,0.472911324914364,-7.6036094298089,2.87983519471925e-14,2.13294208690755e-13,"ENSG00000253152","IGLV3-17"
3.16482483897215,-2.53536164195877,0.248816016211169,-10.1897043468738,2.20433563335884e-24,3.58958458685926e-23,"ENSG00000253177","LOC101926956"
2.03033066433228,-2.34513639737335,0.406748619843631,-5.76556694470138,8.13837887159233e-09,3.44599397000122e-08,"ENSG00000253209","IGHV3-65"
5.0182029711196,-1.0212310245276,0.251444367747397,-4.06145913577802,4.87669552862104e-05,0.000125380709501734,"ENSG00000253214","LOC105375924"
30.512171879576,-1.92290012509166,0.33738197954517,-5.69947490285033,1.20177014385189e-08,4.98376191572361e-08,"ENSG00000253234",NA
12.21892616888,-1.53448992942313,0.485837445146349,-3.15844310633755,0.00158614266120628,0.003143748164522,"ENSG00000253239","IGLVI-70"
1.29311170840183,-1.92039069741652,0.401130635410131,-4.78744460754796,1.68918339395927e-06,5.37393743877137e-06,"ENSG00000253240","IGHV3-36"
3.3296500079123,-2.12358527767371,0.403246872587789,-5.26621636032997,1.39264144051036e-07,5.09156385158822e-07,"ENSG00000253247","IGHV3-76"
13.7553355971113,-2.92404503687544,0.254621455075876,-11.4838910020528,1.58962138532545e-30,3.86566561679998e-29,"ENSG00000253250","C8orf88"
21.1149576051908,-1.14802495662877,0.378549547534563,-3.03269403993661,0.00242381212091985,0.00465825066798327,"ENSG00000253274","IGHV1-67"
0.365201964239929,-3.12928279496847,0.537363854250064,-5.82339651284443,5.76635261262228e-09,2.48485719454706e-08,"ENSG00000253282",NA
0.979722745277966,-1.87770323414679,0.521419759212614,-3.60113555531971,0.000316830320302341,0.000712099574690992,"ENSG00000253288",NA
83.6127733730773,-1.65033796138352,0.197782633786519,-8.34420054879464,7.16972320412728e-17,6.63428033764336e-16,"ENSG00000253304","TMEM200B"
884.824827105875,-1.66996599938345,0.116029890034549,-14.3925500479764,5.76311575144115e-47,4.03596559737082e-45,"ENSG00000253313","C1orf210"
1.81200746902251,-1.42288132792114,0.394334729130607,-3.60830843141353,0.000308199962049852,0.000694000465089063,"ENSG00000253325","IGHV7-34-1"
2.3938238032793,-1.57185371566733,0.431821563970864,-3.64005377872558,0.000272581103970719,0.000618832341562576,"ENSG00000253359","IGHV3-37"
2.17703118983056,-1.54141340391151,0.404568479400116,-3.81001853183689,0.000138956375491996,0.000331171322126255,"ENSG00000253364",NA
1.89889274330408,-1.4357521926303,0.20809299622996,-6.89956999342577,5.21601840390554e-12,3.10001947093764e-11,"ENSG00000253390",NA
0.949552297831824,-1.51494043814627,0.304055736721433,-4.98244320097869,6.27864236810405e-07,2.11249639561124e-06,"ENSG00000253409","TRBV7-4"
4.04611136421949,-1.53783928589011,0.41465354472207,-3.70873300244153,0.000208298929282293,0.000481393900824496,"ENSG00000253435","IGKV2-4"
3.99123048366357,-1.82391601056983,0.380945323432285,-4.78786822774593,1.68562263256131e-06,5.36349692577049e-06,"ENSG00000253441","IGHV3-25"
95.0286900912715,-1.65807632293307,0.370978033115594,-4.46947305480058,7.84125360912331e-06,2.27991134772717e-05,"ENSG00000253451","IGLV2-28"
7.32613164956333,-2.06498815625625,0.438955266656345,-4.70432482103674,2.54707456024031e-06,7.89864297608964e-06,"ENSG00000253460",NA
0.391128250080594,-2.44896487000115,0.562568112570414,-4.35318820117916,1.34171872370037e-05,3.76698260333782e-05,"ENSG00000253461",NA
0.397605619358179,-1.84084927393895,0.532877751271167,-3.45454331607511,0.000551225660793242,0.00118701540161968,"ENSG00000253467",NA
9.57310097750507,-2.84536614953053,0.401543059190719,-7.0860797725284,1.37964303401416e-12,8.68847432084231e-12,"ENSG00000253481",NA
1.67536537480272,-1.2447505025963,0.234146425030631,-5.31612004083965,1.06003232360222e-07,3.93388636539911e-07,"ENSG00000253483",NA
8.01190725269305,-1.11275478882963,0.402358359912511,-2.7655813814123,0.00568214250582223,0.0101956098810541,"ENSG00000253497","IGKV1-13"
8.32775118341565,-1.50445990172455,0.175392073315509,-8.57769609130635,9.6792279536035e-18,9.61098339700914e-17,"ENSG00000253520",NA
8.40247579312216,-2.38462577506758,0.352376124338863,-6.76727397334787,1.31231433582204e-11,7.49139558564958e-11,"ENSG00000253545","IGHV3-52"
32.5763461466889,-2.9228006113216,0.219898568439351,-13.2915854435302,2.59030845371702e-40,1.21747663960952e-38,"ENSG00000253549",NA
53.3372650632842,-1.13189860871738,0.213705629759118,-5.29653154197772,1.18022959672034e-07,4.35264146811578e-07,"ENSG00000253570",NA
11.1722473275504,-1.00882658979926,0.192233431482822,-5.2479247861182,1.53822069280771e-07,5.59031770265414e-07,"ENSG00000253582",NA
2.68195925483092,-1.24552197874803,0.473268844126198,-2.63174302345562,0.00849480886618236,0.0146997892014634,"ENSG00000253590",NA
1.01624919928151,-1.19208116913828,0.44551225986553,-2.67575390517443,0.00745613718441233,0.0130605542999271,"ENSG00000253595","LINC01300"
0.620165145181421,-2.13393593238495,0.435431724963374,-4.90073600531621,9.54782843430785e-07,3.13935995735768e-06,"ENSG00000253608","LOC101929268"
0.931813357793106,-2.7322288678739,0.571521942568507,-4.78061936798935,1.7475595837699e-06,5.54726084190896e-06,"ENSG00000253631",NA
0.737372052182249,-2.6369769674123,0.462552368494145,-5.70092631024045,1.19158141211798e-08,4.94417553979064e-08,"ENSG00000253647","KCNIP1-OT1"
0.930989160462483,-2.43008465383571,0.333772903004988,-7.28065289889454,3.32208425481446e-13,2.2270997967716e-12,"ENSG00000253665","LOC105379385"
18.5266296414998,-1.83165233513808,0.387551822471894,-4.7262126738442,2.28746075693149e-06,7.13963335945325e-06,"ENSG00000253691",NA
0.757173079307946,-1.30591963307126,0.460431103292002,-2.83629759964991,0.00456398963085384,0.008326849966186,"ENSG00000253692","IGHEP1"
1.40620782233996,-1.92301080432416,0.521893413372224,-3.68468111505487,0.000228989149217796,0.000525859862619555,"ENSG00000253703","IGHV1-68"
6.50677744191196,-2.01741429545407,0.38744385495282,-5.20698488223472,1.91933723446448e-07,6.89651950032299e-07,"ENSG00000253709","IGHV1-14"
0.958942514226257,-3.13426730122146,0.818149632657042,-3.83092184621844,0.000127664054501862,0.000305870250104885,"ENSG00000253734","LINC01289"
1.37912022353337,-2.22423115311673,0.243424599743081,-9.13724888718835,6.40612185184787e-20,7.49303823662899e-19,"ENSG00000253736","LOC105377730"
8.41124287074505,-1.98997267010588,0.360063108531441,-5.52673301694863,3.2624885568069e-08,1.28438355051766e-07,"ENSG00000253742","IGHV3-60"
1.27718492901331,-4.16621704159858,0.871904078253939,-4.77829745898399,1.76785717952698e-06,5.60752454263457e-06,"ENSG00000253762",NA
14.105969753194,-1.57080050128512,0.347515357960173,-4.52008944440707,6.18135097372152e-06,1.82376180559183e-05,"ENSG00000253763","IGHV3-6"
38.3206679209564,-1.70064569154893,0.448900090138189,-3.78847259982818,0.000151576306080655,0.000359111057424388,"ENSG00000253818","IGLV1-41"
0.957037292455439,-1.98512552745422,0.491982952588231,-4.03494779038754,5.4614440219833e-05,0.000139158418923184,"ENSG00000253822",NA
14.0364938718918,-2.01897149675508,0.34628799877032,-5.83032476991553,5.53196031468072e-09,2.39028184107136e-08,"ENSG00000253883","IGHV3-19"
1.46626763042954,-1.16498198029021,0.478230041250337,-2.43602843778772,0.0148495170501893,0.0244861632367742,"ENSG00000253888","LOC105379340"
1.80343451734084,-1.27591544768203,0.291233752966124,-4.38106996420311,1.18097939141025e-05,3.34623882832558e-05,"ENSG00000253891",NA
12.5017351749556,-2.07872240747832,0.332408069285079,-6.2535257099778,4.01288466242854e-10,1.97066517583842e-09,"ENSG00000253936","IGHV3-63"
4.31900244476983,-1.87437745855449,0.377006116932727,-4.97174282954394,6.63536863055301e-07,2.22570247547436e-06,"ENSG00000253957","IGHV3-22"
865.662661207907,-3.02389578228225,0.167270013170488,-18.0779311543437,4.75593969230784e-73,1.45120328055682e-70,"ENSG00000253958","CLDN23"
1.70410555648201,-1.57999780921336,0.281036739429321,-5.62203294993294,1.8872325639346e-08,7.64713072630306e-08,"ENSG00000253988",NA
53.732875545011,-1.92781373623605,0.489344394147279,-3.93958479813672,8.16227483366996e-05,0.000202200374052905,"ENSG00000253998","IGKV2-29"
0.864606656085228,-2.60625435620349,0.432640379614963,-6.02406635858394,1.70088576331116e-09,7.78592153137564e-09,"ENSG00000254030","IGLC5"
2.04663679710166,-1.01872189192231,0.240729657564381,-4.23180883580938,2.31819403081394e-05,6.27482440880763e-05,"ENSG00000254035",NA
10.1353627242705,-2.15755957283921,0.282046936427197,-7.64964725435382,2.01531375837379e-14,1.51274439805148e-13,"ENSG00000254042",NA
4.55650671950671,-1.22977648119453,0.414963804866632,-2.96357529686181,0.00304087655648499,0.0057345973684855,"ENSG00000254046","IGHV1-17"
16.0018184710558,-2.10475315067698,0.351421455015418,-5.98925626377775,2.10802787091814e-09,9.53498206508112e-09,"ENSG00000254056","IGHV3-71"
6.68681719488867,-1.28056260770243,0.42042467350333,-3.04587881827132,0.00232001319756024,0.0044717274480673,"ENSG00000254098","IGKV2-26"
0.841201954044401,-2.91585090733719,0.411846779197893,-7.07994102325156,1.44215824096031e-12,9.06583680349918e-12,"ENSG00000254139","LINC03018"
1.00184058815648,-2.26919594264118,0.30090433112882,-7.54125384014404,4.65474044704992e-14,3.37789365737501e-13,"ENSG00000254143",NA
2.89309823808284,-2.30480779770494,0.461731138900258,-4.99166636929553,5.98605895357375e-07,2.01935604622313e-06,"ENSG00000254157","IGKV2-18"
1.07847672643535,-1.40341559271735,0.593482295208028,-2.36471349532916,0.0180440238646068,0.0292297373187216,"ENSG00000254167","IGHV8-51-1"
11.9107271409477,-2.15582317779204,0.364995534715603,-5.90643712798244,3.49585623542692e-09,1.54222816619e-08,"ENSG00000254174","IGHV1-12"
4.99481496216135,-2.21847624313851,0.383605172609222,-5.7832281771614,7.3280556669786e-09,3.12110065612414e-08,"ENSG00000254176","IGHV3-75"
1.51417494741122,-2.03941039174941,0.527884541020857,-3.86336449217751,0.00011183594323888,0.000270833743367675,"ENSG00000254220","IGKV2D-18"
2.53553218438145,-1.84834703837763,0.475455653892629,-3.88752772891631,0.000101270421850677,0.000247036603571663,"ENSG00000254228","IGHV3-42"
1.0839296910856,-2.41364117846877,0.487185249805966,-4.95425750149469,7.26070026669069e-07,2.42677686823834e-06,"ENSG00000254237","LOC105379230"
3.24323178067422,-2.65529782137189,0.309113300934166,-8.59004712300428,8.69336636004046e-18,8.6521837029375e-17,"ENSG00000254248",NA
0.376945135543259,-1.93731470099808,0.691130926365165,-2.80310810454817,0.00506127012177586,0.00916367564737068,"ENSG00000254251","LOC105375635"
0.587723989331146,-2.0507577001683,0.754055571359715,-2.71963735573277,0.00653535459846203,0.0115784884681383,"ENSG00000254293",NA
1.49294929171939,-1.24725737779717,0.350509767561348,-3.55840975980466,0.000373106933107547,0.00082760296874089,"ENSG00000254302",NA
3.08951377098264,-2.16011040198184,0.424846666795127,-5.08444709776553,3.68698511517597e-07,1.27890217180775e-06,"ENSG00000254326","IGHV7-27"
102.956867066814,-1.67708902857905,0.336805840253623,-4.97939414386688,6.37836279202704e-07,2.14417167321031e-06,"ENSG00000254395","IGHV4-55"
1.63851438548988,-1.1472261031879,0.286715787002647,-4.00126590579858,6.30045072537322e-05,0.000158904112462887,"ENSG00000254401","LINC02752"
1.91529980423969,-1.36623044169031,0.383304729119733,-3.56434538344435,0.000364765391249785,0.000810875508838024,"ENSG00000254427","LINC02696"
0.575271264190685,-2.1150701782226,0.578797542532166,-3.65424871876517,0.000257936138030054,0.000587553247035853,"ENSG00000254489","MPPED2-AS1"
1.03061300256264,-1.13619945904294,0.346649653126313,-3.27765929893757,0.00104671650255263,0.00214344124493426,"ENSG00000254506","KIAA1191P2"
11.0759059699881,-3.0205334895112,0.258130049241461,-11.7015957591428,1.25078991110397e-31,3.25807044120693e-30,"ENSG00000254510",NA
2.24318537163688,-1.82501256401298,0.343778753301412,-5.30868340898567,1.10419937287755e-07,4.08594953531897e-07,"ENSG00000254533",NA
1.30022461160846,-2.94842842285147,0.700820171509783,-4.20711124295929,2.58655833765818e-05,6.94887907259758e-05,"ENSG00000254547",NA
2.17968757837603,-2.98118837841978,0.620857166779342,-4.80172983084743,1.57300829544646e-06,5.02638380444067e-06,"ENSG00000254609",NA
72.2037171194285,-4.62629390090119,0.342196014461716,-13.5194266016759,1.20108301508242e-41,6.00494651246734e-40,"ENSG00000254645",NA
1.32465965659866,-3.68677472492238,0.402934000231407,-9.14982285636121,5.70269827741916e-20,6.70084476381218e-19,"ENSG00000254695",NA
8.01637924752526,-1.20651409990427,0.182513089416031,-6.61056203565801,3.82863631367504e-11,2.08232536924409e-10,"ENSG00000254703","SENCR"
50.9186787774153,-2.39528888641551,0.30227641878196,-7.92416721114888,2.29680386379068e-15,1.87643897473779e-14,"ENSG00000254709","IGLL5"
6.21849451271514,-1.15168672711379,0.171495925393102,-6.71553405408265,1.8737865839917e-11,1.05077994158006e-10,"ENSG00000254718","LOC101927702"
1.06628602665139,-4.81137416132522,0.443760297206431,-10.8422817264498,2.16990474139356e-27,4.36787055457373e-26,"ENSG00000254799",NA
218.290946165771,-2.09338084135477,0.161581983804666,-12.9555337300811,2.18610286112627e-38,9.01814342293151e-37,"ENSG00000254827","SLC22A18AS"
105.860362102605,-1.22101944484495,0.218916778146924,-5.57755077148758,2.43928602389258e-08,9.76196833148725e-08,"ENSG00000254838","GVINP1"
2.2346917142785,-1.1273365331869,0.226273093899004,-4.9821943641699,6.28672401883795e-07,2.11503043710415e-06,"ENSG00000254847",NA
36.2640747930782,-2.67967017427404,0.434293118845433,-6.1701879629084,6.82088586193701e-10,3.26619253622982e-09,"ENSG00000254851",NA
2.2142178478687,-1.29526695031037,0.239255267194745,-5.41374476515109,6.172012709555e-08,2.3573949199708e-07,"ENSG00000254887",NA
1.07946369738972,-1.21339542010858,0.282466043002214,-4.29572138021232,1.74126169475841e-05,4.79867309715265e-05,"ENSG00000254965","C1DP5"
5.30715333939671,-2.49650400380169,0.280228969658195,-8.9088005670747,5.1587613299989e-19,5.59354434015347e-18,"ENSG00000255085",NA
3.96629830722064,-1.51097148913024,0.320365082300849,-4.71640504101917,2.40048324555879e-06,7.4723811304347e-06,"ENSG00000255186",NA
195.503346939304,-1.12943959952731,0.252174917485918,-4.47879436538479,7.50658023093944e-06,2.18839467803252e-05,"ENSG00000255248","MIR100HG"
27.0560490602034,-1.25110885058736,0.204420864431842,-6.12026005302658,9.34227637152217e-10,4.41418827154864e-09,"ENSG00000255277",NA
0.566397351892411,-1.61707087421562,0.726623866460311,-2.22545796918706,0.0260505097083231,0.0408501487379027,"ENSG00000255298","OR8G5"
3.7327322739935,-1.61687476824903,0.303334972657847,-5.33032757179905,9.8035774827778e-08,3.65443226178358e-07,"ENSG00000255366",NA
5.78054046962647,-1.27902117807371,0.288527262846218,-4.43293006510588,9.29610262933492e-06,2.67841170406205e-05,"ENSG00000255408","PCDHA3"
1.45110626195245,-2.53812284813147,0.225889440649914,-11.2361287930456,2.71007722684506e-29,6.08469764815946e-28,"ENSG00000255478",NA
7.36170893784206,-1.25861378994931,0.186464499799424,-6.74988424768883,1.47963151819789e-11,8.39294673652322e-11,"ENSG00000255495",NA
12.0882029044986,-1.22519587208238,0.257664242778596,-4.75500930540509,1.98437276863104e-06,6.24688281630702e-06,"ENSG00000255571","MIR9-3HG"
9.08630183682149,-1.51782272187256,0.212394756893655,-7.14623441779462,8.91906982225385e-13,5.7314303435767e-12,"ENSG00000255587","RAB44"
0.631975170986229,-1.3221848006384,0.45764904269441,-2.88908022805868,0.00386370483547325,0.00714344120266602,"ENSG00000255652","LINC02963"
7.7966790452035,-1.20636063761611,0.35730459403015,-3.37628079171665,0.000734728935938416,0.0015467405902658,"ENSG00000255733",NA
429.02774543363,-1.4310939843432,0.186587855233448,-7.66981314272943,1.72247092329236e-14,1.3033623221378e-13,"ENSG00000255774","LINC02747"
22.8834984505663,-1.67390810835168,0.228026737164235,-7.34084138188609,2.12255241888609e-13,1.44537323501441e-12,"ENSG00000255833","TIFAB"
2.93963433661896,-1.71424343356159,0.324948233385425,-5.27543546152568,1.32441216069855e-07,4.85689377550336e-07,"ENSG00000255860","FOLR3P1"
1.35154350509352,-3.65367009469765,0.353521029568729,-10.3350855793639,4.88975445374912e-25,8.35168322893346e-24,"ENSG00000255986",NA
2.85281699519073,-1.51517690545163,0.273340357862385,-5.54318768476354,2.97014202467226e-08,1.17579335278598e-07,"ENSG00000256045",NA
15.5523187095646,-1.38219166078473,0.190847987156347,-7.24236960200375,4.40912293642995e-13,2.9222125415777e-12,"ENSG00000256139",NA
3.07120218038608,-3.69914416664977,0.35773621611432,-10.3404240331867,4.62486554338818e-25,7.92036550319133e-24,"ENSG00000256193","LINC00507"
2.29182728649615,-2.66037926264165,0.283938462615724,-9.36956282052617,7.28335753661339e-21,9.15407803890733e-20,"ENSG00000256508","MRGPRF-AS1"
6.37240962474469,-5.25397164434107,0.504918437557865,-10.4055848500065,2.33815872233943e-25,4.086144927172e-24,"ENSG00000256518",NA
1.24113917628083,-3.12581444707164,0.539515951010303,-5.79373870451506,6.88365294044563e-09,2.94160058465392e-08,"ENSG00000256590","TRDV3"
34.6362179654764,-3.07044408205863,0.267268455076333,-11.4882397220491,1.51160667510142e-30,3.68527215203705e-29,"ENSG00000256612",NA
72.0909841243052,-2.51959897486945,0.262513767465732,-9.59796889585364,8.15352519266365e-22,1.10147077681778e-20,"ENSG00000256643","LINC02441"
0.651529758802377,-1.86110031939903,0.553293412325578,-3.36367698935099,0.000769115027181796,0.00161347549790247,"ENSG00000256650",NA
1.80143613349275,-2.48528456601895,0.613415513805306,-4.05155153413314,5.08791164607913e-05,0.000130357816244705,"ENSG00000256654",NA
0.718010834820522,-1.90564407584904,0.455008703032947,-4.18814862912864,2.81239317277448e-05,7.50889446622641e-05,"ENSG00000256797","KLRF2"
71.1589087841297,-1.36018378611572,0.31220336397288,-4.35672367141399,1.32023771607205e-05,3.71155158451463e-05,"ENSG00000256802","LCIIAR"
2.20826984853713,-4.18520931162473,0.341552598882199,-12.2534840177521,1.60930680073579e-34,5.11347260891645e-33,"ENSG00000256843",NA
20.0934184918961,-1.04455796483843,0.202994484031072,-5.14574555966035,2.66460386554905e-07,9.39958022009031e-07,"ENSG00000256894",NA
2.44157754981237,-2.03659582086,0.269094895462874,-7.56831829662477,3.78086684675605e-14,2.76829151889602e-13,"ENSG00000257008","GPR142"
1.50329531006955,-1.94495870228443,0.248775909620241,-7.81811512719795,5.36201409936386e-15,4.2435849336814e-14,"ENSG00000257023",NA
1.86640275876845,-1.48126438709053,0.428035312815046,-3.46061257738,0.000538947833054491,0.00116246436675714,"ENSG00000257060",NA
3.64661282022966,-2.72010166628993,0.330489228624356,-8.23053047027345,1.86386184920093e-16,1.67507939495625e-15,"ENSG00000257194",NA
2.1718276515921,-2.78691631328361,0.600214348037465,-4.64320175350032,3.43051063430724e-06,1.0460214319709e-05,"ENSG00000257275",NA
7.40375332558765,-3.98006414098401,0.470364338648531,-8.46166219237557,2.63593135844781e-17,2.52790354048997e-16,"ENSG00000257277",NA
20.1354636758045,-1.55558555815413,0.268664468398132,-5.7900680630716,7.03579075413355e-09,3.00260902568734e-08,"ENSG00000257302",NA
49.3116166588351,-1.63107212481192,0.264065794958806,-6.17676410936283,6.54287166170353e-10,3.13775460618081e-09,"ENSG00000257335","MGAM"
1.16289946167771,-1.59003725848599,0.405177444864875,-3.92429854780356,8.69828117273204e-05,0.000214496487096934,"ENSG00000257398",NA
4.06032871876789,-2.34662771906715,0.239449043777874,-9.80011313490152,1.12459615945235e-22,1.61937634990504e-21,"ENSG00000257582","LINC01475"
29.8346709829694,-1.18500556990914,0.157554894170622,-7.52122348307288,5.42659978197912e-14,3.91071193660265e-13,"ENSG00000257698","GIHCG"
4.26590371483479,-1.51407646384866,0.193581657841869,-7.82138390965458,5.2245740065902e-15,4.14077915546019e-14,"ENSG00000257718","CPNE8-AS1"
3.12428275034798,-1.50042497614845,0.336615902823171,-4.45737995015835,8.29674729643844e-06,2.4050745932758e-05,"ENSG00000257766",NA
12.1090646172854,-1.286960639589,0.459469681011987,-2.8009696673662,0.00509493077334777,0.00921810839731302,"ENSG00000257842","NOVA1-DT"
3.96248688917947,-2.57325966390836,0.27303144066802,-9.4247741491325,4.31032182689751e-21,5.52580671152813e-20,"ENSG00000257859","CASC18"
2.93553380942619,-3.84227650997417,0.518188189544496,-7.41482841079734,1.21782374701364e-13,8.46837938170255e-13,"ENSG00000257943",NA
2.02755023138147,-2.21538604524531,0.330555704098566,-6.70200519239783,2.05578730248406e-11,1.14815302757996e-10,"ENSG00000257951",NA
1.14907854903853,-1.06720111552941,0.340429618395119,-3.13486564582862,0.00171932836203725,0.00338781352681664,"ENSG00000257955",NA
2.31994829138616,-1.71776583990447,0.235473435790577,-7.2949453263688,2.98780382362472e-13,2.00930721719257e-12,"ENSG00000258016",NA
1.66252708063119,-2.46094724135462,0.279141788591935,-8.81611905465065,1.18495483768112e-18,1.25193620896746e-17,"ENSG00000258021","LOC102724178"
0.978305865781693,-2.38690630120233,0.549625290882804,-4.342788333791,1.40685664370774e-05,3.93807188792366e-05,"ENSG00000258081",NA
0.782181202997371,-1.14564478046299,0.343635312545707,-3.33389712476249,0.000856383252203543,0.0017820614254963,"ENSG00000258100","LINC02823"
0.707301564145844,-1.25626580215501,0.329066256644823,-3.81766825612558,0.000134718907823431,0.000321770382623312,"ENSG00000258130",NA
3.28377165640312,-3.62313346938215,0.40675510516256,-8.90740748769252,5.22397634594755e-19,5.65923411024642e-18,"ENSG00000258137","GPR84-AS1"
1.83868813221641,-3.07824350456651,0.362151251712757,-8.49988365360679,1.89780812847782e-17,1.8434822919552e-16,"ENSG00000258216",NA
20.3772953984622,-2.99181954654204,0.535380590079848,-5.58821070837818,2.29421172060208e-08,9.21784491817203e-08,"ENSG00000258274","CRADD-AS1"
1.43602263070471,-1.89655672936645,0.270260910335187,-7.01750292713168,2.25868429587016e-12,1.39143783245185e-11,"ENSG00000258479",NA
1.53210524936111,-2.95530936373427,0.494476154447246,-5.97664687600131,2.27777194274874e-09,1.02677333664979e-08,"ENSG00000258537","FRMD6-AS1"
5.30837096307847,-1.60619969301778,0.267102933560291,-6.01341090346065,1.8165979253187e-09,8.2840399044868e-09,"ENSG00000258572","SYNE3-AS1"
3.01154164041307,-1.27463590657165,0.279661875140096,-4.55777501289057,5.1698373446963e-06,1.54033428697721e-05,"ENSG00000258604",NA
5.46422476062846,-2.11647763461096,0.217922016160101,-9.71208724985385,2.6779611151342e-22,3.73041923889726e-21,"ENSG00000258630","LINC02292"
3.31491400745943,-1.68712305919632,0.303647100469676,-5.55619683700818,2.75715940922615e-08,1.09588036603451e-07,"ENSG00000258636","LOC124907392"
9.17846472383176,-1.35826575519316,0.378714573582343,-3.5865156768197,0.000335125926012992,0.000749888632139536,"ENSG00000258647",NA
1.04114463624963,-1.20602468587335,0.354831145645638,-3.39886929508095,0.000676650446485834,0.00143365919299244,"ENSG00000258675",NA
0.921273134851512,-1.44003462017987,0.350780801029282,-4.10522644327864,4.0391901810913e-05,0.000105191861337409,"ENSG00000258679",NA
6.08469617789133,-1.94513276469368,0.393114691932879,-4.94800322809049,7.49786658296883e-07,2.4999607710988e-06,"ENSG00000258700","LINC00871"
19.42117283946,-1.20988834363217,0.263627348704022,-4.5893885804334,4.44546206529261e-06,1.33516662779709e-05,"ENSG00000258754",NA
8.44111382766619,-1.52123486429404,0.17927850892077,-8.48531635750237,2.15132632806407e-17,2.07871433362854e-16,"ENSG00000258789",NA
2.82638499737907,-1.25601998069105,0.335385302245113,-3.74500603420331,0.000180389440038178,0.000421786340761895,"ENSG00000258793",NA
0.896671180365683,-1.77611204982573,0.443397034273605,-4.00569221834205,6.18361242457678e-05,0.00015619298790336,"ENSG00000258794","DUX4L27"
4.87889875528418,-1.02376885685846,0.212688424461304,-4.81346767907777,1.48333600896218e-06,4.75367337972567e-06,"ENSG00000258810",NA
4.11203383168025,-1.77133835817017,0.211835192984014,-8.36187006142952,6.17318147691523e-17,5.74395712107841e-16,"ENSG00000258819","LINC02289"
141.787992473414,-1.25991686985748,0.314535493849284,-4.00564290674678,6.18490269493397e-05,0.000156215315932286,"ENSG00000258837",NA
15.3092953856606,-2.66489581496395,0.36069948043611,-7.38813322309729,1.48904513287959e-13,1.02799996810597e-12,"ENSG00000258986","TMEM179"
4.53398446466833,-2.99365534421363,0.327323334125835,-9.14586597441525,5.91540026152094e-20,6.93593759849635e-19,"ENSG00000258987",NA
10.831429892394,-3.77883168597759,0.328687515911651,-11.4967301861058,1.37007924295147e-30,3.35298769279155e-29,"ENSG00000259087",NA
116.296959218885,-1.86060306247872,0.158839738158929,-11.7137127273345,1.08425555112343e-31,2.83967119714186e-30,"ENSG00000259120","SMIM6"
0.400962198603635,-3.58048016744683,0.394536318470403,-9.0751598771139,1.13510732807516e-19,1.3001488881946e-18,"ENSG00000259135",NA
222.62610166702,-1.35221749566609,0.18396308383267,-7.35048286587782,1.97492096545843e-13,1.3493830879506e-12,"ENSG00000259207","ITGB3"
1.52339575910248,-1.2203074276687,0.292006946144182,-4.1790356146739,2.92747843279829e-05,7.79559241624851e-05,"ENSG00000259236",NA
4.68633097348736,-4.85707176187229,0.486115013093259,-9.99161027956255,1.65865077707311e-23,2.52855457676963e-22,"ENSG00000259237","LINC02490"
1.80664991655519,-2.71426517397291,0.36084990760995,-7.52186744885304,5.3999316812862e-14,3.89222297244864e-13,"ENSG00000259261",NA
174.228465295231,-1.16661714154681,0.139153672248996,-8.38366047185093,5.13066489878419e-17,4.80064914489062e-16,"ENSG00000259291","ZNF710-AS1"
0.712847424189676,-2.18186291075163,0.504626774492793,-4.32371610274674,1.53422706422271e-05,4.26726672489117e-05,"ENSG00000259303","IGHV2OR16-5"
24.1250393446597,-1.81927563698238,0.117572835491856,-15.4736051858543,5.22944658498549e-54,5.47837964176941e-52,"ENSG00000259319",NA
526.853765155111,-1.48561931671164,0.097435223648898,-15.2472510564042,1.71711524633999e-52,1.64633241586118e-50,"ENSG00000259330","INAFM2"
22.3534292829418,-2.4155467298582,0.342983636841055,-7.04274627240485,1.88487278466179e-12,1.17242685571739e-11,"ENSG00000259337",NA
185.345219688564,-1.71075194219806,0.242707215731796,-7.04862415004806,1.80695490177007e-12,1.12559940227404e-11,"ENSG00000259342",NA
15.0431071760513,-1.68972717448524,0.183546067014283,-9.20601134075922,3.38468705431633e-20,4.04888186612632e-19,"ENSG00000259347",NA
14.0378155274059,-1.53934252910487,0.230588168360446,-6.67572208951604,2.46017787479105e-11,1.36370326920547e-10,"ENSG00000259363",NA
33.9526678225328,-1.96593149848548,0.256249597853899,-7.67193983893141,1.69414414808926e-14,1.28344354801158e-13,"ENSG00000259370",NA
25.0524567449215,-1.0557887915425,0.393205813249287,-2.68507930444342,0.00725125982980282,0.012735915334693,"ENSG00000259417","CTXND1"
0.911545878869543,-1.36615470172005,0.426961642505832,-3.19971296180638,0.00137564515331407,0.00275494474473727,"ENSG00000259425",NA
0.773495209616883,-2.19491245021658,0.590292035132258,-3.71835010398675,0.000200528225736307,0.000464832310073784,"ENSG00000259430",NA
5.2898008694062,-1.71071269130217,0.232752073792793,-7.34993533430397,1.98302768638208e-13,1.35420009695083e-12,"ENSG00000259436","POU2F2-AS2"
0.723175895105537,-4.05883142332566,0.564181998984277,-7.1941880999978,6.28335239698154e-13,4.10494561778673e-12,"ENSG00000259446","RYR3-DT"
50.3777592142568,-2.91021716370046,0.275462355154773,-10.5648452837242,4.33683213997214e-26,7.92481869227704e-25,"ENSG00000259459",NA
0.76523211835162,-1.01754220175258,0.430781952069356,-2.36208178375299,0.0181726326946501,0.0294175178946323,"ENSG00000259462","CPEB1-AS1"
1.69169872100563,-3.23097449803386,0.734840548905402,-4.39683752189046,1.09839503052556e-05,3.12814768434193e-05,"ENSG00000259478",NA
12.3587953032204,-2.3982757692947,0.334899780921034,-7.16117449434876,7.99887534759314e-13,5.1694866446279e-12,"ENSG00000259490",NA
17.5631075679618,-1.08562943347022,0.325839724236572,-3.33178968897609,0.000862894396075827,0.00179444509119036,"ENSG00000259495","ARNT2-DT"
9.85665024397077,-1.84866037416669,0.248750731421304,-7.43177864685613,1.07147000323788e-13,7.5104479880559e-13,"ENSG00000259500",NA
1.58826021629114,-1.68452673127869,0.378125459723336,-4.45494131104321,8.39161470706653e-06,2.43092533636669e-05,"ENSG00000259514",NA
7.97091304649368,-1.26463855275557,0.13657872027409,-9.25941135059444,2.05562336092133e-20,2.50103010624501e-19,"ENSG00000259523",NA
1.24667023610498,-1.17412796583657,0.293251259947791,-4.00382922837435,6.23253626285003e-05,0.000157335733222452,"ENSG00000259570",NA
3.94834162388713,-1.33697719459687,0.229882229006275,-5.81592235457391,6.03004534510075e-09,2.59354685516376e-08,"ENSG00000259658",NA
2.0396288641937,-1.68979065299323,0.574315679003427,-2.94226801525846,0.00325817803052744,0.00610791217220189,"ENSG00000259672",NA
84.9616352709219,-1.51200998337855,0.206076166197087,-7.33714146221302,2.18203946463967e-13,1.48509242869537e-12,"ENSG00000259674","RPL7AP75"
13.072629009952,-2.66604427997484,0.347989138917692,-7.66128589032034,1.84080567041464e-14,1.3879869701987e-13,"ENSG00000259680","IGHV3OR16-17"
4.55124528485358,-2.40086730340149,0.296768860742129,-8.09002432869016,5.96528155842689e-16,5.12278713595797e-15,"ENSG00000259683",NA
0.658107933916896,-1.52343276176339,0.675578598919429,-2.25500447201863,0.0241330480822811,0.0381138391233759,"ENSG00000259737","LOC105370769"
3.80424184014857,-1.25291683194545,0.211570129305017,-5.92199303399366,3.18063100195227e-09,1.41012131148592e-08,"ENSG00000259793",NA
1410.07743259406,-3.63807624275371,0.336531029599544,-10.8105224266625,3.06917157399159e-27,6.11401240959869e-26,"ENSG00000259823","LYPD8"
50.4078117962943,-2.22488906202915,0.26579883198299,-8.37057501506077,5.73377472703877e-17,5.34804553446045e-16,"ENSG00000259834",NA
1.83584071033258,-2.72844151500102,0.387312300394247,-7.04455167631837,1.8605958849265e-12,1.15770076044294e-11,"ENSG00000259842",NA
15.7758739548742,-1.00101548056345,0.215623414822206,-4.64242476351117,3.44344043053536e-06,1.04979743266032e-05,"ENSG00000259856",NA
1.01107065655294,-1.11239252169774,0.415359875722399,-2.67814150262601,0.00740319351557603,0.0129796425324161,"ENSG00000259916","AQP7B"
0.492227871859714,-2.35343906599552,0.543842301676992,-4.32742921751113,1.50859802762172e-05,4.20206247685085e-05,"ENSG00000259990",NA
0.432962254082332,-2.31414609573631,0.546740155886721,-4.23262507942763,2.30979377653382e-05,6.25428842357882e-05,"ENSG00000259997",NA
8.08846231959122,-1.51850132272503,0.292800706129426,-5.18612589019445,2.14713696365581e-07,7.67131073707602e-07,"ENSG00000260001","TGFBR3L"
20.0494678728094,-1.30610868460386,0.122718986281506,-10.6430856722347,1.87804829793672e-26,3.52049355976466e-25,"ENSG00000260025",NA
2.30479035927875,-2.5211922956664,0.460382055819762,-5.47630443844544,4.3430024832514e-08,1.68610942616951e-07,"ENSG00000260048",NA
2.065006982437,-3.02544229854302,0.414173873020832,-7.30476376135596,2.77754307260953e-13,1.87183520618087e-12,"ENSG00000260057",NA
4.48000853624829,-1.60428422622356,0.247831261305297,-6.47329242394195,9.58901161590421e-11,5.0206826855055e-10,"ENSG00000260105",NA
3.25564100167601,-3.09098838692766,0.223140351319814,-13.8522161888036,1.23346893533907e-43,7.07808659059424e-42,"ENSG00000260173",NA
1.30851713971405,-1.00270524740179,0.28543872480641,-3.51285638653917,0.00044331702559881,0.000970184977413334,"ENSG00000260176",NA
1.24364025114893,-1.97686063311982,0.386493705492344,-5.11485854757078,3.13976155128359e-07,1.09820244143195e-06,"ENSG00000260182",NA
15.5017570347554,-3.29718115281126,0.33148601071924,-9.94666757024591,2.60769404000625e-23,3.91632862328595e-22,"ENSG00000260230","FRRS1L"
11.2521500555971,-1.71181446928289,0.139816499691866,-12.2432936960621,1.824744147511e-34,5.78367174273333e-33,"ENSG00000260273",NA
2.16598464199008,-1.5147098818018,0.453747082957701,-3.33822505684958,0.000843154272160278,0.0017566247047657,"ENSG00000260303",NA
644.376068034254,-1.19665152189669,0.25070538800718,-4.77313842916859,1.81377030297736e-06,5.74273464865112e-06,"ENSG00000260314","MRC1"
10.2595367464501,-1.49081911726227,0.155540831821168,-9.5847444031695,9.26868511110831e-22,1.24468437466567e-20,"ENSG00000260329",NA
10.1065778854546,-1.16846766294509,0.146724235307382,-7.96369911553599,1.66970981631483e-15,1.38441521043469e-14,"ENSG00000260352",NA
3.51619000415118,-1.02728966648237,0.297254167581473,-3.45593023923141,0.000548397230346881,0.00118125543812799,"ENSG00000260390",NA
0.845446596502025,-1.18981660376941,0.484876814262064,-2.45385336805637,0.0141334599820864,0.0234068117997534,"ENSG00000260409",NA
2.48552575198584,-1.10673725872271,0.18332596167788,-6.03699142550984,1.57014062862676e-09,7.21922946051339e-09,"ENSG00000260541",NA
50.1235091278981,-1.33811908374629,0.238653478555803,-5.60695403161031,2.05918322660338e-08,8.31961091984237e-08,"ENSG00000260549",NA
1.28147488694928,-1.36126681235389,0.327930690279246,-4.15108086161351,3.30908819147916e-05,8.74395283146385e-05,"ENSG00000260691","ANKRD20A1"
4.40435775346606,-2.68567567978103,0.266550113854781,-10.075687610639,7.07640727489377e-24,1.10957027119837e-22,"ENSG00000260719",NA
2.35120482783051,-1.92287717713033,0.398186494061456,-4.829086887195,1.37160554093655e-06,4.41659281678286e-06,"ENSG00000260838",NA
27.0582951660377,-1.67747111762084,0.293526616550639,-5.71488588439967,1.09777667305033e-08,4.57619210113479e-08,"ENSG00000260908",NA
7.79888768263292,-3.07152278972033,0.352963177408543,-8.70210544984172,3.25782647942394e-18,3.32855845480766e-17,"ENSG00000260947",NA
1.77181540205547,-1.76908599289871,0.408588381450417,-4.32975109722594,1.49277970700798e-05,4.16041329433387e-05,"ENSG00000261054",NA
2.64530342819654,-1.31540892326196,0.190857302076881,-6.89210687224368,5.497204768237e-12,3.26008069912707e-11,"ENSG00000261064",NA
0.843749924511751,-1.89395047925261,0.534661141348117,-3.54233800211686,0.000396596938450204,0.000875313575923938,"ENSG00000261156","LINC01989"
5.52041519804857,-1.82091351462533,0.365240811019662,-4.98551492518536,6.17970083954259e-07,2.08139253769509e-06,"ENSG00000261208",NA
3.39811741400477,-1.56453455374176,0.268038190293108,-5.83698372247214,5.31542865350203e-09,2.30085887684297e-08,"ENSG00000261218",NA
1.86084298745356,-4.10702731927154,0.658740216803953,-6.2346691677606,4.52733850063609e-10,2.20723539606842e-09,"ENSG00000261292",NA
0.829388908527272,-1.0651616982473,0.445432146008651,-2.39129956782827,0.0167888480105696,0.0273636372657752,"ENSG00000261294",NA
8.1565982409347,-1.14616106497403,0.228616016620867,-5.0134766667499,5.3455252360885e-07,1.81522176958042e-06,"ENSG00000261390","MAFTRR"
0.541592162649812,-1.37227416927842,0.561523488442446,-2.44384108149212,0.0145318260804594,0.0240168988228269,"ENSG00000261418","HERC2P6"
1.24238358037152,-1.27326287223915,0.319232043046798,-3.98851838332688,6.64872513708405e-05,0.000167161610872005,"ENSG00000261447",NA
0.738107344688336,-1.1293843601167,0.499688305646258,-2.26017768948193,0.0238102249552604,0.0376602450550679,"ENSG00000261453",NA
13.0017068540992,-2.82834487026742,0.179392447719014,-15.7662427054761,5.31171603474955e-56,6.30307241938321e-54,"ENSG00000261469",NA
1.98951760814727,-2.41718328605914,0.247266812804435,-9.77560740418049,1.43295196176063e-22,2.04198310132731e-21,"ENSG00000261513",NA
74.3645118982744,-1.12689021830288,0.150798160658674,-7.47283795359783,7.84834741928729e-14,5.56725854666676e-13,"ENSG00000261534",NA
22.0320436996,-3.01488821758086,0.261343497790823,-11.5361133644654,8.67573772049578e-31,2.14643557361584e-29,"ENSG00000261616","TTC23-AS1"
17.4117730594583,-2.09836589533821,0.246187250235138,-8.52345478221971,1.54863257150325e-17,1.51772308122829e-16,"ENSG00000261625",NA
1.26170748524583,-1.66067743239819,0.298420962476783,-5.56488196611654,2.6232991421443e-08,1.04602760960404e-07,"ENSG00000261671",NA
3.37486023334359,-2.57765327381674,0.370798479526283,-6.95162848863309,3.61093311070421e-12,2.18251132380514e-11,"ENSG00000261704",NA
4.81546241033657,-1.77435249634308,0.242265087110175,-7.3240123763114,2.40664477304844e-13,1.63477511642038e-12,"ENSG00000261729","GS1-204I12.4"
3.95100626942188,-2.20897960978311,0.207009628247599,-10.6709027424608,1.39266696337655e-26,2.63633021865772e-25,"ENSG00000261730",NA
21.9224910606864,-1.10045313200977,0.123353793656294,-8.92111299856741,4.61625308665237e-19,5.03349638180726e-18,"ENSG00000261737",NA
0.906516067657461,-1.61524708150746,0.335376099824553,-4.81622596944877,1.46298842208586e-06,4.69315943795871e-06,"ENSG00000261739","GOLGA8S"
2.79858506412172,-2.92158145203337,0.422508976974197,-6.91483876379695,4.683958077952e-12,2.79894523194002e-11,"ENSG00000261761","LINC02616"
2.72424667873246,-1.89733928398598,0.280773404594643,-6.75754630936358,1.40348191564344e-11,7.98338056084381e-11,"ENSG00000261795",NA
4.06291922039608,-2.39957783611636,0.420613272183826,-5.70495035417629,1.16377003457853e-08,4.8348284428599e-08,"ENSG00000261834",NA
27.3770501952743,-2.04643345483824,0.187529184237788,-10.9126132188756,1.00330070408164e-27,2.05837258110068e-26,"ENSG00000261888",NA
10.1440682359351,-1.19815400100615,0.268482461833028,-4.46269001269547,8.09371014074161e-06,2.34993863299421e-05,"ENSG00000262061","RPH3AL-AS1"
7.23710807966817,-2.62775702367848,0.217103635758837,-12.1036988371648,1.00957518382461e-33,3.04910739139864e-32,"ENSG00000262097",NA
6.91167345255125,-1.14885564221094,0.141022507840392,-8.14661191184604,3.74262383464646e-16,3.27624450297478e-15,"ENSG00000262185","LINC02861"
1.13886752632751,-2.99401208533683,0.529320021051237,-5.65633636791347,1.54638267060298e-08,6.32958315092866e-08,"ENSG00000262198",NA
20.1035631494227,-1.3256419031028,0.180749964068605,-7.3341198706941,2.23183274263345e-13,1.51817539731118e-12,"ENSG00000262294",NA
0.693495353425424,-1.00754944054331,0.418322824714365,-2.40854522157923,0.0160162419366611,0.0262222226180135,"ENSG00000262313",NA
1.59610142433893,-2.30330601187969,0.394148621424839,-5.84375001377218,5.1038602874507e-09,2.21351513222354e-08,"ENSG00000262488",NA
1.95985493678254,-2.03263480801375,0.144075272376972,-14.1081448223494,3.38362582027349e-45,2.15381228331216e-43,"ENSG00000262497","FAM187B2P"
3.02867055565172,-3.67832160167451,0.446679722124272,-8.23480766975841,1.79846333772876e-16,1.61895387369837e-15,"ENSG00000262543","SMIM28"
31.0113760565612,-1.88332885929904,0.244664941324879,-7.69758367954424,1.38663283051327e-14,1.05903600386857e-13,"ENSG00000262583",NA
3.3786159588681,-1.69556981111369,0.367324670398213,-4.61599763848025,3.91211393940257e-06,1.18357762534003e-05,"ENSG00000262619",NA
1549.51594041603,-1.33228366279821,0.253337896586371,-5.25891973032939,1.44904120021101e-07,5.28620239344459e-07,"ENSG00000262655","SPON1"
104.188008633896,-1.2892468607485,0.135636401166606,-9.50516859530122,1.99724221525032e-21,2.61806926183869e-20,"ENSG00000263155","MYZAP"
13.3056206853713,-1.82756855977469,0.22787175967827,-8.02016257896553,1.05605295641269e-15,8.88447877794279e-15,"ENSG00000263264",NA
2.13953281639519,-2.60778334796048,0.278161332473473,-9.37507497814843,6.91266206616035e-21,8.71380716254646e-20,"ENSG00000263312",NA
1.66456778349284,-1.0525181400159,0.244697531881127,-4.30130264054812,1.69796966004348e-05,4.6854115782453e-05,"ENSG00000263366",NA
17.1202144910213,-2.40949421407945,0.176609515408585,-13.6430599931442,2.22044231019238e-42,1.16307010217938e-40,"ENSG00000263400","TMEM220-AS1"
1.4773194666964,-1.4755643918071,0.413249827762882,-3.57063522517367,0.000356116547601814,0.000793073036703367,"ENSG00000263413","MIR4538"
50.516951098471,-1.77883920486378,0.198094234866133,-8.97976261684681,2.71351567606796e-19,3.00826231827523e-18,"ENSG00000263429","TMEM238L"
4.43298014732678,-2.91740346890741,0.203788417725017,-14.3158453334871,1.74232577128067e-46,1.18982591347119e-44,"ENSG00000263508",NA
2.20610194961729,-1.4324468225786,0.225350335891491,-6.35653289315862,2.06358270168217e-10,1.04530387525131e-09,"ENSG00000263586","HID1-AS1"
5.74673060014885,-1.41191914998273,0.220119885389747,-6.41431894025733,1.41453793096378e-10,7.29017960211318e-10,"ENSG00000263718","SEPTIN9-DT"
13.2837538826745,-1.06756583345847,0.11499488360901,-9.28359419092305,1.63855867773856e-20,2.00927025273188e-19,"ENSG00000263823",NA
13.8489800377436,-2.80095120291585,0.254768037562228,-10.9941232413493,4.07857909813807e-28,8.58287523733522e-27,"ENSG00000263961","RHEX"
2.97905700567109,-1.1837059580671,0.191436435217598,-6.18328458071017,6.27813868649737e-10,3.01681787376283e-09,"ENSG00000264148",NA
5.20046586773352,-1.55611335622004,0.172386677166155,-9.02687714503702,1.76640551346813e-19,1.98866743122428e-18,"ENSG00000264176",NA
1.29979682985196,-1.30161579330383,0.250382508818939,-5.19850927064989,2.00893107447613e-07,7.20161986204046e-07,"ENSG00000264279","MIR4786"
0.96939622096176,-1.70569532537731,0.310726948716298,-5.48937043415136,4.03368876329988e-08,1.57109950240696e-07,"ENSG00000264345","LINC01894"
2.66461568583556,-1.5672208874771,0.1945577090097,-8.05530089480529,7.92835284453057e-16,6.76178752914079e-15,"ENSG00000264500","MIR3124"
0.938231092285078,-1.02078662183672,0.394519968949295,-2.58741433178993,0.00966992378071265,0.0165492793054556,"ENSG00000264659",NA
5.3019120620514,-1.8330056428978,0.257389594527509,-7.12152193356011,1.06741743535931e-12,6.78779327443923e-12,"ENSG00000264717","NPY4R2"
1.74030491717577,-1.96973043665537,0.411619163378205,-4.78532248229059,1.70713011925207e-06,5.42474846639264e-06,"ENSG00000264781","MIR4537"
2.10985600138492,-1.20960798754855,0.324103824896244,-3.73216202535033,0.000189843320759759,0.000441982932860026,"ENSG00000265158","LRRC37A7P"
3.97171222618425,-1.02798023332816,0.345716048364539,-2.97348138216659,0.00294442268653794,0.00556751187868609,"ENSG00000265179",NA
0.426492082108998,-3.23868884110817,0.583123233529063,-5.55403841741584,2.79144089877029e-08,1.10881835143115e-07,"ENSG00000265243","IGLJCOR18"
1.27606805094605,-2.64860378002244,0.443866918750753,-5.96711236664548,2.41489111968945e-09,1.08629131717211e-08,"ENSG00000265369","PCAT18"
17.0684795772228,-1.23174313052853,0.188751746901699,-6.5257310236711,6.7670664767275e-11,3.59504497486171e-10,"ENSG00000265485","LINC01915"
4.18273415733511,-4.00354167782272,0.350167895942069,-11.433205968388,2.85374217916262e-30,6.8360015926645e-29,"ENSG00000265489","ARHGAP44-AS1"
33.1982589025203,-1.89677201568955,0.205627854283436,-9.22429513403887,2.85431985970967e-20,3.43689432027114e-19,"ENSG00000265519",NA
2.75345141639259,-1.62124593905565,0.384836378431417,-4.21281882358368,2.52203356340685e-05,6.78786310201632e-05,"ENSG00000265612","MIR4539"
2.09542967376235,-1.4129858578247,0.300715685863281,-4.69874344521922,2.61767033564509e-06,8.10188145182312e-06,"ENSG00000265929","MIR5195"
16358.8081655401,-1.56749824944996,0.142116607732785,-11.0296627147001,2.74894052929621e-28,5.84883876756233e-27,"ENSG00000265972","TXNIP"
3.52778292966605,-1.12759183264495,0.249428128475543,-4.52070838817005,6.16330404579148e-06,1.81871633009859e-05,"ENSG00000265975",NA
0.806368460056278,-1.89340859960125,0.4219985576658,-4.48676557112958,7.23125655623682e-06,2.1124543789806e-05,"ENSG00000266114",NA
123.579401095445,-2.34717663429263,0.356795997612513,-6.57848364331067,4.75270143113397e-11,2.56207391927661e-10,"ENSG00000266200","PNLIPRP2"
4.37991323511842,-1.80130371790634,0.240628600850986,-7.48582550676021,7.10988077622835e-14,5.07243618859995e-13,"ENSG00000266256","LINC00908"
2.23949032574231,-1.51673336483916,0.250033160935748,-6.06612882532379,1.31030043776861e-09,6.07978770587615e-09,"ENSG00000266389",NA
6104.6110676372,-1.04185923170437,0.0757630542686056,-13.7515473968437,4.98517481888135e-43,2.72251443553311e-41,"ENSG00000266412","NCOA4"
3.56302961501176,-1.81769222896304,0.294244484571835,-6.17748955127579,6.51288843311036e-10,3.12376523936869e-09,"ENSG00000266573",NA
7.68117859686422,-1.31775960659435,0.135012070898858,-9.7603095621096,1.66645765225572e-22,2.35725891671359e-21,"ENSG00000266601",NA
39.6136829605526,-1.60677090950219,0.139791351526971,-11.494065204686,1.41302394302713e-30,3.45149501509301e-29,"ENSG00000266680",NA
5282.28492666468,-1.3163433857348,0.161008677523533,-8.17560522812441,2.94384382882832e-16,2.60248249452661e-15,"ENSG00000266714","MYO15B"
38.9903663567393,-1.2713975130717,0.153469385695055,-8.28437220435597,1.18733733543089e-16,1.08020725355683e-15,"ENSG00000266865",NA
1.14733649368708,-1.20454702062231,0.459245186331755,-2.62288436868264,0.00871888581627041,0.015050285232261,"ENSG00000266955",NA
2.08287274169388,-1.79747899220169,0.306970537579104,-5.85554237998651,4.75455753736505e-09,2.06855803597458e-08,"ENSG00000266964","FXYD1"
20.9146837250968,-2.46679697172716,0.516013867839624,-4.78048580759043,1.74872104189736e-06,5.55003119513188e-06,"ENSG00000266968",NA
5.70203324427314,-1.15526666092143,0.334866171112921,-3.4499354087692,0.000560720696311482,0.00120584117972299,"ENSG00000267015","LOC124904332"
1.59877969728655,-1.54584567803699,0.402035468080106,-3.84504801384584,0.000120528836117221,0.000290112825530508,"ENSG00000267069",NA
9.58077876517657,-1.30315651012717,0.214211374471162,-6.08350753242845,1.1758139105883e-09,5.4902255793525e-09,"ENSG00000267272","LINC01140"
2.29080580233626,-1.72304061476769,0.392102267264417,-4.3943653445027,1.11096841320753e-05,3.16091190576408e-05,"ENSG00000267304",NA
10.1864865928309,-1.05578750837511,0.186171098522646,-5.67106020619352,1.41916509896108e-08,5.83848684637768e-08,"ENSG00000267364",NA
34.4817858546536,-1.11325400055286,0.153643407982899,-7.24569973530379,4.30212261539097e-13,2.85572700611079e-12,"ENSG00000267365","KCNJ2-AS1"
3.85346447327843,-3.08859100822401,0.340704060212812,-9.06531905224375,1.24240112970736e-19,1.41698594582791e-18,"ENSG00000267405",NA
11.1853932346789,-1.63878723849762,0.178132237835909,-9.19983523705141,3.58499032983293e-20,4.28183048186041e-19,"ENSG00000267414","SETBP1-DT"
1.75935388820039,-1.79627207960824,0.347051240154547,-5.17581230601088,2.26921497923028e-07,8.08043978016732e-07,"ENSG00000267453",NA
7.76339671067107,-1.72955906225168,0.178091100848489,-9.71165349650519,2.68938366116813e-22,3.74497405363749e-21,"ENSG00000267454","ZNF582-DT"
11.546447580637,-2.35971331580971,0.367311386138086,-6.42428578275167,1.32490090940093e-10,6.84656791179271e-10,"ENSG00000267466",NA
36.1383749265549,-1.37560105314698,0.126431662150736,-10.8801943259035,1.43257236181951e-27,2.91418569285052e-26,"ENSG00000267480",NA
5.61778181920446,-2.95282655296756,0.326789081703509,-9.03587885364732,1.62689812936072e-19,1.83698538559564e-18,"ENSG00000267505",NA
21.1427992622801,-1.57073967757561,0.366675784654709,-4.28372895978049,1.83786782415056e-05,5.04898208182327e-05,"ENSG00000267506",NA
3.44576285331559,-2.397678387373,0.219512111318872,-10.9227612680106,8.97257416087037e-28,1.85068969293446e-26,"ENSG00000267532","ALOX12-AS1"
2.87215049544421,-2.0185134443176,0.385591845094191,-5.23484474580763,1.65123600269491e-07,5.98069435662846e-07,"ENSG00000267594",NA
20.4594318140013,-1.25939945517601,0.246896402155968,-5.10092267112274,3.3800164979543e-07,1.17773694305645e-06,"ENSG00000267640",NA
1.36989073409017,-1.56815789996243,0.48128880937967,-3.25824716760736,0.00112102720084105,0.00228345074388004,"ENSG00000267653",NA
1.8156708648003,-1.48904899276455,0.41932830463151,-3.55103382318318,0.000383721100864575,0.000849235848776211,"ENSG00000267719","LINC02078"
0.832525454677612,-3.77263635067263,0.601498371459343,-6.27206411468668,3.56292798891984e-10,1.76094475369586e-09,"ENSG00000267774",NA
17.5073784442825,-1.52448194489001,0.203395981009719,-7.49514290952071,6.62261663650557e-14,4.73623031666164e-13,"ENSG00000268027",NA
4.69022094065756,-2.10030752698574,0.202002855915839,-10.3974150140768,2.54750348407124e-25,4.43787342329348e-24,"ENSG00000268062","SRP14P4"
1.01357608617379,-1.01326794952852,0.244479433682487,-4.14459381824521,3.40416566648596e-05,8.97667746086322e-05,"ENSG00000268078",NA
1.762719536884,-1.14985762133897,0.328458748884518,-3.50076722037095,0.000463920874608316,0.00101159062307543,"ENSG00000268081",NA
0.575448659249316,-2.62172997299027,0.607646603400085,-4.31456369264699,1.59918424188238e-05,4.43190633227507e-05,"ENSG00000268278",NA
1.53088077404573,-1.79663284238271,0.410953441619372,-4.37186469421704,1.23189864976236e-05,3.47744547631522e-05,"ENSG00000268297",NA
443.538676286623,-2.00708172943142,0.180848857541897,-11.0981167186331,1.28114991268233e-28,2.78284580185861e-27,"ENSG00000268388","FENDRR"
0.838528769689945,-3.49864393157472,0.442445649653689,-7.90751120349623,2.62585510096561e-15,2.13573621888777e-14,"ENSG00000268433","MTDHP3"
8.53976277733138,-1.81968334997569,0.232717856065109,-7.81926827938198,5.31312680075362e-15,4.20662656731001e-14,"ENSG00000268505",NA
1.03550811172466,-1.21192696661576,0.357187024964617,-3.39297589753102,0.000691377213056933,0.00146188847016767,"ENSG00000268532","LINC02135"
8.30199352780827,-3.48477730639332,0.387964143329524,-8.98221489358996,2.65369910448624e-19,2.94449551140498e-18,"ENSG00000268555",NA
19.036487948152,-1.09331668882875,0.160735745634799,-6.80195114354232,1.03211604514551e-11,5.96359566992928e-11,"ENSG00000268912",NA
1.70054728388725,-2.41230892660259,0.399984405559559,-6.03100744197237,1.6294068321948e-09,7.47563299252908e-09,"ENSG00000269067","ZNF728"
54.7612520914387,-1.13508816843384,0.205051442206062,-5.53562635903411,3.10118057609138e-08,1.22527067730948e-07,"ENSG00000269113","TRABD2B"
8.62618133083074,-1.61440002683281,0.242339140835356,-6.66173867443735,2.70606887729647e-11,1.49526056518277e-10,"ENSG00000269186","LINC01082"
1.21810802754506,-1.27577652054857,0.44061771919593,-2.89542718090571,0.0037864286851372,0.00701237108176638,"ENSG00000269289","LOC100505851"
201.686382520279,-4.65248005115786,0.27851037000461,-16.7048718906978,1.20787131077195e-62,2.01034754481598e-60,"ENSG00000269404","SPIB"
0.412381903608912,-1.34983005287874,0.595280760664901,-2.26755195543534,0.0233565288186407,0.0370182398998383,"ENSG00000269421",NA
1.45275815160866,-1.7705539070787,0.43889921814123,-4.03407851710724,5.48169875859694e-05,0.000139646748059751,"ENSG00000269553",NA
6.41535975508315,-3.04759481004876,0.28769729701771,-10.5930602812065,3.20925110067562e-26,5.93202293594593e-25,"ENSG00000269667",NA
1.58498621981048,-1.07571328423493,0.395393097151391,-2.72061725908952,0.0065160157379349,0.0115477563220112,"ENSG00000269933",NA
5.04001370949387,-1.57705882676619,0.38447574900508,-4.10184213398945,4.09873889372075e-05,0.000106670421882408,"ENSG00000269954",NA
2.40115488015858,-2.08385753258555,0.242586884232237,-8.59014921264497,8.68564536640506e-18,8.64673763340692e-17,"ENSG00000269970",NA
3.11419355455075,-2.98440843381998,0.442934103839352,-6.73781586911267,1.60785138078754e-11,9.07739530648143e-11,"ENSG00000270187","IGKV1OR2-11"
0.859362173700415,-1.49507573184352,0.402833687201438,-3.71139698427431,0.000206118550736729,0.000476756101562688,"ENSG00000270204",NA
1.85602312152241,-1.38379284153903,0.202320516675189,-6.8396070961039,7.94106739351081e-12,4.6364497809918e-11,"ENSG00000270244",NA
1.58134269650573,-1.56333771355885,0.632039857822472,-2.47347962982101,0.0133804431842154,0.0222719672310818,"ENSG00000270252",NA
6.10405341046214,-1.59196581914714,0.173158761295457,-9.19367756639698,3.79635331384797e-20,4.52443880525459e-19,"ENSG00000270265",NA
3.41480505602719,-2.79765072983528,0.411901314128794,-6.79204128239441,1.10557899458536e-11,6.36606194470917e-11,"ENSG00000270318",NA
9.33753947565095,-3.34656935103626,0.305184759819812,-10.9657158273963,5.58567766392327e-28,1.16967619359944e-26,"ENSG00000270403",NA
2.93496768372906,-2.00102950847307,0.266173029001793,-7.51777712406613,5.57153738741897e-14,4.00990074754955e-13,"ENSG00000270412",NA
3.15525070105936,-2.45034619350721,0.360153467654917,-6.80361682885427,1.02024678875321e-11,5.89856064469095e-11,"ENSG00000270467",NA
9.85936785429852,-3.18690435170811,0.37383543192675,-8.52488576399191,1.52960702397537e-17,1.5002245217036e-16,"ENSG00000270472","IGHV3OR16-9"
0.497026465911975,-2.72498406866695,0.52744164825941,-5.16641808180974,2.38622713522109e-07,8.46965238809502e-07,"ENSG00000270505",NA
678.612585465872,-1.73374894255773,0.313580188499866,-5.52888545303769,3.2227167657694e-08,1.27028697450826e-07,"ENSG00000270550","IGHV3-30"
12.2388759178469,-1.32159335447225,0.116824884754425,-11.312601396957,1.13668590741419e-29,2.62160546384844e-28,"ENSG00000270587",NA
5.91344466013134,-1.66638989499488,0.300021953141067,-5.55422654092036,2.78843661544837e-08,1.10785390672877e-07,"ENSG00000270607",NA
0.531128073499118,-1.90808205808626,0.562458987437935,-3.39239322457588,0.000692849299275071,0.00146483238983936,"ENSG00000270685",NA
3.0121678072869,-2.55668537597362,0.425626361396523,-6.00687741141051,1.89130405344974e-09,8.60634003349296e-09,"ENSG00000270748",NA
3.13320550420735,-1.30075770083495,0.247933145296778,-5.24640503099305,1.5509573761611e-07,5.63287910837577e-07,"ENSG00000270792",NA
7.47554903048256,-3.23407005337622,0.355549779216779,-9.09596979781672,9.37460448218521e-20,1.08008815860526e-18,"ENSG00000270864",NA
1.17215536468757,-1.8934883169407,0.363749355791803,-5.20547538240716,1.9350059962849e-07,6.94957267997811e-07,"ENSG00000270954",NA
36.5740650106796,-1.34395315946846,0.124524636020408,-10.7926688438439,3.72803221244596e-27,7.37682215501337e-26,"ENSG00000270964","MAP2K5-DT"
1.09473561583226,-2.86275955827171,0.446556204371643,-6.41074859165813,1.44806822986815e-10,7.45399373861838e-10,"ENSG00000270999",NA
0.340960183563888,-2.73978936274307,0.66291150201419,-4.1329639845115,3.58114859543947e-05,9.41367564945039e-05,"ENSG00000271015",NA
14.0280010745985,-2.41813783640618,0.347733094392047,-6.95400545822045,3.55057861920187e-12,2.14704460793417e-11,"ENSG00000271130","IGHV3OR16-8"
20.1316335025135,-3.7895901873648,0.375115890285976,-10.1024517635756,5.38780395586143e-24,8.50697735897349e-23,"ENSG00000271178",NA
1.62359815658984,-2.59190665894291,0.443287955028906,-5.84700447990719,5.00504030938887e-09,2.17310880604262e-08,"ENSG00000271351",NA
16.1884565709916,-1.75322014546321,0.392557732749416,-4.46614599382343,7.96412722362765e-06,2.31388800246968e-05,"ENSG00000271375","IGKV1ORY-1"
1.12999418222251,-1.80242258366478,0.243081405663829,-7.41489287813916,1.21723151738587e-13,8.46579235689845e-13,"ENSG00000271377",NA
1.50674909563569,-1.79906780952273,0.294541838371603,-6.10802125589022,1.00873921874519e-09,4.744677849657e-09,"ENSG00000271392",NA
0.26950306916124,-2.46063948276154,0.611035647346937,-4.02699825034008,5.64934527777881e-05,0.000143651043581192,"ENSG00000271402",NA
18.4355280462628,-1.35704111902912,0.199847497029059,-6.79038336332932,1.1183596236655e-11,6.43483574544561e-11,"ENSG00000271420",NA
0.99119074773757,-1.8408627991476,0.345638987170968,-5.32596977619608,1.00415828562552e-07,3.73880240242537e-07,"ENSG00000271443",NA
437.039992670999,-2.63142743233533,0.233267045585263,-11.2807508910362,1.63345710296955e-29,3.7337410961873e-28,"ENSG00000271447","MMP28"
5.86665420466568,-1.81321315339348,0.179792048863024,-10.085057514278,6.43275011600258e-24,1.01029388770405e-22,"ENSG00000271474",NA
746.122298048965,-1.37199605728272,0.218697862542188,-6.27347721342296,3.53072620525627e-10,1.74637630790542e-09,"ENSG00000271503","CCL5"
2.95148014836257,-1.52530420916634,0.227943751339064,-6.69158158627239,2.2077135770488e-11,1.23032271194079e-10,"ENSG00000271538",NA
15.1645111105337,-2.66771912265224,0.370459280481894,-7.2011129514209,5.97230465251031e-13,3.90837782085215e-12,"ENSG00000271569",NA
5.47095174177204,-3.04330235371904,0.32364660202443,-9.40316485537924,5.29460381267051e-21,6.72264309067843e-20,"ENSG00000271615","ACTG1P22"
2.06773719328842,-3.09316802684494,0.570872809126684,-5.41831381245297,6.01637481452227e-08,2.30069188874018e-07,"ENSG00000271620",NA
2.52267698424102,-1.79399748967094,0.266700961010988,-6.72662551672258,1.73642867102304e-11,9.77173201329375e-11,"ENSG00000271715",NA
1.52758293352088,-1.00704313232234,0.285162632292796,-3.53146947840044,0.000413257551267695,0.000909526193462079,"ENSG00000271725",NA
4.98024506652101,-1.20394654721113,0.283728361493047,-4.24330701687935,2.20249783135453e-05,5.98356657165685e-05,"ENSG00000271743",NA
6.98070854097312,-1.68570867511467,0.116316281017976,-14.4924567770023,1.35218553651098e-47,9.77208220342816e-46,"ENSG00000271797",NA
1.05012718982389,-2.35160824243625,0.314446828822413,-7.47855607653255,7.51436365362655e-14,5.34414982225268e-13,"ENSG00000271820","LOC285804"
167.781125935405,-1.72136651025021,0.300078600556625,-5.73638542387626,9.67184260146061e-09,4.05510722462766e-08,"ENSG00000271824","SMIM32"
13.7104542089658,-1.45050060664853,0.263292245521326,-5.5090897332601,3.60694012904341e-08,1.41275496272751e-07,"ENSG00000271856","LINC01215"
4.03191173783946,-3.07791481309534,0.307564578436811,-10.0073774058728,1.41452598273908e-23,2.1641178057449e-22,"ENSG00000271952","LINC01954"
4.66746958889576,-1.3366713331781,0.221890919675139,-6.02400195165744,1.7015631226553e-09,7.78809492580099e-09,"ENSG00000271980",NA
115.945150508063,-1.14717313982514,0.0991216559900368,-11.5733855368643,5.62196163979832e-31,1.41180639559325e-29,"ENSG00000272106",NA
12.7321360843789,-2.02212556657138,0.219480649502997,-9.21322937193044,3.16457844048222e-20,3.79621052421903e-19,"ENSG00000272143","FGF14-AS2"
30.2102447704954,-1.27927673148604,0.10625995963846,-12.0391230698625,2.21295499837394e-33,6.4997311552699e-32,"ENSG00000272150",NA
1.01456617307704,-1.6913505407272,0.392535970314051,-4.30877847799278,1.64158686956306e-05,4.54058204130151e-05,"ENSG00000272163",NA
1.0623930989603,-2.89399895677734,0.388593005001843,-7.44737789802372,9.5213600221087e-14,6.70330944460746e-13,"ENSG00000272180",NA
54.5378218061694,-1.14373300655617,0.147824204236722,-7.73711593755392,1.01697315881742e-14,7.86395153601233e-14,"ENSG00000272221",NA
2.4866781916696,-3.33955097959155,0.381469759034302,-8.754431774738,2.05134345817601e-18,2.12754253942522e-17,"ENSG00000272372",NA
0.790032906928353,-1.50230941825565,0.308778955722172,-4.8653232042386,1.14269917365362e-06,3.71938326527776e-06,"ENSG00000272456",NA
77.77806306171,-1.12249945006851,0.109662667644486,-10.2359305512021,1.36872955827886e-24,2.26435220856916e-23,"ENSG00000272462","LINC02980"
30.3646971850643,-2.5983018430367,0.177694962652143,-14.6222594284969,2.02564699633624e-48,1.54831113455546e-46,"ENSG00000272463",NA
40.4259317218892,-1.12068890045153,0.128436726208026,-8.72561091783339,2.64747466698527e-18,2.72669323658137e-17,"ENSG00000272501",NA
2.38987335471906,-1.07699237417503,0.229445334716048,-4.69389528232452,2.68051285419828e-06,8.28637755932791e-06,"ENSG00000272555",NA
0.855062420820652,-1.54326191279034,0.352001756186421,-4.38424492397425,1.16388768081499e-05,3.3012165005012e-05,"ENSG00000272583",NA
190.1924632228,-1.29279406983571,0.109807031340277,-11.7733268448859,5.35694515564404e-32,1.44127690972041e-30,"ENSG00000272686","WASL-DT"
2.87248742042447,-1.89066101665383,0.275209566934946,-6.86989568607816,6.42488678406308e-12,3.78397092810774e-11,"ENSG00000272729",NA
1.22307636947702,-1.55521879572011,0.27758928592656,-5.60258941741566,2.1117303465052e-08,8.52474765141596e-08,"ENSG00000272799",NA
1.15896351890171,-1.79198000162477,0.253810647789221,-7.06030269901416,1.66140288791085e-12,1.03829578724819e-11,"ENSG00000272823",NA
2.69728919758772,-1.0273271176837,0.244320974255024,-4.20482572491451,2.61283404967632e-05,7.01505801032858e-05,"ENSG00000272927",NA
4.3730428751312,-1.61104596619223,0.252792950555238,-6.37298612423211,1.85382663638877e-10,9.43652491582671e-10,"ENSG00000272944",NA
41.1004036610264,-1.31531439723355,0.190141358291423,-6.91756075086835,4.59486364652363e-12,2.74826886462188e-11,"ENSG00000272989",NA
0.967914260301002,-1.43681274023143,0.378421029551812,-3.79686282745212,0.000146538822631405,0.000348012731713486,"ENSG00000273125","LINC01990"
0.685445434355584,-2.48063613736827,0.455875426223812,-5.44147807640414,5.28402969108252e-08,2.03216054349354e-07,"ENSG00000273238","TMEM271"
0.988409317103688,-1.9489047278191,0.420358162240995,-4.63629567088499,3.54708489529052e-06,1.07917047534411e-05,"ENSG00000273259",NA
0.974916501567951,-1.332661654531,0.330540245466473,-4.03176821221963,5.53587711911366e-05,0.000140952230197724,"ENSG00000273291",NA
3.6565114691352,-1.26627362205945,0.261298602771332,-4.84607881033177,1.25925510231399e-06,4.08045351189768e-06,"ENSG00000273328",NA
2.00951378169664,-1.02629931748013,0.376581786547639,-2.72530258802174,0.00642425811715309,0.0113984702492125,"ENSG00000273372",NA
7.17609645700464,-1.71159046604535,0.31742809173745,-5.39205732131937,6.96555388479345e-08,2.64237444705135e-07,"ENSG00000273445",NA
8.92047894919961,-1.65359122030611,0.192203606189037,-8.6033308796494,7.743532234662e-18,7.72885731635643e-17,"ENSG00000273472",NA
5.29235448709933,-1.09616258458705,0.235750315830876,-4.64967599607976,3.32456885618452e-06,1.01524780630442e-05,"ENSG00000273492","APP-DT"
4.36780955079698,-1.19459222317761,0.197396213556732,-6.05174841833671,1.43282116364553e-09,6.61396029279382e-09,"ENSG00000273669",NA
7.29665541483777,-1.22611323236657,0.309160510473382,-3.96594387326236,7.31060655004381e-05,0.000182584701851068,"ENSG00000273733",NA
2.45370748642282,-1.97715191353248,0.288173333228713,-6.86098151893634,6.83890117246287e-12,4.01673133788084e-11,"ENSG00000273771",NA
5.77930426284473,-1.0320251433975,0.279309169672006,-3.69492038019879,0.000219955701452963,0.000506476424133801,"ENSG00000273837",NA
3.83251035955669,-1.07884559314887,0.268068437104105,-4.02451554835566,5.70927221986494e-05,0.000145040563656104,"ENSG00000273933",NA
1.30275448497769,-2.80181514918298,0.542635676842211,-5.1633448900517,2.42575598196196e-07,8.6043952614163e-07,"ENSG00000273962","IGKV2-40"
5.05413090576688,-1.98015528450535,0.377877755684003,-5.24020071232041,1.60402037666764e-07,5.81680545385217e-07,"ENSG00000273971",NA
4.95229384528277,-1.70559881198279,0.236058130648697,-7.22533389252783,4.99872131994575e-13,3.29536760267412e-12,"ENSG00000273972",NA
14.9380353116276,-1.02254146236241,0.133391782910025,-7.66570054058079,1.77857728139936e-14,1.34264599917458e-13,"ENSG00000274021",NA
0.810371821863082,-2.21027404459129,0.352128916806828,-6.27688877310752,3.45414995642118e-10,1.71048046592639e-09,"ENSG00000274128",NA
7.6386145268595,-1.39500273405616,0.223486167637475,-6.24200928765774,4.31985294785478e-10,2.11223942879528e-09,"ENSG00000274225",NA
1.48188296234613,-1.56485347602278,0.272137302098973,-5.75023513481316,8.91194173535632e-09,3.75616557661965e-08,"ENSG00000274248",NA
4.29714833981307,-1.03570351605151,0.339664364379288,-3.04919686804408,0.00229454064587869,0.0044250704360001,"ENSG00000274253","LOC283683"
17.6237631479284,-1.26804182963233,0.28249519148393,-4.48872004854803,7.16523856227454e-06,2.09454675153301e-05,"ENSG00000274322",NA
11.799874414682,-2.1085589873754,0.183214862786043,-11.508667775702,1.19307188585853e-30,2.92725174190191e-29,"ENSG00000274370",NA
108.946707672975,-1.50707277732834,0.390080760334917,-3.8634891298776,0.000111778869636611,0.000270712579585435,"ENSG00000274576","IGHV2-70"
0.927275904078211,-1.72963024245812,0.339565839144189,-5.09365207883493,3.51231063962929e-07,1.22172991189566e-06,"ENSG00000274624",NA
0.910817147648853,-1.18216532934491,0.393099893589725,-3.00728987369996,0.00263588282853138,0.00503061737942646,"ENSG00000274642",NA
16.0698537880816,-3.17830352825971,0.233352858399322,-13.620161115922,3.03896566596634e-42,1.57041818493828e-40,"ENSG00000274736","CCL23"
119.697120472074,-1.29014016778255,0.155820822675639,-8.27963904713901,1.2354919563474e-16,1.12190960955332e-15,"ENSG00000274750","H3C6"
0.638248716924353,-1.84553555538339,0.479268996248698,-3.85073011154204,0.00011776622066924,0.000284032236752417,"ENSG00000274835",NA
1.08562775890202,-1.24234226635197,0.259038295071854,-4.79597916596601,1.61882106166091e-06,5.16547542183393e-06,"ENSG00000274944",NA
250.646515895944,-1.15761856574334,0.214384942916892,-5.39971954183416,6.67451583593945e-08,2.53797953065339e-07,"ENSG00000274993",NA
2.58395750316735,-2.00160573238732,0.19776697323649,-10.1210313311202,4.45694236134269e-24,7.09255227510522e-23,"ENSG00000275088",NA
3.75288929173466,-1.05985561621669,0.16906086970952,-6.26907703738738,3.63194421010997e-10,1.79390235156857e-09,"ENSG00000275120",NA
2.04992686606116,-1.36319130931391,0.244359644292473,-5.5786269998098,2.42424448442951e-08,9.706824379594e-08,"ENSG00000275152","CCL16"
3.08872982834231,-1.57423090390415,0.386981332596713,-4.06797633710336,4.74231957672509e-05,0.00012213005610982,"ENSG00000275325","PDCD6IPP1"
1.23706452102834,-1.94129441132015,0.432475454616645,-4.48879674117218,7.16265984136079e-06,2.09400640955667e-05,"ENSG00000275361",NA
5.17674916939449,-1.30534190956626,0.239983940050421,-5.43928860111224,5.34937408099054e-08,2.05585151231351e-07,"ENSG00000275367",NA
35434.9406057584,-2.375920896076,0.342913943534727,-6.92862142491264,4.24961329793874e-12,2.55049769693804e-11,"ENSG00000275395","FCGBP"
0.825992755871706,-2.38432009020301,0.347795928396131,-6.85551467263679,7.10562280045354e-12,4.16511480117453e-11,"ENSG00000275418",NA
5.47259919013855,-1.62940648425704,0.247375943713883,-6.58676207473765,4.49521752933955e-11,2.42837752354247e-10,"ENSG00000275431",NA
0.733011750486681,-1.97557590165049,0.396205482035101,-4.98624070394733,6.1565436340405e-07,2.07431980630931e-06,"ENSG00000275475","IGHV3-54"
1.34747466551024,-2.60771164442204,0.36468559150921,-7.1505749202493,8.64152022600507e-13,5.55958045731621e-12,"ENSG00000275691",NA
40.1842511909276,-1.57804113440261,0.172927019941226,-9.12547463628849,7.14225980295043e-20,8.3161254586322e-19,"ENSG00000275718","CCL15"
2.16470181435464,-1.09807378992621,0.312206441474011,-3.5171400844323,0.000436223496734325,0.00095585801772168,"ENSG00000275743","TRBV14"
1.08404895174416,-1.75857387362031,0.415909891311197,-4.22825691419897,2.35508780023914e-05,6.37020266327524e-05,"ENSG00000275830",NA
7.42722859657524,-2.48972326912137,0.19590289816633,-12.7089659848089,5.27270185409806e-37,1.96815114742241e-35,"ENSG00000275897",NA
0.523271721739229,-1.58441237665022,0.56054991318913,-2.82653219520816,0.0047055013631983,0.00856823931871008,"ENSG00000276093",NA
6.43378418233384,-2.55380870111062,0.286661486434554,-8.9087959909594,5.15897423210763e-19,5.59354434015347e-18,"ENSG00000276365","MIR145"
2.18773044063844,-1.73119163997036,0.354847535147916,-4.87869146180971,1.06791967000858e-06,3.48870441969078e-06,"ENSG00000276386",NA
1.90951992863758,-1.0640094658714,0.358279550213054,-2.96977448263144,0.00298018440296956,0.00562848895912809,"ENSG00000276405","TRBV13"
14.0866200734646,-1.64994481105104,0.184634232906691,-8.93628871025708,4.02459585898357e-19,4.40711013928628e-18,"ENSG00000276409","CCL14"
2.40161870159901,-1.66562504085345,0.314924737770225,-5.2889622220428,1.23012292206565e-07,4.52752594147599e-07,"ENSG00000276412",NA
1.16262467753919,-1.35563299488278,0.486227736340028,-2.78806183515363,0.00530244218421636,0.00956026048849027,"ENSG00000276520",NA
1.88779046931268,-1.80375746936192,0.419040452574067,-4.30449484836573,1.67367186688468e-05,4.62168083502946e-05,"ENSG00000276531","SNX19P4"
59.6892119960861,-1.11204882359977,0.410273138594785,-2.71050848566059,0.00671801295344165,0.0118758307977825,"ENSG00000276566","IGKV1D-13"
0.941825542019141,-1.01275603547925,0.379803280887335,-2.6665278749387,0.00766392505781917,0.013388537200017,"ENSG00000276597","TRBV11-3"
1.1772040712746,-2.74008853040207,0.442469390297632,-6.19271884222075,5.9135159633438e-10,2.85051339321313e-09,"ENSG00000276674",NA
1.16637103643662,-1.46095026690496,0.384536328953318,-3.79925161006651,0.000145133690039682,0.000344931382886545,"ENSG00000276715",NA
341.576990408897,-1.93670346094615,0.35950466853587,-5.38714411925059,7.158603170315e-08,2.71052605957357e-07,"ENSG00000276775","IGHV4-4"
2.67641570985905,-1.41987165970202,0.357916182308236,-3.96705075066773,7.27675017532498e-05,0.000181809990895971,"ENSG00000276842",NA
56.0101281741696,-1.65707297759232,0.203562544740261,-8.14036285362166,3.94095016396664e-16,3.44436715058025e-15,"ENSG00000276855",NA
0.685507796102738,-2.74820533056898,0.416539759380761,-6.59770230494812,4.17578674458149e-11,2.26440723510472e-10,"ENSG00000276929",NA
7.03655318842794,-1.14604565154176,0.304250000717966,-3.76678931417365,0.000165360433896632,0.000389106591714536,"ENSG00000276975",NA
9.61854225301199,-1.36957933515236,0.266778333729127,-5.13377273187022,2.83991000234198e-07,9.98500410242726e-07,"ENSG00000277010",NA
1.89367387462726,-3.41105072116472,0.361993126443514,-9.42297096819871,4.38501381156776e-21,5.61781492880192e-20,"ENSG00000277040",NA
1.26096134023328,-1.04395034235592,0.411914169650261,-2.53438803341555,0.0112643918855278,0.019024031400083,"ENSG00000277135",NA
1.14250864088956,-1.59070438151194,0.28120141756193,-5.65681494532871,1.54207874165772e-08,6.31398310761601e-08,"ENSG00000277210",NA
6.95010472835132,-1.95803847541373,0.351071482036367,-5.57732135933189,2.44250401678173e-08,9.77281214832002e-08,"ENSG00000277282","IGHV1OR21-1"
3.07241088694642,-1.13543883179263,0.187694807536693,-6.04938861492299,1.45396548500374e-09,6.70995210682258e-09,"ENSG00000277351",NA
6229.53632651951,-1.22049018111552,0.105821637063836,-11.5334653193777,8.94684759926612e-31,2.20924502022469e-29,"ENSG00000277443","MARCKS"
20.9925185492566,-2.05491889315811,0.268516628627558,-7.65285525764719,1.96565124211171e-14,1.47690821390402e-13,"ENSG00000277494","GPIHBP1"
0.388478188549859,-1.4869180744279,0.513670224092217,-2.89469391973352,0.00379528404546111,0.0070270785309821,"ENSG00000277526","LINC03021"
2.76415897099305,-2.31296051450338,0.32211318372751,-7.18058319668161,6.94146730523122e-13,4.51342116496237e-12,"ENSG00000277531","PNMA8C"
49.2021686253319,-2.78333403179659,0.406449382367201,-6.84792289653926,7.49299288063163e-12,4.38282515261896e-11,"ENSG00000277586","NEFL"
0.723145262985991,-1.3447880041179,0.387344093032439,-3.47181750879386,0.000516947619295411,0.00111846286545024,"ENSG00000277587",NA
1.89697282699985,-1.41548120625325,0.286949392732149,-4.93286008649796,8.10342025009159e-07,2.69113067595466e-06,"ENSG00000277621",NA
0.895570840307555,-1.95152936160752,0.444955475479007,-4.38589807105227,1.15508205371592e-05,3.27914344821796e-05,"ENSG00000277631","PGM5P3-AS1"
2.64806196262431,-1.01246660594947,0.249732144966975,-4.05421018621117,5.0303971927244e-05,0.000129021801780303,"ENSG00000277702",NA
0.870979234035558,-1.75166874653043,0.547378513840681,-3.20010505023269,0.0013737750619737,0.00275134290814726,"ENSG00000277737",NA
3.55338347132887,-1.64451803827289,0.263556267650907,-6.2397227466096,4.38347141159354e-10,2.14171210270094e-09,"ENSG00000277758","SYT15B"
3.07691039159732,-1.92525600545639,0.197296679648171,-9.7581774254367,1.70186099943312e-22,2.40468393403915e-21,"ENSG00000277763",NA
10.7738744797145,-1.26336206653141,0.228896578082238,-5.51935759422978,3.40241190458089e-08,1.33632169266954e-07,"ENSG00000277954",NA
2.13767111711123,-1.01368265674647,0.270504110293836,-3.74738356339709,0.000178688738125827,0.000418089454401393,"ENSG00000277977",NA
0.931214881957747,-1.34831156420182,0.37750631914494,-3.5716264756992,0.00035477115124842,0.00079035151535798,"ENSG00000277987",NA
3.61500648437611,-1.6914131004561,0.205496861594225,-8.2308463853622,1.85895234673005e-16,1.67105777121183e-15,"ENSG00000278058",NA
7.77682740408963,-2.17703758379389,0.27229561194849,-7.99512547490378,1.29441974061203e-15,1.08235223504373e-14,"ENSG00000278195","SSTR3"
678.010928859505,-2.20463821556413,0.330400754005328,-6.67261859677408,2.51278835950505e-11,1.39126114714704e-10,"ENSG00000278196","IGLV2-8"
1.78919959671645,-1.24849367505912,0.210195945181992,-5.93966583883502,2.85603631632972e-09,1.27281822480502e-08,"ENSG00000278214","LINC02139"
5.57478781318557,-2.75791722238505,0.447373804468361,-6.16468196134647,7.06249421646331e-10,3.37642023303115e-09,"ENSG00000278263",NA
16.3844305504566,-2.10364266324277,0.211081329979635,-9.96602903461775,2.14639479074161e-23,3.24508220682826e-22,"ENSG00000278318","ZNF229"
29.1147445601019,-1.01945381027799,0.134726593246695,-7.56683432506374,3.82429124622519e-14,2.79795481529248e-13,"ENSG00000278376",NA
8.07773126217796,-1.1753472255056,0.121509363481105,-9.67289426784274,3.93100516167857e-22,5.41121931439513e-21,"ENSG00000278396",NA
11.6038807122876,-1.74754470251641,0.359179913864398,-4.86537424577746,1.14240429913993e-06,3.71873830234806e-06,"ENSG00000278473","IGHV3-41"
10.169399495426,-1.87629327616815,0.46503759563478,-4.03471309369515,5.46690563696522e-05,0.000139288350579458,"ENSG00000278484",NA
1667.360248731,-2.41115420956178,0.151890224557993,-15.8743211854373,9.54378242446368e-57,1.1913305288096e-54,"ENSG00000278535","DHRS11"
20.6978878115653,-2.55481954188385,0.358422684720389,-7.12795158006504,1.01873598258169e-12,6.49864647790246e-12,"ENSG00000278857","IGKV1D-12"
0.428726859376157,-1.66926154511716,0.532133944868436,-3.13691986992084,0.00170732781792956,0.0033662375700481,"ENSG00000278908",NA
11.9991759664477,-1.62596033994154,0.193068326245497,-8.42168351257187,3.71112455845341e-17,3.51605731638389e-16,"ENSG00000278921","EPB41L4A-DT"
6.55872573587824,-1.6648447516253,0.221150741360975,-7.52809934698723,5.14842152961292e-14,3.71720868636672e-13,"ENSG00000278934",NA
8.6213954100415,-1.22071822528904,0.227419642400736,-5.36769037363102,7.97513105177277e-08,3.00401551432848e-07,"ENSG00000278962",NA
2.08158783698408,-1.46343607641326,0.276685068373954,-5.2891761923175,1.22868491289922e-07,4.52266623707383e-07,"ENSG00000278965",NA
3.00164782223813,-1.53114367331843,0.303457841108798,-5.04565532966233,4.5196953455116e-07,1.5503990627131e-06,"ENSG00000278971",NA
6.39972311860002,-1.4740489438419,0.204593740204759,-7.20476072418764,5.81458638846794e-13,3.81035286990672e-12,"ENSG00000278982",NA
12.8437098692952,-1.24529569658147,0.158908743707307,-7.83654610519839,4.63108353830839e-15,3.68559860892864e-14,"ENSG00000279026",NA
25.5164218045241,-1.42378978690179,0.146221056747588,-9.73724180751603,2.09154166561288e-22,2.93909000065125e-21,"ENSG00000279118",NA
1.00525470919849,-1.7757607927798,0.809520869623422,-2.19359482801951,0.0282645505707606,0.043954502924161,"ENSG00000279128",NA
1.51336831371249,-1.28460880051514,0.371966436481747,-3.45356105960968,0.000553237045249736,0.00119114659118086,"ENSG00000279302",NA
1.93986586708521,-1.85917470230633,0.356274959782952,-5.21837039414437,1.80504218741114e-07,6.50224463406691e-07,"ENSG00000279484",NA
4.08559732492694,-1.11361817910955,0.309445951916087,-3.59874857697779,0.000319752131215322,0.000717994988251109,"ENSG00000279526",NA
0.993642033767658,-1.22022977500494,0.306076269159007,-3.98668533943424,6.70027913751654e-05,0.000168314689317281,"ENSG00000279601",NA
2.02615488561426,-1.7759873662972,0.270771310502112,-6.55899387200162,5.41720284257579e-11,2.90076877003498e-10,"ENSG00000279622",NA
7.2416527077695,-1.35880353516109,0.245340711744808,-5.53843479746014,3.0518682567693e-08,1.20665547992605e-07,"ENSG00000279631",NA
1.85698592086449,-3.32120427305559,0.450946963190495,-7.36495540308717,1.77206098744211e-13,1.21618044955707e-12,"ENSG00000279668",NA
1.9253812976933,-1.62702089015584,0.434164729389103,-3.74747366614777,0.000178624582998654,0.000417964782578616,"ENSG00000279675",NA
0.573381708233358,-1.11231785417649,0.416376613325361,-2.67142250207821,0.00755305111986505,0.013211654067582,"ENSG00000279725",NA
3.02857854641414,-2.27902662942691,0.253986486992269,-8.97302315731575,2.88485417214897e-19,3.18993351615218e-18,"ENSG00000279727","LINC02033"
33.0991542315991,-3.881581045198,0.314293384106957,-12.3501837502156,4.8600297145412e-35,1.60527115493957e-33,"ENSG00000279756",NA
5.3427377187499,-3.58473144760021,0.425615203295032,-8.42247039073769,3.68627636400938e-17,3.49509907193758e-16,"ENSG00000279835",NA
2.53349494192316,-1.0086038149161,0.176621709612817,-5.71053137877059,1.1262396877958e-08,4.68874253131404e-08,"ENSG00000279879",NA
0.969197130359087,-1.86627942009452,0.501983413795865,-3.71781092523,0.000200956579706192,0.000465769087289845,"ENSG00000279965",NA
3.46047385540692,-1.46628628277468,0.228540521273877,-6.41587003740805,1.40020861549081e-10,7.2192330212921e-10,"ENSG00000280003",NA
12.4684961083287,-2.17251649900784,0.227042756308498,-9.56875495316794,1.08200784999395e-21,1.44394154143414e-20,"ENSG00000280032",NA
7.9941457812592,-2.27582804033243,0.159763747326199,-14.2449590624946,4.81830253702656e-46,3.23297168658046e-44,"ENSG00000280040",NA
1.84021849792217,-2.42045095317269,0.446286767982698,-5.42353286456059,5.8432465931962e-08,2.23766166792123e-07,"ENSG00000280061",NA
1.49373858355732,-2.06819633001699,0.39439453456842,-5.24397817094546,1.57150800619961e-07,5.7037447667664e-07,"ENSG00000280073",NA
5.61721427772043,-2.50742039560716,0.327777975951017,-7.64975251412826,2.01366483615392e-14,1.51209710850801e-13,"ENSG00000280119","LOC285097"
1.98950974488889,-1.77408033158671,0.34312458157919,-5.17036792707103,2.33633545338388e-07,8.30426493474772e-07,"ENSG00000280165","PCDH20"
2.65074003115985,-1.32413687865931,0.331910621581403,-3.98943809737211,6.6230000038918e-05,0.000166558399496094,"ENSG00000280168",NA
4.46204230995042,-1.89638401105072,0.154263921554193,-12.2931142417803,9.86316942604638e-35,3.17595707640875e-33,"ENSG00000280186",NA
2.23047804019884,-1.75931849642269,0.596361217358415,-2.95008871337341,0.00317682697206654,0.00596869358318465,"ENSG00000280229",NA
4.07724941787394,-1.15392787082375,0.267416482502562,-4.31509628735279,1.59533351915029e-05,4.42219090200226e-05,"ENSG00000280294",NA
0.65919949339585,-1.73983217195116,0.437253518105523,-3.97900096833819,6.92054591245771e-05,0.000173394740108349,"ENSG00000280302",NA
3.35237027280104,-1.31103742636509,0.31090736612033,-4.21681043689932,2.47782097530575e-05,6.67541048543061e-05,"ENSG00000280304",NA
8.42518967880949,-3.36859700659567,0.504076615679636,-6.68270834594035,2.34566122230312e-11,1.30455138165613e-10,"ENSG00000280323",NA
26.3698957155594,-1.46980667155716,0.226099668955326,-6.50070244838601,7.99458214712341e-11,4.21918599602545e-10,"ENSG00000280339",NA
32.3768432728845,-1.15304518321743,0.143339420471679,-8.04415965561443,8.68392462507918e-16,7.37184477943076e-15,"ENSG00000280351",NA
395.360113981921,-1.40365907895485,0.346116806087321,-4.05544906883464,5.00380750904431e-05,0.000128408348218013,"ENSG00000280411","IGHV1-69D"
0.598090989789417,-1.7736182094889,0.669986405056842,-2.64724507258984,0.00811505190407494,0.0141078824729196,"ENSG00000280660",NA
260.616373736954,-1.11003331591322,0.0869185456661354,-12.7709605286885,2.38196730240222e-37,9.06727691836221e-36,"ENSG00000280798","LINC00294"
0.853270742372956,-2.44811410339435,0.75591727086418,-3.23860056881042,0.00120117664680533,0.00243330199376808,"ENSG00000280809","LINC00836"
0.896671333335143,-1.12146437484468,0.49077263679796,-2.28509963832062,0.0223069860175124,0.0355011462627412,"ENSG00000281008",NA
17.709643195955,-2.56476558556908,0.182283304379111,-14.0702166570061,5.78917725038468e-45,3.6073986668645e-43,"ENSG00000281100",NA
39.097106075388,-1.22239385021205,0.19840068281193,-6.16123812119536,7.2178358516109e-10,3.44854150598837e-09,"ENSG00000281103","TRG-AS1"
1.25878613971,-2.0276820606181,0.420993802645842,-4.81641783768459,1.46158306069749e-06,4.68943369228378e-06,"ENSG00000281128","PTENP1-AS"
1.69725644892342,-2.57149618862141,0.50346040608674,-5.10764333705792,3.26201631176332e-07,1.13868477518035e-06,"ENSG00000281179",NA
12.8997391878917,-1.0379489395475,0.191142355355398,-5.43024039657563,5.6278190661551e-08,2.15768607535366e-07,"ENSG00000281333",NA
7.26180365084047,-1.05172411282655,0.16118201878958,-6.52507097705203,6.79693399384484e-11,3.61018947131993e-10,"ENSG00000281538",NA
0.474020236558356,-2.44104047137028,0.461765579211077,-5.28631968528442,1.24801714758253e-07,4.58899342703764e-07,"ENSG00000281550",NA
1.96383253616512,-2.58771357161062,0.412048707899204,-6.28011572904539,3.38321096390685e-10,1.67686363193666e-09,"ENSG00000281721",NA
3.07957005829988,-1.30373136329616,0.596245890532421,-2.18656662292798,0.0287741761511023,0.0446603185370566,"ENSG00000281769",NA
1.08820816753171,-1.9837812764869,0.247461913953164,-8.01651148977358,1.08790754151905e-15,9.14446463681302e-15,"ENSG00000281809",NA
1.63170102210719,-3.26239259669589,0.278926376684532,-11.6962498687805,1.33211372718737e-31,3.46286521089741e-30,"ENSG00000281852",NA
0.919622883058864,-2.64813423346949,0.56135688679616,-4.7173808601213,2.38900214287463e-06,7.44025641045774e-06,"ENSG00000281880","PAX6-AS1"
190.866646746982,-2.46073820494328,0.463212778815681,-5.31232797859068,1.08233579216365e-07,4.00969013310039e-07,"ENSG00000282122","IGHV7-4-1"
0.96318506573874,-2.12096121064991,0.297270745904097,-7.13477945567562,9.69424689696255e-13,6.19745112150846e-12,"ENSG00000282418",NA
4.37121398295139,-2.58528747272649,0.285832795643529,-9.04475452827563,1.50001812541078e-19,1.6977096516829e-18,"ENSG00000282556","LOC101927825"
36.2776149969389,-2.10110441940671,0.324367094102928,-6.47755107594233,9.32232216957484e-11,4.88503912298819e-10,"ENSG00000282600","IGHV3-69-1"
46.9566592806831,-2.26532974843817,0.186282431476297,-12.1607267549888,5.03091134025939e-34,1.54986737419033e-32,"ENSG00000282608","ADORA3"
236.74557752689,-2.05921797722467,0.400995256022827,-5.13526767784864,2.81742726322541e-07,9.91048728172254e-07,"ENSG00000282639","IGHV3-64D"
363.053006444629,-2.10354788386958,0.425165582554872,-4.94759681917125,7.51353342469495e-07,2.50496721799555e-06,"ENSG00000282651",NA
0.913743673704034,-1.79409405890302,0.374481907171259,-4.79086979783657,1.66059863703337e-06,5.28956386064804e-06,"ENSG00000282728",NA
1.50881344989171,-1.67031534586572,0.235511795700758,-7.09227892766792,1.31921278936484e-12,8.32017291875167e-12,"ENSG00000282793",NA
1.98694937733339,-2.36919881491583,0.265630901268293,-8.91913856258345,4.69929114072678e-19,5.11968394694028e-18,"ENSG00000282840",NA
13.4403694821757,-1.14309523951158,0.120523758167674,-9.48439757347506,2.43787136661996e-21,3.17724882821822e-20,"ENSG00000282885",NA
2.11826168998121,-3.25218931792554,0.263376195114228,-12.3480761673053,4.98902183531767e-35,1.64223392553475e-33,"ENSG00000283051","LINC01668"
5.66606299062364,-2.71404763493892,0.276343966592934,-9.82126611411357,9.11909259715345e-23,1.32053390991623e-21,"ENSG00000283175","LOC101929130"
1.01539465983832,-1.87739455125132,0.654275168870131,-2.86942656633813,0.00411216806294764,0.00756823961302767,"ENSG00000283183","LOC105374338"
1.37578273088208,-1.83252673767703,0.395545251133994,-4.63291300407056,3.60556079412211e-06,1.09592059334029e-05,"ENSG00000283213",NA
4.92190815069879,-1.12960410026806,0.281278002727122,-4.01597028319322,5.92017157728529e-05,0.000150021642915824,"ENSG00000283235",NA
3.06651379345005,-4.33031485071879,0.485747247307017,-8.91474913080014,4.88921902512195e-19,5.31906632311442e-18,"ENSG00000283286",NA
81.5629509310088,-1.27735542760339,0.280506734163701,-4.55374246686689,5.26998660603811e-06,1.56822890899649e-05,"ENSG00000283288","SMIM33"
2.32693613785014,-1.78509078018701,0.305253775081765,-5.8478909219349,4.97844822177605e-09,2.16205126830028e-08,"ENSG00000283303",NA
0.561249323454178,-3.7163682984019,0.630741521686508,-5.89206223250515,3.81405473782717e-09,1.67472547402057e-08,"ENSG00000283365","NCOA5LP"
5.17251492416634,-2.52371247251948,0.293798172662193,-8.58995292466039,8.70049654706785e-18,8.65703909795853e-17,"ENSG00000283422",NA
0.723757900442067,-1.7228797283267,0.493526095890492,-3.49095973378679,0.000481288783786217,0.00104673095770046,"ENSG00000283517",NA
10.3301766422796,-3.23517126884164,0.217723634049151,-14.8590725254536,6.07605440909599e-50,5.034613445399e-48,"ENSG00000283525",NA
1.19774978483236,-1.83161899321537,0.513490791984832,-3.56699481627603,0.000361098620708303,0.000803516533763868,"ENSG00000283571",NA
1.01182613538032,-2.55698448524569,0.427529552986375,-5.98083680387629,2.2199420148433e-09,1.00187945351192e-08,"ENSG00000283654","CIROP"
31.4773511894071,-1.60752186696155,0.206626129065279,-7.77985763094699,7.26062109185909e-15,5.68763445637136e-14,"ENSG00000283787","PRR33"
50.9165027796789,-1.32703643706787,0.221654443673898,-5.98696067208213,2.13798451849952e-09,9.66593259439689e-09,"ENSG00000283906","IGHV4-80"
13.7589458185233,-1.30825357574471,0.178879245893848,-7.31361298627714,2.60053445177147e-13,1.75994979875476e-12,"ENSG00000284237",NA
1.27355374138159,-1.89090044905719,0.624878448847638,-3.02602922623475,0.00247788350548767,0.00475337726451873,"ENSG00000284418",NA
0.913448270756484,-3.07246612839778,0.528820566993966,-5.81003523721276,6.24596946760176e-09,2.68131741984016e-08,"ENSG00000284600",NA
3.35297203999094,-1.00046621675707,0.205003720927547,-4.88023442808955,1.05959811720992e-06,3.46297754045932e-06,"ENSG00000284652",NA
15.8789496047184,-1.32391987492146,0.142125103671088,-9.31517262415044,1.21754389410713e-20,1.50565809252932e-19,"ENSG00000284693","LINC02606"
1.82712666837819,-1.24522697273396,0.328460404160562,-3.79110223625389,0.000149980196693691,0.000355636402015687,"ENSG00000285040",NA
0.471971891541409,-1.52767915507799,0.512080760120839,-2.98327778360095,0.00285179037228921,0.00540458344966743,"ENSG00000285163",NA
2.5851543196794,-3.67086113071728,0.308663002824905,-11.8927798185118,1.29039043145043e-32,3.59504644333149e-31,"ENSG00000285294","LINC00842"
11.0879477100737,-1.48573076201122,0.28864799809368,-5.14720618824119,2.64394661278531e-07,9.33099095114347e-07,"ENSG00000285417",NA
5.1675122833233,-1.55075590883064,0.292720017354929,-5.29774466004598,1.17241757426121e-07,4.32632099794804e-07,"ENSG00000285420","PDGFRL2P"
2.69932761268753,-1.2126314251043,0.264716446985936,-4.58086922407479,4.63047338782584e-06,1.38715763083793e-05,"ENSG00000285535",NA
0.71576326247373,-2.01728747833511,0.495245337404166,-4.07330938017256,4.63497887222465e-05,0.00011958998235046,"ENSG00000285564","DKFZp451B082"
1.85881739951903,-1.11600553013979,0.408069821565082,-2.7348396552814,0.00624106694918032,0.0111065636072412,"ENSG00000285572","LOC124903183"
0.465569546044671,-1.31016674277125,0.490221003711105,-2.67260425981941,0.0075264982065536,0.0131700016633609,"ENSG00000285578",NA
0.535835494968416,-1.81064026932683,0.656487176017873,-2.75807408807257,0.00581430183913934,0.0104065203114096,"ENSG00000285587","LOC107984273"
1.16228465209082,-1.34964696553471,0.324900340475979,-4.15403370632814,3.26665024054332e-05,8.64072251793389e-05,"ENSG00000285624",NA
2.29711268880712,-1.0493835572864,0.27168562406139,-3.8624920288358,0.000112236228574941,0.000271683326828733,"ENSG00000285688",NA
0.566896611321089,-1.72947024822907,0.755122310615159,-2.29031803711397,0.0220028869655399,0.03506071763777,"ENSG00000285691",NA
6.22237589624003,-1.25917644825469,0.196009722874889,-6.42405095923947,1.32694748709674e-10,6.85530099924864e-10,"ENSG00000285706","LOC124902229"
0.605140412062013,-1.77775674001056,0.394445001170815,-4.50698255709596,6.57560367985147e-06,1.93207668841612e-05,"ENSG00000285791",NA
1.01717747237398,-1.71553974548452,0.364301389624638,-4.70912215638854,2.48785942814672e-06,7.72498234808246e-06,"ENSG00000285805",NA
6.81959665442065,-1.33605715409073,0.316017523700131,-4.22779451736518,2.35993161084896e-05,6.38195756082929e-05,"ENSG00000285868",NA
0.366631020083009,-1.72606342741083,0.761044204368723,-2.26801993563905,0.0233279916290934,0.0369791083600129,"ENSG00000285876","LOC105373436"
2.55443092911537,-1.03046375067667,0.253050668948279,-4.07216370918698,4.65784219412031e-05,0.000120099295042146,"ENSG00000285918",NA
11.4215899595065,-1.00172099540605,0.172707733704218,-5.80009345222268,6.62779725974617e-09,2.83636377165473e-08,"ENSG00000285928",NA
0.851197782303342,-1.2488604554927,0.387243475162703,-3.22500064066408,0.00125972386894427,0.00253972750861565,"ENSG00000285954",NA
2.14724074229174,-1.32452079126966,0.291069553632099,-4.55053019026445,5.35109082775566e-06,1.59150142380074e-05,"ENSG00000285996",NA
21.4248447354633,-1.81663015374733,0.34775859643651,-5.22382529824534,1.75264145674613e-07,6.32355537608093e-07,"ENSG00000286015",NA
11.3654351041948,-2.57819225840069,0.260886778559747,-9.88241823765032,4.96207407548495e-23,7.3150637262335e-22,"ENSG00000286035",NA
15.8970022724046,-2.3357959631223,0.251166706400759,-9.29978338528406,1.40732103044998e-20,1.73559989450801e-19,"ENSG00000286039",NA
1.35469263992065,-2.94528428149935,0.46089352537249,-6.39037894732627,1.65475158235041e-10,8.46576634552577e-10,"ENSG00000286069",NA
5.35619527905406,-1.05639273713507,0.200143569645892,-5.27817475727105,1.30477001653466e-07,4.7871450353763e-07,"ENSG00000286132",NA
36.2524092698203,-1.11246500630318,0.187139406947078,-5.94457909454515,2.77168114728634e-09,1.23723238209355e-08,"ENSG00000286190","LOC728392"
1.81876538634494,-1.08265335821493,0.243329501512147,-4.44933044076813,8.61384024485896e-06,2.49135872936201e-05,"ENSG00000286220",NA
1.06692154832967,-2.12614748022022,0.457984407840318,-4.64240145258729,3.44382906590846e-06,1.04983266806995e-05,"ENSG00000286225",NA
3.31177315518392,-1.12472168416034,0.2089124199284,-5.38369946863769,7.29702998431921e-08,2.7604930808533e-07,"ENSG00000286292",NA
2.30398661808619,-1.80342995317852,0.373172513603355,-4.83269771335673,1.3469523157388e-06,4.34302882281194e-06,"ENSG00000286330","LOC105370259"
12.6114097900972,-2.90209313227969,0.359442839802525,-8.07386546877404,6.81069146293532e-16,5.83316227835764e-15,"ENSG00000286346","LOC124901902"
5.45675646559638,-1.33760149553623,0.285236008877567,-4.68945523673477,2.73933348978058e-06,8.45665285704144e-06,"ENSG00000286381","NHIP"
1.12477983135551,-2.9431233177733,0.47528893496633,-6.19228242286304,5.92991751860553e-10,2.8580611613116e-09,"ENSG00000286447","LOC124909397"
5.57864868423213,-3.59082988342201,0.345607587720569,-10.389904651993,2.75628510201715e-25,4.78639987882806e-24,"ENSG00000286449",NA
7.95601523369146,-1.15870651948604,0.185417752709705,-6.24916709728511,4.12647263292256e-10,2.02282918931498e-09,"ENSG00000286511",NA
0.938574783741269,-2.06895364006452,0.258371300990361,-8.00767589950599,1.16896480150496e-15,9.79581293013542e-15,"ENSG00000286527",NA
6.6939313222131,-1.02021845842084,0.366107858060376,-2.78666091415222,0.00532541709171197,0.00959808320481203,"ENSG00000286534",NA
4.91624189160058,-1.82915884404795,0.269247249967881,-6.79360269888052,1.09367317440906e-11,6.30057697869752e-11,"ENSG00000286583",NA
1.01886023767544,-1.42988229050816,0.334355458629103,-4.27653341258685,1.89826077436143e-05,5.20410952594652e-05,"ENSG00000286590",NA
1.79059037505676,-1.12075917105821,0.412561171708704,-2.71658907312183,0.00659584441505217,0.0116759717402049,"ENSG00000286635",NA
4.69398238948919,-1.13991729437618,0.275886625280214,-4.13183239027402,3.59882808257418e-05,9.45691636188433e-05,"ENSG00000286657","LOC124901107"
8.16142123933992,-1.17299616128565,0.233266478260634,-5.02856719933428,4.94158337956823e-07,1.68549553046717e-06,"ENSG00000286705",NA
6.10420107862877,-1.03128074026944,0.324611612297739,-3.17696810958055,0.00148823399763036,0.00296390222775937,"ENSG00000286710","LOC116435278"
5.07876801013576,-1.72924274418906,0.229182382366653,-7.54526908365306,4.5135458930605e-14,3.28038372307178e-13,"ENSG00000286743","LOC124903940"
1.20862458364111,-4.23868403891959,0.785170779979406,-5.39842305266476,6.72291903455762e-08,2.55537388157822e-07,"ENSG00000286765",NA
1.01170366334445,-1.30842394052582,0.411849527002473,-3.17694656601599,0.00148834455251677,0.0029639688703311,"ENSG00000286809",NA
1.76131012642837,-1.01968021017799,0.334404405682772,-3.04924275173964,0.0022941902011365,0.00442461653689967,"ENSG00000286818",NA
6.25777457505291,-3.82521332419862,0.371748542087833,-10.2897870230109,7.83494778913783e-25,1.32176497432638e-23,"ENSG00000286848",NA
1.06441991529291,-1.00438232356734,0.385567543465959,-2.60494520503129,0.00918889541235198,0.0157907058471683,"ENSG00000286878",NA
0.918140768800795,-1.56200227889289,0.336694549374644,-4.63922650899474,3.49715594461766e-06,1.06490697451857e-05,"ENSG00000286913",NA
0.651826846965297,-1.70961498244898,0.385864332962277,-4.43061158134075,9.39662099844783e-06,2.7041308946656e-05,"ENSG00000286957",NA
0.866463398340426,-2.78801594561845,0.58220747678581,-4.78869828503445,1.67866644886235e-06,5.34490177717687e-06,"ENSG00000287000","LOC124903585"
0.846241946193119,-3.42694948598375,0.734642498265496,-4.66478524462557,3.08939512678584e-06,9.46739793077756e-06,"ENSG00000287018",NA
12.8726659080538,-2.58516118158605,0.304384435638647,-8.49307940520009,2.01232710561211e-17,1.94930562432524e-16,"ENSG00000287059",NA
1.04997616332301,-1.62995831253686,0.39300045825124,-4.14747178613938,3.36166880805548e-05,8.87313474277833e-05,"ENSG00000287063",NA
21.2854232645178,-2.10752011960251,0.222769888027918,-9.46052511072947,3.06400587078055e-21,3.96372253411506e-20,"ENSG00000287090","LOC340090"
2.43264473413925,-2.42510074077588,0.213408046259567,-11.3636799702774,6.34158318973942e-30,1.4866759079019e-28,"ENSG00000287115",NA
1.07114277834611,-1.16475005009855,0.277400061890631,-4.19880962592492,2.68321779748132e-05,7.18896687524491e-05,"ENSG00000287124",NA
1.97174248430307,-1.07935025892123,0.231546988034674,-4.66147397589811,3.13952771293922e-06,9.61413157940057e-06,"ENSG00000287146",NA
3.60981405111611,-1.1420458687697,0.203872408503358,-5.60176767986183,2.12176810456274e-08,8.56257146175331e-08,"ENSG00000287166",NA
1.21392795921133,-1.400221280906,0.22274747008231,-6.28613775226533,3.25461181625894e-10,1.61687634706949e-09,"ENSG00000287192",NA
5.23933535346885,-1.32570578771458,0.197352110609057,-6.71746445286679,1.84913855311769e-11,1.03756319252358e-10,"ENSG00000287255","LOC101929667"
1.99744593904712,-1.61979239728401,0.484040621993248,-3.34639764450721,0.000818688985672006,0.00171000898745758,"ENSG00000287258","LOC124901391"
2.82652046915286,-1.11957166831459,0.226068217644753,-4.95236207892743,7.33180192689337e-07,2.44841299994154e-06,"ENSG00000287260","LOC101928868"
5.20311189321999,-2.05358684594429,0.24667113003631,-8.32520143578212,8.41854614816506e-17,7.75303732161476e-16,"ENSG00000287271",NA
5.49066718131132,-3.77442121464482,0.367985831629709,-10.2569742914528,1.10102649036874e-24,1.83093276276847e-23,"ENSG00000287281","LOC107985177"
3.35714056732235,-1.78743309403136,0.31283251564908,-5.7137062313446,1.10541762260149e-08,4.60554739230162e-08,"ENSG00000287292",NA
1.34769742746043,-1.00925032672334,0.352209042227366,-2.8654867017066,0.00416368760478031,0.00765499700368156,"ENSG00000287300","LOC105377848"
0.492880782035624,-1.48855095787846,0.539873867758916,-2.75721987444515,0.00582951379552931,0.0104318043703382,"ENSG00000287313","LOC105374468"
9.88354990920159,-1.29515870910031,0.389730952117677,-3.32321233934032,0.000889871493648787,0.00184665025726318,"ENSG00000287364","LOC105371672"
6.90750754457792,-2.40927939230323,0.26734809156215,-9.01176955565866,2.0275802766278e-19,2.27073635000026e-18,"ENSG00000287367",NA
10.2079330821083,-2.18338172826709,0.168048853989361,-12.9925416117704,1.34872440514853e-38,5.63634860921149e-37,"ENSG00000287401",NA
13.4674802820926,-1.23024448131664,0.26855020951799,-4.5810594731047,4.62626246984069e-06,1.38600415474141e-05,"ENSG00000287406",NA
16.8658460597647,-1.21579102715418,0.212606929185338,-5.71849201628949,1.07473565597447e-08,4.48257341779674e-08,"ENSG00000287543",NA
0.561878570348769,-2.46235129653963,0.56274986022042,-4.37556980569515,1.21115673464659e-05,3.42266394538461e-05,"ENSG00000287559",NA
0.708760151451563,-2.06483117130507,0.466070857483425,-4.43029453172471,9.41044719564755e-06,2.7072991868532e-05,"ENSG00000287586",NA
22.6703128854132,-1.86237092230419,0.325528998115394,-5.7210599764879,1.05861516380876e-08,4.4196522101157e-08,"ENSG00000287593",NA
0.951043601690756,-1.59775390270322,0.352191824923344,-4.53660133380716,5.71680269436523e-06,1.69496809958587e-05,"ENSG00000287614",NA
0.620669920152027,-1.84722645196118,0.426606487297586,-4.33004773008203,1.49077025986381e-05,4.1554153687366e-05,"ENSG00000287652",NA
4.31866918880358,-1.15009477385489,0.432890180943908,-2.65678184556447,0.0078890475507904,0.013749210601723,"ENSG00000287684",NA
2.04809105700092,-1.16263619397427,0.287631403961,-4.04210450584842,5.29736121824523e-05,0.000135237481246928,"ENSG00000287687","LOC102724482"
0.643981191409333,-2.98243870282627,0.554384218200474,-5.37973233168007,7.4596667655287e-08,2.81841399503029e-07,"ENSG00000287730","LOC105377503"
5.03429968546693,-2.27030082520881,0.300050951548377,-7.56638435403455,3.83755506449548e-14,2.8065908229914e-13,"ENSG00000287743",NA
0.739389656899583,-2.67756591955694,0.494425043087723,-5.41551435751582,6.11127676679116e-08,2.33535690142948e-07,"ENSG00000287744",NA
16.199914813981,-2.49286015733515,0.225973170683853,-11.0316642891327,2.68843245374622e-28,5.72326481446185e-27,"ENSG00000287750","LINC03026"
1.37045098032441,-1.49876414939601,0.307060144992262,-4.88101166445349,1.05542998366004e-06,3.45110704046414e-06,"ENSG00000287797","LOC124904219"
1.8522744901331,-1.00421129129448,0.266259248796515,-3.77155458761897,0.000162233656945758,0.000382380910286511,"ENSG00000287805",NA
13.9465427178986,-1.78984769470122,0.160034036496494,-11.1841689048469,4.87450861525008e-29,1.08079718991073e-27,"ENSG00000287815","LOC107986742"
1.91698954307584,-1.83616981393988,0.536193564866305,-3.42445328376463,0.000616037748999833,0.00131428907029558,"ENSG00000287818",NA
0.402215365167145,-1.62411492606609,0.536948453320075,-3.0247129236034,0.00248869225789422,0.00477292119714964,"ENSG00000287820",NA
2.16111636079187,-1.34635828833225,0.27591646711022,-4.87958657354951,1.06308450880074e-06,3.4737727443364e-06,"ENSG00000287823",NA
1.15107537185492,-2.66574488407797,0.373058357707238,-7.14565115351187,8.95702673107353e-13,5.75485973812808e-12,"ENSG00000287901",NA
1.73833935358676,-3.04063491638876,0.400841991279197,-7.58561972682865,3.30901602292668e-14,2.43719806577513e-13,"ENSG00000287971",NA
6.75810291157493,-1.63309624489658,0.211509957893748,-7.72113171956173,1.15301322710473e-14,8.86775345919095e-14,"ENSG00000287975",NA
20.1521125794202,-1.08795383448547,0.172365497534728,-6.31190029353915,2.75629794245179e-10,1.38001545765652e-09,"ENSG00000287978",NA
0.706922297691955,-1.43274874314424,0.513226939123177,-2.79164758107208,0.00524404372926976,0.00946073620474096,"ENSG00000288002",NA
3.31629144091729,-1.90519090597692,0.179735770673382,-10.5999540260634,2.98126744337766e-26,5.52389346484534e-25,"ENSG00000288007",NA
1.82926665686216,-1.39136982872109,0.354328401213773,-3.92678042165085,8.60905079438401e-05,0.000212405939736689,"ENSG00000288015",NA
1.94657331293224,-1.37519268732076,0.237023736154585,-5.80191971332303,6.55599534830589e-09,2.80751117349428e-08,"ENSG00000288045",NA
93.8410679466055,-1.34565569286548,0.331222059657072,-4.06269949006022,4.85084611326285e-05,0.000124749485295396,"ENSG00000288047",NA
20.7619361097999,-1.45582509376043,0.204688252043409,-7.11240180726977,1.14040669860927e-12,7.23279715299086e-12,"ENSG00000288156",NA
6.14299875386477,-1.01045046790084,0.285325333123366,-3.5413976629406,0.00039801322145457,0.000878288143561031,"ENSG00000288536",NA
1.26420974242701,-1.28289039359463,0.316891012010213,-4.04836472153804,5.15767308750492e-05,0.000131965506749628,"ENSG00000288600",NA
5.3268010718917,-1.47050214182719,0.271939263098281,-5.40746534749465,6.3922905263966e-08,2.43644685107931e-07,"ENSG00000288658","RNF228"
