"ID","Description","GeneRatio","BgRatio","RichFactor","FoldEnrichment","zScore","pvalue","p.adjust","qvalue","geneID","Count"
"GO:0003012","muscle system process","153/2491","434/16800",0.352534562211982,2.37759158778053,12.1315979886329,7.09543267625821e-27,4.07916424558084e-23,3.41850477465619e-23,"CD38/ABCC8/SCN4A/IGF1/ATP1A2/MYOC/NEDD4L/ATP2B4/MYLK/CACNB1/ABCC9/ATP2B1/TACR2/SRI/ACACB/PPP1R12B/CHRNA3/GNAO1/NOS1/SLC9A1/SMPX/HMOX1/CHGA/ASB2/SLC8A3/MYL9/SMAD7/DMPK/SCN1B/PIK3CG/CAV1/ACTA2/P2RX1/SGCA/MAP2K6/CRYAB/MYL2/KCNA1/PDE4D/TACR1/RGS2/CHRNB4/CASQ2/NR4A3/FKBP1B/MYOT/ADRA1A/CALD1/SSPN/EDN3/MYH2/EDN2/AKAP9/TMOD2/FGF13/KCNA5/CNN1/HRC/TRPM4/TNNT3/GATA5/SLC6A8/ATP8A2/MYH11/LARGE1/IL6ST/SPX/DSC2/DTNA/P2RX4/EDNRB/SCN7A/TMOD1/MSTN/CHRNA1/HCN4/PDE5A/TPM1/MYOCD/STAC2/CASQ1/MEIS1/STAC/ANK2/MLIP/GSN/HTR7/SCN2B/ADRA2A/CACNA1C/AKAP6/GPD1L/SCN3A/CACNA2D1/SORBS2/CLIC2/KCNMA1/TIAM1/FBXO32/KIT/TRIM63/PDE9A/LMOD1/SLMAP/KLF15/HAND2/GUCY1A1/PI16/GPER1/ARHGAP42/CACNB2/SCN3B/APBB1/SCN11A/BDKRB2/SCNN1B/GDNF/ADRB2/SCN9A/TACR3/P2RY1/ADRA1B/KCND3/NMUR1/LEP/DES/SCN4B/SSTR2/CHRM2/KCNIP1/SYNM/KCNB2/GJC1/SLC8A1/CTNNA3/SMTN/PRKG1/TRDN/P2RX2/COL14A1/RYR1/CACNA1H/FLNA/TPM2/PLN/RCSD1/RYR3/DMD/GSTM2/KBTBD13/TIFAB/FXYD1/MIR145",153
"GO:0006936","muscle contraction","130/2491","344/16800",0.377906976744186,2.54871024058704,12.1090811308775,3.27140981687523e-26,9.40366751860785e-23,7.88065406938839e-23,"CD38/SCN4A/ATP1A2/NEDD4L/ATP2B4/MYLK/CACNB1/ABCC9/ATP2B1/TACR2/SRI/PPP1R12B/CHRNA3/GNAO1/NOS1/SLC9A1/SMPX/CHGA/SLC8A3/MYL9/SMAD7/DMPK/SCN1B/PIK3CG/CAV1/ACTA2/P2RX1/SGCA/MAP2K6/CRYAB/MYL2/KCNA1/PDE4D/TACR1/RGS2/CHRNB4/CASQ2/FKBP1B/MYOT/ADRA1A/CALD1/SSPN/EDN3/MYH2/EDN2/AKAP9/TMOD2/FGF13/KCNA5/CNN1/HRC/TRPM4/TNNT3/SLC6A8/ATP8A2/MYH11/LARGE1/SPX/DSC2/DTNA/P2RX4/EDNRB/SCN7A/TMOD1/CHRNA1/HCN4/PDE5A/TPM1/MYOCD/STAC2/CASQ1/STAC/ANK2/GSN/HTR7/SCN2B/ADRA2A/CACNA1C/GPD1L/SCN3A/CACNA2D1/CLIC2/KCNMA1/KIT/TRIM63/LMOD1/SLMAP/GUCY1A1/GPER1/ARHGAP42/CACNB2/SCN3B/APBB1/SCN11A/BDKRB2/SCNN1B/GDNF/ADRB2/SCN9A/TACR3/ADRA1B/KCND3/NMUR1/DES/SCN4B/SSTR2/CHRM2/KCNIP1/SYNM/KCNB2/GJC1/SLC8A1/CTNNA3/SMTN/PRKG1/TRDN/P2RX2/RYR1/CACNA1H/FLNA/TPM2/PLN/RCSD1/RYR3/DMD/GSTM2/KBTBD13/TIFAB/FXYD1/MIR145",130
"GO:0042391","regulation of membrane potential","151/2491","449/16800",0.33630289532294,2.26812069105796,11.3641128269271,4.01377212286487e-24,7.69172531145005e-21,6.44597719521141e-21,"ABCB5/ABCC8/SCN4A/DCN/LTF/ATP1A2/FHL1/KCNG1/MYOC/CASR/BEST2/ADRB1/NEDD4L/SEZ6/ABCC9/CNGB1/SRI/SLC4A4/CHRNA3/MEF2C/KCNK2/GNA11/NOS1/SLC9A1/SLC26A3/SLC8A3/RIMS4/NTSR1/CHRNA4/CELF4/SMAD7/DMPK/SCN1B/GRIK5/CAV1/P2RX1/CNTNAP1/MPP2/PHOX2B/CUX2/KCNA1/POPDC1/GABRG2/CLCN2/TACR1/RIMS3/CHRNB4/SLC8A2/CNR1/AKAP7/CASQ2/FKBP1B/GRIA2/PTK2B/ADRA1A/POPDC2/GRIA3/AKAP9/ATP1B2/FGF13/KCNA5/TRPM4/SYNE1/POPDC3/SPART/DSC2/P2RX4/CD36/SCN7A/CHRNA1/HCN4/SLC24A4/KCNH1/IGSF11/TMEM108/SNCA/ANK2/NLGN4X/HTR3B/SCN2B/TMEM25/CACNA1C/KCNA6/ANK3/AKAP6/GRIA4/GPD1L/SCN3A/PID1/CACNA2D1/GRIA1/KCNMA1/KCNS2/KCNB1/PINK1/GABRG1/TAFA4/SLMAP/GRIK3/CLDN19/GRIK2/KCNK5/GPER1/CACNB2/SCN3B/CHRFAM7A/B2M/HTR3A/SCN11A/ADRB2/SCN9A/NLGN1/KCNS3/KCNG3/GRIK1/KCNK3/KCND3/BCL2/NPAS4/SCN4B/KCNA3/KCNA2/HTR3C/UCN3/NRXN1/GPR88/KCNIP1/KCNA4/KCNB2/GJC1/SLC8A1/CTNNA3/GRIN2A/PRKN/HTR3E/TRDN/MAPT/P2RX2/CNR2/LRRK2/RELN/NLGN3/CACNA1H/FLNA/KCNMB2/PLN/GRIN3A/DMD/INSYN1/MLLT11/FXYD1",151
"GO:0001508","action potential","71/2491","169/16800",0.420118343195266,2.83339549003632,9.99457350154739,8.73136636441926e-18,1.25491563072616e-14,1.05167010131439e-14,"ABCC8/SCN4A/ATP1A2/KCNG1/NEDD4L/ABCC9/SRI/KCNK2/GNA11/NOS1/SLC9A1/CHRNA4/SCN1B/CAV1/P2RX1/CNTNAP1/KCNA1/CLCN2/TACR1/CHRNB4/SLC8A2/CNR1/AKAP7/FKBP1B/ADRA1A/AKAP9/FGF13/KCNA5/TRPM4/DSC2/P2RX4/CD36/SCN7A/CHRNA1/HCN4/ANK2/SCN2B/CACNA1C/KCNA6/ANK3/AKAP6/GPD1L/SCN3A/CACNA2D1/GRIA1/KCNS2/KCNB1/SLMAP/CLDN19/GRIK2/GPER1/CACNB2/SCN3B/SCN11A/SCN9A/KCNS3/KCNG3/KCND3/SCN4B/KCNA3/KCNA2/GPR88/KCNA4/KCNB2/GJC1/SLC8A1/CTNNA3/CNR2/FLNA/KCNMB2/DMD",71
"GO:0019724","B cell mediated immunity","77/2491","195/16800",0.394871794871795,2.66312571410925,9.74645946812294,2.64149269217002e-17,3.03718829745709e-14,2.54528674780256e-14,"BTK/C6/TBX21/CSF2RB/SLA2/CD40LG/FCER2/IL2/AICDA/C7/CR2/CLU/IGLL1/IL10/CD27/XCL1/C1QC/FCMR/SVEP1/C1QB/C1QA/CD19/FCER1A/CR1/IGKC/IGLC2/IGLC3/IGLC7/IGHA2/IGHE/IGHA1/IGHD/IGHM/IGHV6-1/IGHV1-3/IGHV2-5/IGHV3-7/IGHV3-11/IGHV3-13/IGHV3-15/IGHV3-16/IGHV1-18/IGHV3-20/IGHV3-21/IGHV3-23/IGHV1-24/IGHV2-26/IGHV4-28/IGHV3-33/IGHV4-34/IGHV3-35/IGHV3-38/IGHV4-39/IGHV3-48/IGHV3-49/IGHV5-51/IGHV3-53/IGHV1-58/IGHV4-61/IGHV3-66/IGHV1-69/IGHV2-70D/IGHV3-73/IGLC6/IGHV3-64/IGHV4-59/IGHV3-74/IGHV3-72/IGHV3-43/IGHV8-51-1/IGLL5/IGHV3-30/IGHV2-70/IGHV4-4/IGHV1-69D/IGHV7-4-1/IGHV3-64D",77
"GO:0016064","immunoglobulin mediated immune response","76/2491","192/16800",0.395833333333333,2.66961059815335,9.70802924762971,3.61627420871925e-17,3.46499340432116e-14,2.90380474619439e-14,"BTK/C6/TBX21/CSF2RB/CD40LG/FCER2/IL2/AICDA/C7/CR2/CLU/IGLL1/IL10/CD27/XCL1/C1QC/FCMR/SVEP1/C1QB/C1QA/CD19/FCER1A/CR1/IGKC/IGLC2/IGLC3/IGLC7/IGHA2/IGHE/IGHA1/IGHD/IGHM/IGHV6-1/IGHV1-3/IGHV2-5/IGHV3-7/IGHV3-11/IGHV3-13/IGHV3-15/IGHV3-16/IGHV1-18/IGHV3-20/IGHV3-21/IGHV3-23/IGHV1-24/IGHV2-26/IGHV4-28/IGHV3-33/IGHV4-34/IGHV3-35/IGHV3-38/IGHV4-39/IGHV3-48/IGHV3-49/IGHV5-51/IGHV3-53/IGHV1-58/IGHV4-61/IGHV3-66/IGHV1-69/IGHV2-70D/IGHV3-73/IGLC6/IGHV3-64/IGHV4-59/IGHV3-74/IGHV3-72/IGHV3-43/IGHV8-51-1/IGLL5/IGHV3-30/IGHV2-70/IGHV4-4/IGHV1-69D/IGHV7-4-1/IGHV3-64D",76
"GO:1903522","regulation of blood circulation","90/2491","253/16800",0.355731225296443,2.39915077678853,9.35597563273036,1.41177702594388e-16,1.15947230316448e-13,9.71684728984232e-14,"CD38/ATP1A2/CASR/ADRB1/ATP2B4/ATP2B3/ABCC9/ATP2B1/ATP2A3/SRI/GNAO1/NOS1/SLC9A1/CHGA/SLC8A3/SMAD7/DMPK/SCN1B/PIK3CG/CAV1/SLC1A1/P2RX1/MYL2/POPDC1/PDE4D/TACR1/EPAS1/RGS2/ECE1/SLC8A2/CASQ2/FKBP1B/ADRA1A/POPDC2/TMIGD3/EDN3/EDN2/AKAP9/ATP1B2/FGF13/KCNA5/HRC/TRPM4/SPX/DSC2/P2RX4/EDNRB/HCN4/PDE5A/TPM1/AGTR1/ANK2/SCN2B/ADRA2A/CACNA1C/THRB/GPD1L/CACNA2D1/CLIC2/ATP2B2/SPTBN4/SVEP1/ARHGAP42/CACNB2/SCN3B/BDKRB2/TACR3/ADRA1B/KCND3/CYSLTR1/HSPB7/LEP/DES/SCN4B/AGTR2/CHRM2/KCNIP1/GJC1/SLC8A1/CTNNA3/TRDN/CACNA1H/FLNA/KCNMB2/AVPR1B/PLN/DMD/GSTM2/FXYD1/ADORA3",90
"GO:0050804","modulation of chemical synaptic transmission","144/2491","498/16800",0.289156626506024,1.95015308121285,8.9807321755665,2.1869490836985e-16,1.57159628527284e-13,1.31706131001159e-13,"CD38/PRKAR2B/ARHGAP44/ATP1A2/NGFR/NEO1/CAMK2A/TACR2/CACNG5/SCGN/SCTR/CHRNA3/MEF2C/KCNK2/GNAO1/JPH4/PACSIN2/NEFH/SYNGR1/SLC8A3/RIMS4/CELF4/CHRDL1/SYP/MAPK3/CA2/DMPK/CACNG7/GRIK5/PTN/SLC1A1/APBA1/CPEB3/NEURL1/LGI1/P2RX1/MPP2/NRXN2/CUX2/BCHE/TACR1/PLCL1/TNR/RAP1A/RIMS3/CHRNB4/SLC8A2/CNR1/AKAP7/GRIA2/PTK2B/ADRA1A/TSHZ3/CCR2/PHF24/GRIA3/SYT5/AKAP12/SYNE1/MAP1B/SNAP25/SYT11/SYT4/LARGE1/NGF/EPHA7/TUBB2B/UNC13C/ITPKA/CBLN2/CACNA1A/SLC4A10/CNTN4/IGSF11/TMEM108/SNCA/NLGN4X/CACNA1B/INA/LRRC4C/TMEM25/ADRA2A/GRIA4/JPH3/PLCL2/GRIA1/MICU3/SORCS3/KIT/KCNB1/PINK1/PDE9A/S100B/NTNG1/LRRTM1/ABHD6/GRIK3/GUCY1A1/NPY5R/GRIK2/GPER1/CLMP/PRKCB/MAP1A/FAM107A/CX3CR1/CA7/NSG1/ROR2/ADRB2/DRD5/NLGN1/P2RY1/GRIK1/CALB2/SNCG/NPAS4/AKAP5/NRXN1/CHRM2/ADIPOQ/PENK/ADGRB1/GRIN2A/CNTN2/PRKN/SV2B/NRG3/MAPT/P2RY4/SLC18A3/SHISA7/CNR2/LRRK2/RELN/NLGN3/SLC6A9/DLGAP2/GRIN3A/PRRT1/VAMP2/FRRS1L/NEFL/ADORA3",144
"GO:0099177","regulation of trans-synaptic signaling","144/2491","499/16800",0.288577154308617,1.94624495880561,8.95304288683977,2.63668730588172e-16,1.684257257946e-13,1.41147576596733e-13,"CD38/PRKAR2B/ARHGAP44/ATP1A2/NGFR/NEO1/CAMK2A/TACR2/CACNG5/SCGN/SCTR/CHRNA3/MEF2C/KCNK2/GNAO1/JPH4/PACSIN2/NEFH/SYNGR1/SLC8A3/RIMS4/CELF4/CHRDL1/SYP/MAPK3/CA2/DMPK/CACNG7/GRIK5/PTN/SLC1A1/APBA1/CPEB3/NEURL1/LGI1/P2RX1/MPP2/NRXN2/CUX2/BCHE/TACR1/PLCL1/TNR/RAP1A/RIMS3/CHRNB4/SLC8A2/CNR1/AKAP7/GRIA2/PTK2B/ADRA1A/TSHZ3/CCR2/PHF24/GRIA3/SYT5/AKAP12/SYNE1/MAP1B/SNAP25/SYT11/SYT4/LARGE1/NGF/EPHA7/TUBB2B/UNC13C/ITPKA/CBLN2/CACNA1A/SLC4A10/CNTN4/IGSF11/TMEM108/SNCA/NLGN4X/CACNA1B/INA/LRRC4C/TMEM25/ADRA2A/GRIA4/JPH3/PLCL2/GRIA1/MICU3/SORCS3/KIT/KCNB1/PINK1/PDE9A/S100B/NTNG1/LRRTM1/ABHD6/GRIK3/GUCY1A1/NPY5R/GRIK2/GPER1/CLMP/PRKCB/MAP1A/FAM107A/CX3CR1/CA7/NSG1/ROR2/ADRB2/DRD5/NLGN1/P2RY1/GRIK1/CALB2/SNCG/NPAS4/AKAP5/NRXN1/CHRM2/ADIPOQ/PENK/ADGRB1/GRIN2A/CNTN2/PRKN/SV2B/NRG3/MAPT/P2RY4/SLC18A3/SHISA7/CNR2/LRRK2/RELN/NLGN3/SLC6A9/DLGAP2/GRIN3A/PRRT1/VAMP2/FRRS1L/NEFL/ADORA3",144
"GO:0008016","regulation of heart contraction","76/2491","202/16800",0.376237623762376,2.53745165765071,9.17219355173608,9.98338875611132e-16,5.7394501958884e-13,4.80989161439174e-13,"ATP1A2/ADRB1/ATP2B4/ATP2B3/ABCC9/ATP2B1/ATP2A3/SRI/GNAO1/NOS1/SLC9A1/CHGA/SLC8A3/SMAD7/DMPK/SCN1B/PIK3CG/CAV1/SLC1A1/MYL2/POPDC1/PDE4D/EPAS1/RGS2/SLC8A2/CASQ2/FKBP1B/ADRA1A/POPDC2/TMIGD3/EDN3/EDN2/AKAP9/ATP1B2/FGF13/KCNA5/HRC/TRPM4/SPX/DSC2/P2RX4/EDNRB/HCN4/PDE5A/TPM1/ANK2/SCN2B/CACNA1C/THRB/GPD1L/CACNA2D1/CLIC2/ATP2B2/SPTBN4/CACNB2/SCN3B/TACR3/ADRA1B/KCND3/HSPB7/DES/SCN4B/AGTR2/CHRM2/KCNIP1/GJC1/SLC8A1/CTNNA3/TRDN/CACNA1H/FLNA/PLN/DMD/GSTM2/FXYD1/ADORA3",76
"GO:0060047","heart contraction","85/2491","241/16800",0.352697095435685,2.37868775725391,8.99458901740647,1.76770396475538e-15,9.23866372125334e-13,7.74237420735442e-13,"SCN4A/ATP1A2/ADRB1/NEDD4L/ATP2B4/ATP2B3/ABCC9/ATP2B1/ATP2A3/SRI/GNAO1/NOS1/SLC9A1/CHGA/SLC8A3/SMAD7/SGCG/DMPK/SCN1B/PIK3CG/CAV1/SLC1A1/MAP2K6/MYL2/POPDC1/PDE4D/EPAS1/RGS2/SLC8A2/CASQ2/FKBP1B/ADRA1A/POPDC2/TMIGD3/EDN3/EDN2/AKAP9/ATP1B2/FGF13/KCNA5/HRC/TRPM4/SPX/DSC2/P2RX4/EDNRB/SCN7A/HCN4/PDE5A/TPM1/ANK2/GSN/SCN2B/CACNA1C/THRB/GPD1L/SCN3A/CACNA2D1/CLIC2/ATP2B2/SPTBN4/CACNB2/SCN3B/SCN11A/SCN9A/TACR3/ADRA1B/KCND3/HSPB7/DES/SCN4B/AGTR2/CHRM2/KCNIP1/GJC1/SLC8A1/CTNNA3/TRDN/CACNA1H/FLNA/PLN/DMD/GSTM2/FXYD1/ADORA3",85
"GO:0002443","leukocyte mediated immunity","133/2491","460/16800",0.289130434782609,1.94997643691201,8.61965056086967,3.20279585369373e-15,1.53440611357377e-12,1.28589444055756e-12,"BTK/WAS/SLAMF7/STAP1/C6/RAB27A/TBX21/CEACAM1/CSF2RB/CTSG/CHGA/SLA2/SMAD7/GATA1/CD40LG/FOXF1/FCER2/CLC/PIK3CG/IL2/DAO/AICDA/KLRB1/C7/SLAMF1/CD160/CR2/NR4A3/CLU/CCR2/SASH3/NCKAP1L/IGLL1/TRPM4/RSAD2/KLRC1/IL10/CD27/SECTM1/XCL1/CD96/CD8A/KIT/CD1D/CD1C/C1QC/IL6R/SCIMP/FCMR/DNASE1L3/F2RL1/TLR3/SVEP1/SLC18A2/B2M/PTGDR/CX3CR1/SCN11A/SCNN1B/RASGRP4/C1QB/C1QA/CD7/LEP/CD19/FCER1A/MRGPRX2/GPR15LG/KIR2DL4/SPN/GZMM/ELANE/PLCG2/SH2D1B/CR1/NCR3/CD177/IGKC/IGLC2/IGLC3/IGLC7/IGHA2/IGHE/IGHA1/IGHD/IGHM/IGHV6-1/IGHV1-3/IGHV2-5/IGHV3-7/IGHV3-11/IGHV3-13/IGHV3-15/IGHV3-16/IGHV1-18/IGHV3-20/IGHV3-21/IGHV3-23/IGHV1-24/IGHV2-26/IGHV4-28/IGHV3-33/IGHV4-34/IGHV3-35/IGHV3-38/IGHV4-39/IGHV3-48/IGHV3-49/IGHV5-51/IGHV3-53/IGHV1-58/IGHV4-61/IGHV3-66/IGHV1-69/IGHV2-70D/IGHV3-73/VAMP2/IGLC6/IGHV3-64/IGHV4-59/IGHV3-74/IGHV3-72/IGHV3-43/IGHV8-51-1/IGLL5/RAB44/KLRF2/IGHV3-30/IGHV2-70/IGHV4-4/IGHV1-69D/IGHV7-4-1/IGHV3-64D",133
"GO:0090257","regulation of muscle system process","82/2491","232/16800",0.353448275862069,2.38375392793366,8.85506499412567,4.84568097134984e-15,2.03891609898845e-12,1.70869423241939e-12,"ABCC8/SCN4A/IGF1/ATP1A2/ATP2B4/CACNB1/ATP2B1/TACR2/SRI/ACACB/PPP1R12B/CHRNA3/NOS1/SLC9A1/CHGA/SLC8A3/MYL9/SMAD7/DMPK/PIK3CG/CAV1/P2RX1/SGCA/MYL2/KCNA1/PDE4D/TACR1/RGS2/CHRNB4/CASQ2/NR4A3/FKBP1B/ADRA1A/EDN3/EDN2/AKAP9/FGF13/CNN1/HRC/TRPM4/TNNT3/GATA5/IL6ST/SPX/DSC2/P2RX4/MSTN/HCN4/PDE5A/TPM1/MYOCD/CASQ1/ANK2/MLIP/ADRA2A/CACNA1C/AKAP6/CLIC2/FBXO32/KIT/TRIM63/PDE9A/HAND2/GUCY1A1/PI16/GPER1/ARHGAP42/CACNB2/ADRB2/TACR3/ADRA1B/CHRM2/KCNB2/SLC8A1/CTNNA3/PRKG1/PLN/DMD/GSTM2/KBTBD13/TIFAB/MIR145",82
"GO:0003015","heart process","86/2491","249/16800",0.345381526104418,2.3293495136709,8.81760565494004,4.96518096814025e-15,2.03891609898845e-12,1.70869423241939e-12,"SCN4A/WWTR1/ATP1A2/ADRB1/NEDD4L/ATP2B4/ATP2B3/ABCC9/ATP2B1/ATP2A3/SRI/GNAO1/NOS1/SLC9A1/CHGA/SLC8A3/SMAD7/SGCG/DMPK/SCN1B/PIK3CG/CAV1/SLC1A1/MAP2K6/MYL2/POPDC1/PDE4D/EPAS1/RGS2/SLC8A2/CASQ2/FKBP1B/ADRA1A/POPDC2/TMIGD3/EDN3/EDN2/AKAP9/ATP1B2/FGF13/KCNA5/HRC/TRPM4/SPX/DSC2/P2RX4/EDNRB/SCN7A/HCN4/PDE5A/TPM1/ANK2/GSN/SCN2B/CACNA1C/THRB/GPD1L/SCN3A/CACNA2D1/CLIC2/ATP2B2/SPTBN4/CACNB2/SCN3B/SCN11A/SCN9A/TACR3/ADRA1B/KCND3/HSPB7/DES/SCN4B/AGTR2/CHRM2/KCNIP1/GJC1/SLC8A1/CTNNA3/TRDN/CACNA1H/FLNA/PLN/DMD/GSTM2/FXYD1/ADORA3",86
"GO:0006937","regulation of muscle contraction","65/2491","166/16800",0.391566265060241,2.64083229747573,8.86428739862967,1.2858988038949e-14,4.92842148239453e-12,4.13021671959787e-12,"SCN4A/ATP1A2/CACNB1/ATP2B1/TACR2/SRI/PPP1R12B/CHRNA3/NOS1/SLC9A1/CHGA/SLC8A3/MYL9/SMAD7/DMPK/PIK3CG/CAV1/P2RX1/MYL2/KCNA1/PDE4D/TACR1/RGS2/CHRNB4/CASQ2/FKBP1B/ADRA1A/EDN3/EDN2/AKAP9/FGF13/CNN1/HRC/TRPM4/TNNT3/SPX/DSC2/P2RX4/HCN4/PDE5A/TPM1/MYOCD/CASQ1/ANK2/ADRA2A/CACNA1C/CLIC2/KIT/GUCY1A1/GPER1/ARHGAP42/CACNB2/ADRB2/TACR3/ADRA1B/CHRM2/KCNB2/SLC8A1/CTNNA3/PRKG1/PLN/DMD/GSTM2/KBTBD13/MIR145",65
"GO:0043269","regulation of monoatomic ion transport","130/2491","454/16800",0.286343612334802,1.93118132766948,8.39228791653466,1.49035166932265e-14,5.35501984183495e-12,4.4877234147959e-12,"ABCC8/CD4/CNTN1/ATP1A2/FHL1/KCNG1/CASR/NEDD4L/ATP2B4/MYLK/CACNB1/ABCC9/MAOB/CAMK2A/ATP2B1/TACR2/SRI/ADCYAP1R1/ATP8B1/ABCB1/NOS1/SLC9A1/JPH4/BDKRB1/NTSR1/CA2/DMPK/SCN1B/PIK3CG/CAV1/CXCL12/RGS9/P2RX1/NHERF1/PDE4D/KCNIP3/GCG/CNR1/AKAP7/CASQ2/FKBP1B/PTK2B/CCR2/HPCA/PLP1/EDN3/AHNAK/FFAR1/HSPA2/AKAP9/ATP1B2/FGF13/KCNA5/DPP6/CACNG6/HRC/LGALS3/P2RX4/TRPC6/FXYD6/PRKG2/STAC2/XCL1/CASQ1/OSR1/STAC/SNCA/ANK2/KCNMB1/STOM/SCN2B/JPH2/ADRA2A/CACNA1C/ANK3/AKAP6/GPD1L/KCNJ16/CACNA2D1/JPH3/GRIA1/CLIC2/KCNS2/MS4A1/SPTBN4/FCRL3/CTSS/SLMAP/GPER1/CACNB2/SCN3B/B2M/STIM1/TRPV3/CA7/ADRB2/KCNAB1/P2RY12/P2RY1/KCNS3/KCNG3/BCL2/IL16/LEP/PDZK1/DPP10/SCN4B/CD19/PER1/AKAP5/KCNIP1/SLC8A1/GRIN2A/LRRC55/DHRS7C/KCNIP4/NKAIN3/TRDN/CHP1/P2RX2/RELN/SLC6A9/FLNA/PLN/DMD/GSTM2/VAMP2/ITGB3/FXYD1/CCL5",130
"GO:0070588","calcium ion transmembrane transport","103/2491","331/16800",0.311178247734139,2.0986730477453,8.42311615720432,2.73811365076852e-14,9.25965610486366e-12,7.75996667465481e-12,"ATP1A2/ATP2B4/CACNB1/ATP2B3/TRPC7/CNGB1/ATP2B1/ATP2A3/SRI/CACNG5/ADCYAP1R1/NOS1/SLC9A1/JPH4/SLC8A3/BDKRB1/NTSR1/TRPA1/CACNG7/PIK3CG/CAV1/NCS1/RGS9/P2RX1/OPRM1/PDE4D/SLC8A2/CASQ2/TRPM6/FKBP1B/PTK2B/HPCA/PLP1/AHNAK/SLC25A23/CCR7/HSPA2/CACNG6/HRC/TRPM4/P2RX4/EDNRB/CCL21/TRPC6/PLCE1/FGF2/SLC24A4/STAC2/CACNA1A/XCL1/CASQ1/CNGA3/STAC/SNCA/ANK2/CACNA1B/JPH2/ADRA2A/GPM6A/ITPR1/CACNA1C/AKAP6/MCOLN2/CACNA2D1/JPH3/CLIC2/MICU3/MS4A1/ATP2B2/CACNA2D3/GPER1/CACNB2/PKD1L2/STIM1/TRPV3/SCN11A/GP9/TMEM37/BCL2/CCL19/XCR1/SLC35G1/CD19/AKAP5/BHLHA15/SLC8A1/GRIN2A/DHRS7C/GP1BA/TRDN/PLCD1/P2RX2/RYR1/CACNA1H/FLNA/PLCG2/CNGA1/PLN/GRIN3A/RYR3/DMD/GSTM2/ITGB3",103
"GO:0006816","calcium ion transport","123/2491","425/16800",0.289411764705882,1.9518738045198,8.29291326039506,3.34093863146568e-14,1.06705867734979e-11,8.94238369369499e-12,"CD4/CLCA1/ATP1A2/CASR/ATP2B4/MYLK/CACNB1/ATP2B3/TRPC7/CNGB1/CAMK2A/ATP2B1/ATP2A3/SRI/CACNG5/ADCYAP1R1/NOS1/SLC9A1/JPH4/SLC8A3/BDKRB1/NTSR1/CHRNA4/TRPA1/CACNG7/PIK3CG/CAV1/NCS1/CXCL12/CDH23/RGS9/P2RX1/CCL8/VDR/OPRM1/EPM2A/PDE4D/GCG/SLC8A2/CASQ2/TRPM6/FKBP1B/PTK2B/HPCA/PLP1/AHNAK/SLC25A23/FFAR1/CCR7/HSPA2/CACNG6/HRC/TRPM4/LGALS3/P2RX4/EDNRB/CCL21/TRPC6/PLCE1/FGF2/SLC24A4/STAC2/CACNA1A/XCL1/CASQ1/CNGA3/STAC/SNCA/ANK2/CACNA1B/JPH2/ADRA2A/GPM6A/ITPR1/CACNA1C/AKAP6/MCOLN2/CACNA2D1/JPH3/CLIC2/MICU3/MS4A1/ATP2B2/CACNA2D3/FCRL3/GPER1/CACNB2/PKD1L2/PRKCB/STIM1/TRPV3/SCN11A/GP9/TMEM37/BCL2/IL16/CCL19/CYSLTR1/XCR1/SLC35G1/CD19/AKAP5/BHLHA15/SLC8A1/GRIN2A/DHRS7C/GP1BA/SRL/TRDN/PLCD1/P2RX2/RYR1/CACNA1H/FLNA/PLCG2/CNGA1/PLN/GRIN3A/RYR3/DMD/GSTM2/ITGB3/CCL5",123
"GO:0003018","vascular process in circulatory system","88/2491","269/16800",0.327137546468401,2.20630701753077,8.32162935277989,8.88350881598977e-14,2.68796274648027e-11,2.25262159838145e-11,"CD38/ABCC8/ATP1A2/CASR/ADRB1/ATP2B4/ABCC9/ATP2B1/FERMT2/ATP2A3/TACR2/CEACAM1/SLC4A4/ABCB1/NOS1/TJP3/CAV1/SLC1A1/SH3GL2/ACTA2/P2RX1/NHERF1/KNG1/KAT2B/TACR1/LEPR/RGS2/ECE1/SLC8A2/ABCG2/FLVCR2/TEK/ADRA1A/EDN3/ATP8A1/EDN2/ATP1B2/KCNA5/TRPM4/AKAP12/CD36/EDNRB/SLC28A2/SLCO1C1/AGTR1/SLIT2/KCNMB1/HTR7/ADRA2A/SLC2A13/SLC16A12/BMP6/ANGPT1/KCNMA1/NPPC/SLC15A2/GUCY1A1/F2RL1/GPER1/SVEP1/SLC7A3/VSTM4/ARHGAP42/BDKRB2/SCNN1B/ADRB2/NPR1/ZEB2/DRD5/P2RY1/ADRA1B/PDE3A/CYSLTR1/LEP/P2RY2/AGTR2/SLC2A4/SLC8A1/CLDN5/PRKG1/PDE2A/ADRB3/UTS2B/SLC6A9/SLC22A5/KCNMB2/AVPR1B/HBB",88
"GO:0006941","striated muscle contraction","68/2491","185/16800",0.367567567567568,2.4789783762084,8.43959201766843,1.20364429838605e-13,3.45987553571069e-11,2.89951576511207e-11,"SCN4A/ATP1A2/NEDD4L/ABCC9/SRI/NOS1/SLC9A1/SMPX/CHGA/SLC8A3/SMAD7/DMPK/SCN1B/PIK3CG/CAV1/MAP2K6/MYL2/PDE4D/RGS2/CASQ2/FKBP1B/ADRA1A/AKAP9/FGF13/KCNA5/HRC/TRPM4/TNNT3/ATP8A2/LARGE1/DSC2/DTNA/P2RX4/SCN7A/CHRNA1/HCN4/PDE5A/TPM1/STAC2/CASQ1/STAC/ANK2/GSN/SCN2B/CACNA1C/GPD1L/SCN3A/CACNA2D1/CLIC2/CACNB2/SCN3B/SCN11A/SCN9A/ADRA1B/KCND3/SCN4B/SYNM/GJC1/SLC8A1/CTNNA3/RYR1/FLNA/PLN/RCSD1/RYR3/DMD/GSTM2/KBTBD13",68
"GO:0006874","intracellular calcium ion homeostasis","94/2491","298/16800",0.315436241610738,2.12739014815753,8.19290677172635,1.50618205545905e-13,4.12335268420669e-11,3.45553647510579e-11,"ATP1A2/CASR/ATP2B4/ATP2B3/TRPC7/CNGB1/ATP2B1/ATP2A3/SRI/SCGN/JPH4/SLC8A3/BDKRB1/NTSR1/TRPA1/DMPK/CAV1/CXCL12/CDH23/P2RX1/CCL8/VDR/PDE4D/SLC8A2/CNR1/CASQ2/FKBP1B/PTK2B/CCR2/EDN3/SLC25A23/CCR7/EDN2/ATP13A4/HRC/GPR12/CCL21/TRPC6/PLCE1/FGF2/SLC24A4/SYPL2/XCL1/CASQ1/SNCA/ANK2/JPH2/ITPR1/CACNA1C/AKAP6/JPH3/GRIA1/CLIC2/MICU3/ATP2B2/PTH1R/NPPC/GRIK2/GPER1/CACNB2/PRKCB/STIM1/DRD5/GP9/P2RY1/BCL2/CALB2/CCL11/CCL19/XCR1/SLC35G1/CD19/CCL13/SLC8A1/DHRS7C/GP1BA/SV2B/TRDN/P2RY4/PLCD1/RYR1/FLNA/ELANE/PLCG2/PLN/RYR3/DMD/GSTM2/TUNAR/ITGB3/CCL5/CCL23/CCL15/CCL14",94
"GO:0002460","adaptive immune response based on somatic recombination of immune receptors built from immunoglobulin superfamily domains","110/2491","374/16800",0.294117647058824,1.98361158995915,8.02633840166912,2.4341044785645e-13,6.1274719591187e-11,5.13506956026884e-11,"CD4/BTK/WAS/C6/RAB27A/TBX21/CEACAM1/MEF2C/CSF2RB/SLA2/SMAD7/CD40LG/FCER2/CLC/EBI3/IL2/CD69/AICDA/BACH2/C7/SLAMF1/CR2/CLU/CCR2/SASH3/LY9/NCKAP1L/IGLL1/TRPM4/RSAD2/IL6ST/KLRC1/IL10/IRF4/CD27/SECTM1/XCL1/CD8A/CXCL13/CD1D/CD1C/C1QC/ZBTB7B/IL6R/FCMR/SVEP1/B2M/KLHL6/CCL19/C1QB/C1QA/CD7/CD19/FCER1A/SPN/GZMM/CR1/IGKC/IGLC2/IGLC3/IGLC7/IGHA2/IGHE/IGHA1/IGHD/IGHM/IGHV6-1/IGHV1-3/IGHV2-5/IGHV3-7/IGHV3-11/IGHV3-13/IGHV3-15/IGHV3-16/IGHV1-18/IGHV3-20/IGHV3-21/IGHV3-23/IGHV1-24/IGHV2-26/IGHV4-28/IGHV3-33/IGHV4-34/IGHV3-35/IGHV3-38/IGHV4-39/IGHV3-48/IGHV3-49/IGHV5-51/IGHV3-53/IGHV1-58/IGHV4-61/IGHV3-66/IGHV1-69/IGHV2-70D/IGHV3-73/IGLC6/IGHV3-64/IGHV4-59/IGHV3-74/IGHV3-72/IGHV3-43/IGHV8-51-1/IGLL5/IGHV3-30/IGHV2-70/IGHV4-4/IGHV1-69D/IGHV7-4-1/IGHV3-64D",110
"GO:0007188","adenylate cyclase-modulating G protein-coupled receptor signaling pathway","85/2491","260/16800",0.326923076923077,2.20486057499305,8.16920232241535,2.45141511671126e-13,6.1274719591187e-11,5.13506956026884e-11,"PRKAR2B/CASR/ADRB1/ATP2B4/GLP2R/ADCY2/ADCYAP1R1/SCTR/GNAO1/GNA11/NOS1/PALM/CHGA/APLP1/VIPR2/NHERF1/ADGRD1/OPRM1/PDE4D/VIPR1/GCG/RGS2/CNR1/GNA13/ADRA1A/PTGFR/GNAI1/GNAZ/AKAP12/SSTR4/GPR12/ADGRB3/GNAL/ADCYAP1/PRKACB/ADGRG7/VIP/GPR119/HTR7/ADGRL3/ADRA2A/AKAP6/GPR26/ADGRG4/PTH1R/ADCY9/GRIK3/NPY1R/HTR4/GPER1/GALR1/MC4R/OR51E2/MTNR1A/ADRB2/P2RY12/DRD5/P2RY1/GPR37L1/ADRA1B/S1PR1/PTGER4/PDE3A/ADCY5/GPR171/UCN3/AKAP5/SSTR2/CHRM4/CHRM2/GPR88/ADGRB1/PTGDR2/NPY2R/FFAR4/GNG2/PDE2A/ADRB3/CNR2/FLNA/LPAR1/PLN/LGR4/GCGR/ITGB3",85
"GO:0002449","lymphocyte mediated immunity","107/2491","362/16800",0.295580110497238,1.99347485200867,7.97279527422886,3.64883450436343e-13,8.74047898566058e-11,7.32487523090853e-11,"BTK/WAS/SLAMF7/C6/RAB27A/TBX21/CEACAM1/CSF2RB/SLA2/SMAD7/CD40LG/FCER2/CLC/IL2/AICDA/KLRB1/C7/SLAMF1/CD160/CR2/CLU/CCR2/SASH3/NCKAP1L/IGLL1/TRPM4/RSAD2/KLRC1/IL10/CD27/SECTM1/XCL1/CD96/CD8A/CD1D/CD1C/C1QC/FCMR/SVEP1/B2M/RASGRP4/C1QB/C1QA/CD7/LEP/CD19/FCER1A/KIR2DL4/SPN/GZMM/SH2D1B/CR1/NCR3/IGKC/IGLC2/IGLC3/IGLC7/IGHA2/IGHE/IGHA1/IGHD/IGHM/IGHV6-1/IGHV1-3/IGHV2-5/IGHV3-7/IGHV3-11/IGHV3-13/IGHV3-15/IGHV3-16/IGHV1-18/IGHV3-20/IGHV3-21/IGHV3-23/IGHV1-24/IGHV2-26/IGHV4-28/IGHV3-33/IGHV4-34/IGHV3-35/IGHV3-38/IGHV4-39/IGHV3-48/IGHV3-49/IGHV5-51/IGHV3-53/IGHV1-58/IGHV4-61/IGHV3-66/IGHV1-69/IGHV2-70D/IGHV3-73/IGLC6/IGHV3-64/IGHV4-59/IGHV3-74/IGHV3-72/IGHV3-43/IGHV8-51-1/IGLL5/KLRF2/IGHV3-30/IGHV2-70/IGHV4-4/IGHV1-69D/IGHV7-4-1/IGHV3-64D",107
"GO:0007204","positive regulation of cytosolic calcium ion concentration","62/2491","165/16800",0.375757575757576,2.53421407977811,8.26305170890492,4.64490781366223e-13,1.06814300082977e-10,8.95147076342401e-11,"CD38/ADCYAP1R1/NOS1/JPH4/BDKRB1/GATA1/PIK3CG/CAV1/IL2/OPRM1/KNG1/TACR1/FKBP1B/GNA13/PTK2B/ADRA1A/CCR2/PTGFR/FFAR1/CCR7/ACKR4/TRPM4/P2RX4/CD36/EDNRB/TRPC6/ADCYAP1/CACNA1A/ACKR2/AGTR1/JPH2/CACNA1C/CCL28/CACNA2D1/JPH3/CXCL13/CXCR5/F2RL1/GPER1/RIC3/GALR1/PTGDR/CX3CR1/BDKRB2/CD52/P2RY1/ADRA1B/PTGER4/BCL2/ADCY5/CYSLTR1/XCR1/CCR9/CMKLR1/SLC8A1/CCR10/PRKG1/FFAR4/P2RY4/P2RX2/AVPR1B/LPAR1",62
"GO:0006939","smooth muscle contraction","46/2491","104/16800",0.442307692307692,2.98304666028472,8.46383759913786,5.45162527564226e-13,1.20543821960259e-10,1.01020602779816e-10,"CD38/ATP1A2/ATP2B4/MYLK/ATP2B1/TACR2/CHRNA3/CAV1/ACTA2/P2RX1/TACR1/RGS2/CHRNB4/FKBP1B/ADRA1A/EDN3/EDN2/CNN1/MYH11/SPX/EDNRB/MYOCD/HTR7/ADRA2A/KCNMA1/KIT/GUCY1A1/GPER1/ARHGAP42/APBB1/SCN11A/BDKRB2/SCNN1B/GDNF/ADRB2/TACR3/NMUR1/SSTR2/CHRM2/KCNB2/SLC8A1/SMTN/PRKG1/P2RX2/TIFAB/MIR145",46
"GO:0019722","calcium-mediated signaling","77/2491","230/16800",0.334782608695652,2.25786745326654,8.01422407284292,8.3633600894123e-13,1.78077619089005e-10,1.49236253915166e-10,"PDK2/CD4/BTK/CD22/IGF1/ATP1A2/ATP2B4/NOS1/SLC9A1/SLA2/TRPA1/DMPK/P2RX1/BST1/NR5A2/SLC8A2/CASQ2/FKBP1B/CCR2/HPCA/GRIA3/CCR7/EDN2/DYRK2/ACKR4/HRC/TRPM4/PDGFRA/P2RX4/EDNRB/PLCE1/SLC24A4/CASQ1/ACKR2/AGTR1/ANK2/ITPR1/CACNA1C/AKAP6/MCOLN2/GRIA1/CLIC2/RCAN1/CXCR5/TRAT1/GRIK3/GRIK2/DEFB1/TMEM100/CHP2/CX3CR1/P2RY12/GRIK1/NMUR1/NEGR1/RCAN2/XCR1/CCR9/CMKLR1/AKAP5/BHLHA15/SLC8A1/PCP4/PTGDR2/GRIN2A/CCR10/MAPT/CHP1/P2RX2/LRRK2/RYR1/PLCG2/PLN/RYR3/CD3E/DMD/GSTM2",77
"GO:0010959","regulation of metal ion transport","110/2491","382/16800",0.287958115183246,1.94206998598095,7.77103133767702,1.10684258598571e-12,2.27258500958279e-10,1.90451823911901e-10,"ABCC8/CD4/CNTN1/ATP1A2/FHL1/KCNG1/CASR/NEDD4L/ATP2B4/MYLK/CACNB1/ABCC9/CAMK2A/ATP2B1/SRI/ADCYAP1R1/NOS1/SLC9A1/JPH4/BDKRB1/NTSR1/DMPK/SCN1B/PIK3CG/CAV1/CXCL12/RGS9/P2RX1/NHERF1/PDE4D/KCNIP3/GCG/AKAP7/CASQ2/FKBP1B/PTK2B/HPCA/PLP1/EDN3/AHNAK/FFAR1/HSPA2/AKAP9/ATP1B2/FGF13/KCNA5/DPP6/CACNG6/HRC/LGALS3/P2RX4/TRPC6/FXYD6/STAC2/XCL1/CASQ1/OSR1/STAC/SNCA/ANK2/KCNMB1/SCN2B/JPH2/ADRA2A/CACNA1C/ANK3/AKAP6/GPD1L/CACNA2D1/JPH3/CLIC2/KCNS2/MS4A1/SPTBN4/FCRL3/SLMAP/GPER1/CACNB2/SCN3B/B2M/STIM1/TRPV3/ADRB2/KCNAB1/KCNS3/KCNG3/BCL2/IL16/DPP10/SCN4B/CD19/PER1/AKAP5/KCNIP1/SLC8A1/LRRC55/DHRS7C/KCNIP4/NKAIN3/TRDN/CHP1/P2RX2/FLNA/PLN/DMD/GSTM2/VAMP2/ITGB3/FXYD1/CCL5",110
"GO:0034762","regulation of transmembrane transport","122/2491","446/16800",0.273542600896861,1.84484772985438,7.54497510375288,3.14757420603652e-12,6.23979452086343e-10,5.22920041416666e-10,"IGF1/ATP1A2/FHL1/KCNG1/NEDD4L/OPN3/ATP2B4/CACNB1/ABCC9/SRI/CACNG5/ADCYAP1R1/NOS1/SLC9A1/JPH4/SORBS1/BDKRB1/NTSR1/CA2/CLIP3/CACNG7/SCN1B/PIK3CG/CAV1/RGS9/P2RX1/NHERF1/OPRM1/PDE4D/KCNIP3/RGS2/AKAP7/CASQ2/NR4A3/FKBP1B/PTK2B/CCR2/HPCA/PLP1/EDN3/AHNAK/HSPA2/AKAP9/ATP1B2/FGF13/DPP6/CACNG6/HRC/P2RX4/RNASEL/APPL2/TRPC6/FXYD6/STAC2/XCL1/CASQ1/OSR1/STAC/SNCA/ANK2/CRHBP/KCNMB1/STOM/JPH2/ADRA2A/CACNA1C/ANK3/AKAP6/KCNJ16/PID1/CACNA2D1/JPH3/GRIA1/CLIC2/KCNS2/MS4A1/HK2/CTSS/SLMAP/KLF15/GPER1/CACNB2/SCN3B/PRKCB/STIM1/GSG1L/KCNAB1/NLGN1/KCNS3/KCNG3/BCL2/LEP/PDZK1/DPP10/SCN4B/CD19/SLC17A8/AKAP5/ITLN1/ADIPOQ/KCNIP1/SLC8A1/GRIN2A/LRRC55/C1QTNF12/DHRS7C/KCNIP4/FFAR4/TRDN/CHP1/P2RX2/RELN/SLC6A9/FLNA/ENPP1/PLN/DMD/PRRT1/GSTM2/VAMP2/ITGB3/FXYD1",122
"GO:0055074","calcium ion homeostasis","96/2491","322/16800",0.298136645962733,2.01071684149896,7.6406292364558,3.46050402252145e-12,6.63147920849194e-10,5.55744803897567e-10,"ATP1A2/CASR/ATP2B4/ATP2B3/TRPC7/CNGB1/ATP2B1/ATP2A3/SRI/FGFR1/SCGN/JPH4/SLC8A3/BDKRB1/NTSR1/TRPA1/DMPK/CAV1/CXCL12/CDH23/P2RX1/CCL8/VDR/PDE4D/SLC8A2/CNR1/CASQ2/FKBP1B/PTK2B/CCR2/EDN3/SLC25A23/CCR7/EDN2/ATP13A4/HRC/GPR12/KL/CCL21/TRPC6/PLCE1/FGF2/SLC24A4/SYPL2/XCL1/CASQ1/SNCA/ANK2/JPH2/ITPR1/CACNA1C/AKAP6/JPH3/GRIA1/CLIC2/MICU3/ATP2B2/PTH1R/NPPC/GRIK2/GPER1/CACNB2/PRKCB/STIM1/DRD5/GP9/P2RY1/BCL2/CALB2/CCL11/CCL19/XCR1/SLC35G1/CD19/CCL13/SLC8A1/DHRS7C/GP1BA/SV2B/TRDN/P2RY4/PLCD1/RYR1/FLNA/ELANE/PLCG2/PLN/RYR3/DMD/GSTM2/TUNAR/ITGB3/CCL5/CCL23/CCL15/CCL14",96
"GO:0043270","positive regulation of monoatomic ion transport","70/2491","209/16800",0.334928229665072,2.25884956177166,7.64072609605653,8.89089221312035e-12,1.6488303010719e-09,1.38178654191687e-09,"ABCC8/CNTN1/FHL1/CASR/MYLK/CAMK2A/ATP2B1/TACR2/SRI/ADCYAP1R1/NOS1/SLC9A1/BDKRB1/NTSR1/SCN1B/CAV1/CXCL12/P2RX1/NHERF1/GCG/AKAP7/CCR2/PLP1/EDN3/FFAR1/HSPA2/AKAP9/ATP1B2/FGF13/LGALS3/P2RX4/TRPC6/FXYD6/STAC2/XCL1/CASQ1/STAC/SNCA/ANK2/KCNMB1/SCN2B/JPH2/ADRA2A/ANK3/AKAP6/GPD1L/MS4A1/CTSS/GPER1/CACNB2/SCN3B/STIM1/TRPV3/P2RY12/P2RY1/LEP/PDZK1/SCN4B/CD19/AKAP5/LRRC55/TRDN/CHP1/P2RX2/RELN/FLNA/DMD/GSTM2/FXYD1/CCL5",70
"GO:0034765","regulation of monoatomic ion transmembrane transport","95/2491","330/16800",0.287878787878788,1.94153498047517,7.20726626892464,3.96121025010847e-11,7.1165617899605e-09,5.96396687985081e-09,"ATP1A2/FHL1/KCNG1/NEDD4L/ATP2B4/CACNB1/ABCC9/SRI/ADCYAP1R1/NOS1/SLC9A1/JPH4/BDKRB1/NTSR1/SCN1B/PIK3CG/CAV1/RGS9/P2RX1/NHERF1/PDE4D/KCNIP3/AKAP7/CASQ2/FKBP1B/PTK2B/CCR2/HPCA/PLP1/EDN3/AHNAK/HSPA2/AKAP9/ATP1B2/FGF13/DPP6/CACNG6/HRC/P2RX4/TRPC6/FXYD6/STAC2/XCL1/CASQ1/OSR1/STAC/SNCA/ANK2/KCNMB1/STOM/JPH2/ADRA2A/CACNA1C/ANK3/AKAP6/KCNJ16/CACNA2D1/JPH3/GRIA1/CLIC2/KCNS2/MS4A1/CTSS/SLMAP/GPER1/CACNB2/SCN3B/STIM1/KCNAB1/KCNS3/KCNG3/BCL2/PDZK1/DPP10/SCN4B/CD19/AKAP5/KCNIP1/SLC8A1/GRIN2A/LRRC55/DHRS7C/KCNIP4/TRDN/CHP1/P2RX2/RELN/SLC6A9/FLNA/PLN/DMD/GSTM2/VAMP2/ITGB3/FXYD1",95
"GO:1904062","regulation of monoatomic cation transmembrane transport","87/2491","294/16800",0.295918367346939,1.995756150714,7.18670270307394,5.50759681750784e-11,9.59490124359169e-09,8.04091567264223e-09,"ATP1A2/FHL1/KCNG1/NEDD4L/ATP2B4/CACNB1/ABCC9/SRI/ADCYAP1R1/NOS1/SLC9A1/JPH4/BDKRB1/NTSR1/SCN1B/PIK3CG/CAV1/RGS9/P2RX1/PDE4D/KCNIP3/AKAP7/CASQ2/FKBP1B/PTK2B/HPCA/PLP1/EDN3/AHNAK/HSPA2/AKAP9/ATP1B2/FGF13/DPP6/CACNG6/HRC/P2RX4/FXYD6/STAC2/XCL1/CASQ1/OSR1/STAC/SNCA/ANK2/KCNMB1/JPH2/ADRA2A/CACNA1C/ANK3/AKAP6/CACNA2D1/JPH3/CLIC2/KCNS2/MS4A1/CTSS/SLMAP/GPER1/CACNB2/SCN3B/STIM1/KCNAB1/KCNS3/KCNG3/BCL2/PDZK1/DPP10/SCN4B/CD19/AKAP5/KCNIP1/SLC8A1/GRIN2A/LRRC55/DHRS7C/KCNIP4/TRDN/CHP1/P2RX2/FLNA/PLN/DMD/GSTM2/VAMP2/ITGB3/FXYD1",87
"GO:0060048","cardiac muscle contraction","52/2491","140/16800",0.371428571428571,2.50501806503412,7.46091632170895,5.78741993933998e-11,9.78584624448987e-09,8.20093531342387e-09,"SCN4A/ATP1A2/NEDD4L/ABCC9/SRI/NOS1/SLC9A1/CHGA/SMAD7/SCN1B/PIK3CG/CAV1/MAP2K6/MYL2/PDE4D/RGS2/CASQ2/FKBP1B/ADRA1A/AKAP9/FGF13/KCNA5/HRC/TRPM4/DSC2/P2RX4/SCN7A/HCN4/PDE5A/TPM1/ANK2/GSN/SCN2B/CACNA1C/GPD1L/SCN3A/CACNA2D1/CLIC2/CACNB2/SCN3B/SCN11A/SCN9A/ADRA1B/KCND3/SCN4B/GJC1/SLC8A1/CTNNA3/FLNA/PLN/DMD/GSTM2",52
"GO:0097553","calcium ion transmembrane import into cytosol","61/2491","181/16800",0.337016574585635,2.27293394341175,7.18400536210607,1.43451271431888e-10,2.35628959846265e-08,1.9746660732143e-08,"ATP1A2/ATP2B4/SRI/ADCYAP1R1/NOS1/JPH4/SLC8A3/BDKRB1/NTSR1/CAV1/P2RX1/PDE4D/SLC8A2/CASQ2/FKBP1B/PTK2B/CCR7/HRC/P2RX4/CCL21/PLCE1/FGF2/SLC24A4/CACNA1A/XCL1/CASQ1/SNCA/ANK2/CACNA1B/JPH2/ITPR1/CACNA1C/AKAP6/CACNA2D1/JPH3/CLIC2/MS4A1/GPER1/TRPV3/GP9/BCL2/CCL19/XCR1/CD19/AKAP5/SLC8A1/GRIN2A/DHRS7C/GP1BA/TRDN/PLCD1/P2RX2/RYR1/CACNA1H/FLNA/PLCG2/PLN/RYR3/DMD/GSTM2/ITGB3",61
"GO:0008217","regulation of blood pressure","62/2491","186/16800",0.333333333333333,2.24809313528703,7.1415141417262,1.69782437462105e-10,2.71133120269345e-08,2.27220531071361e-08,"ATP1A2/ADRB1/ABCC9/ATP2B1/GNA11/NOS1/CMA1/PTGS1/PCSK5/CTSG/CHGA/BDKRB1/NTSR1/CORO2B/ACTA2/P2RX1/NPR3/TACR1/ECE1/CNR1/SGK1/GNA13/ADRA1A/NPY/EDN3/EDN2/KL/SPX/P2RX4/EDNRB/ACVRL1/TPM1/SLC2A5/AGTR1/CPA3/GUCY1A1/NPY1R/F2RL1/CARTPT/ARHGAP42/SCNN1G/OR51E2/KLK1/SCNN1B/AR/ADRB2/NPR1/DRD5/TACR3/GPR37L1/LEP/HSD11B2/AGTR2/ADIPOQ/CYP4F12/P2RX2/ADRB3/UTS2B/AVPR1B/MIR27B/GCGR/HBB",62
"GO:0042330","taxis","117/2491","447/16800",0.261744966442953,1.76528118676901,6.84226699839352,1.81708806568207e-10,2.82336197016384e-08,2.36609162919682e-08,"SEMA3G/STAP1/CASR/NTN1/FGF10/PLD1/FGFR1/SEMA6A/SEMA4G/CTSG/CHGA/MAPK3/PIK3CG/PTN/RARRES2/CXCL12/CCL8/GAB1/BST1/BIN2/NEDD9/RIPOR2/THBS4/SLAMF1/PADI2/DUSP1/PTK2B/CCR2/OPN4/NCKAP1L/EDN3/CCR7/EDN2/ACKR4/TRPM4/LSP1/LGALS3/SFTPD/DOCK2/PDGFRA/P2RX4/EPHA7/EDNRB/IL10/ENPP2/CCL21/TUBB2B/SEMA6D/MSTN/FGF2/PIK3C2G/FGF7/NTRK3/TNFRSF11A/XCL1/XCL2/ACKR2/LRTM1/AGTR1/SLIT2/CCL28/SEMA3D/ANGPT1/CXCL13/TIAM1/NRG1/KIT/JAML/CXCR5/IL6R/TAFA4/F2RL1/DEFB1/VEGFD/JAM3/CMTM5/LRTM2/CX3CR1/GDNF/P2RY12/SEMA3E/PDGFD/S1PR1/SCG2/CCL11/BSG/IL16/CCL19/CYSLTR1/XCR1/CCR9/CMKLR1/CCL13/UNC5C/CSF1R/CAMK1D/PTGDR2/SLIT3/EFNA5/CSF1/CCR10/FLRT2/NRG3/GPR15LG/CNR2/SPN/ELANE/LPAR1/L1CAM/AIF1/ITGB3/MMP28/CCL5/CCL23/CCL16/CCL15/CCL14",117
"GO:0006935","chemotaxis","116/2491","446/16800",0.260089686098655,1.75411751363204,6.73470220087876,3.30062695697461e-10,4.99350115148607e-08,4.18475611691768e-08,"SEMA3G/STAP1/CASR/NTN1/FGF10/PLD1/FGFR1/SEMA6A/SEMA4G/CTSG/CHGA/MAPK3/PIK3CG/PTN/RARRES2/CXCL12/CCL8/GAB1/BST1/BIN2/NEDD9/RIPOR2/THBS4/SLAMF1/PADI2/DUSP1/PTK2B/CCR2/NCKAP1L/EDN3/CCR7/EDN2/ACKR4/TRPM4/LSP1/LGALS3/SFTPD/DOCK2/PDGFRA/P2RX4/EPHA7/EDNRB/IL10/ENPP2/CCL21/TUBB2B/SEMA6D/MSTN/FGF2/PIK3C2G/FGF7/NTRK3/TNFRSF11A/XCL1/XCL2/ACKR2/LRTM1/AGTR1/SLIT2/CCL28/SEMA3D/ANGPT1/CXCL13/TIAM1/NRG1/KIT/JAML/CXCR5/IL6R/TAFA4/F2RL1/DEFB1/VEGFD/JAM3/CMTM5/LRTM2/CX3CR1/GDNF/P2RY12/SEMA3E/PDGFD/S1PR1/SCG2/CCL11/BSG/IL16/CCL19/CYSLTR1/XCR1/CCR9/CMKLR1/CCL13/UNC5C/CSF1R/CAMK1D/PTGDR2/SLIT3/EFNA5/CSF1/CCR10/FLRT2/NRG3/GPR15LG/CNR2/SPN/ELANE/LPAR1/L1CAM/AIF1/ITGB3/MMP28/CCL5/CCL23/CCL16/CCL15/CCL14",116
"GO:0007611","learning or memory","81/2491","276/16800",0.293478260869565,1.97929939085054,6.84441554862205,3.93303172146962e-10,5.79769214531509e-08,4.85870072582091e-08,"PRKAR2B/ABCC8/ATP1A2/MUSK/TACR2/ITGA8/MEF2C/KCNK2/JPH4/KCNK10/SLC8A3/NTSR1/NDRG4/PTN/PTPRZ1/SLC1A1/CPEB3/NRXN2/CUX2/NEDD9/EPM2A/KAT2B/BCHE/TACR1/TNR/SLC8A2/CNR1/SGK1/PDE1B/ATP8A1/SPECC1/TMOD2/FGF13/ACSS2/C1QL1/SNAP25/SYT11/SYT4/LARGE1/MEIS2/ADGRB3/PIANP/CRHBP/NLGN4X/VLDLR/CAMK4/JPH3/GRIA1/AFF2/SORCS3/KIT/RCAN1/S100B/ELAVL4/CAMK2N1/LMX1A/PTCHD1/B2M/MAP1A/TUBA1A/CX3CR1/DRD5/CCL11/NPAS4/NRXN1/GPR88/SLC2A4/CSMD1/GRIN2A/CLDN5/CNTN2/PRKN/MAPT/SHISA7/LRRC66/RELN/NLGN3/PLN/PJA2/PRRT1/TIFAB",81
"GO:0006814","sodium ion transport","74/2491","245/16800",0.302040816326531,2.0370476572805,6.82246162239687,5.41110371196397e-10,7.77710881002021e-08,6.5175320235945e-08,"SLC13A2/SCN4A/CNTN1/ATP1A2/NEDD4L/ATP2B4/SLC9A3/CNGB1/SLC4A4/SLC13A1/NOS1/SLC9A1/SLC8A3/SLC6A2/SLC17A7/DMPK/SCN1B/NHERF1/SLC9A2/SLC5A7/SLC8A2/SGK1/SLC17A1/SLC10A2/ATP1B2/FGF13/TRPM4/SLC6A8/P2RX4/EDNRB/SCN7A/FXYD6/HCN4/SLC38A4/SLC24A4/OSR1/SLC20A1/CNGA3/SLC4A10/SLC10A4/SLC17A4/SCN2B/ANK3/GPD1L/SCN3A/SLC5A10/CNNM4/SLC5A11/SPTBN4/SLMAP/SLC6A18/SCN3B/SCNN1G/SCN11A/SCNN1B/ADRB2/SCN9A/SLC23A1/SLC6A19/SCN4B/PER1/SLC17A8/SLC9A9/SLC8A1/GRIN2A/CLCNKB/NKAIN3/CHP1/SLC6A9/SLC22A4/SLC22A5/CNGA1/DMD/FXYD1",74
"GO:0032409","regulation of transporter activity","62/2491","193/16800",0.321243523316062,2.16655607856678,6.80084097253187,9.17594717703727e-10,1.28664683709237e-07,1.07826213682412e-07,"ATP1A2/FHL1/NEDD4L/SRI/CACNG5/SLC9A1/JPH4/SGK2/CACNG7/SCN1B/CAV1/OPRM1/AKAP7/SGK1/CASQ2/FKBP1B/CCR2/HPCA/AHNAK/HSPA2/AKAP9/ATP1B2/FGF13/HRC/TRPC6/STAC2/CASQ1/OSR1/STAC/SNCA/ANK2/CRHBP/JPH2/ADRA2A/ANK3/AKAP6/JPH3/CLIC2/CTSS/SLMAP/CACNB2/SCN3B/STIM1/GSG1L/KCNAB1/NLGN1/BCL2/PDZK1/SCN4B/ADIPOQ/LRRC55/RXRA/TRDN/CHP1/RELN/SLC6A9/PLN/DMD/PRRT1/GSTM2/VAMP2/FXYD1",62
"GO:0060078","regulation of postsynaptic membrane potential","51/2491","147/16800",0.346938775510204,2.33985203876814,6.80758707027729,1.45222849569922e-09,1.98782419566067e-07,1.66587714907652e-07,"ADRB1/SEZ6/CHRNA3/MEF2C/SLC8A3/NTSR1/CHRNA4/CELF4/DMPK/GRIK5/P2RX1/MPP2/CUX2/KCNA1/GABRG2/CHRNB4/SLC8A2/GRIA2/PTK2B/GRIA3/SYNE1/P2RX4/CHRNA1/IGSF11/TMEM108/SNCA/NLGN4X/HTR3B/TMEM25/GRIA4/GRIA1/GABRG1/GRIK3/GRIK2/CHRFAM7A/HTR3A/ADRB2/NLGN1/GRIK1/NPAS4/KCNA2/HTR3C/NRXN1/GRIN2A/HTR3E/P2RX2/LRRK2/RELN/NLGN3/GRIN3A/INSYN1",51
"GO:0032412","regulation of monoatomic ion transmembrane transporter activity","56/2491","169/16800",0.331360946745562,2.23479080904273,6.73133951025933,1.64500947881755e-09,2.19933941714467e-07,1.84313546745359e-07,"ATP1A2/FHL1/NEDD4L/SRI/CACNG5/SLC9A1/JPH4/CACNG7/SCN1B/CAV1/OPRM1/AKAP7/CASQ2/FKBP1B/CCR2/HPCA/AHNAK/HSPA2/AKAP9/ATP1B2/FGF13/HRC/TRPC6/STAC2/CASQ1/OSR1/STAC/ANK2/CRHBP/JPH2/ADRA2A/ANK3/AKAP6/JPH3/CLIC2/CTSS/SLMAP/CACNB2/SCN3B/STIM1/GSG1L/KCNAB1/NLGN1/PDZK1/SCN4B/LRRC55/TRDN/CHP1/RELN/SLC6A9/PLN/DMD/PRRT1/GSTM2/VAMP2/FXYD1",56
"GO:0022898","regulation of transmembrane transporter activity","58/2491","178/16800",0.325842696629214,2.19757418842665,6.70185035270154,1.73860928379922e-09,2.27165108467312e-07,1.90373557223662e-07,"ATP1A2/FHL1/NEDD4L/SRI/CACNG5/SLC9A1/JPH4/CACNG7/SCN1B/CAV1/OPRM1/AKAP7/CASQ2/FKBP1B/CCR2/HPCA/AHNAK/HSPA2/AKAP9/ATP1B2/FGF13/HRC/TRPC6/STAC2/CASQ1/OSR1/STAC/SNCA/ANK2/CRHBP/JPH2/ADRA2A/ANK3/AKAP6/JPH3/CLIC2/CTSS/SLMAP/CACNB2/SCN3B/STIM1/GSG1L/KCNAB1/NLGN1/BCL2/PDZK1/SCN4B/LRRC55/TRDN/CHP1/RELN/SLC6A9/PLN/DMD/PRRT1/GSTM2/VAMP2/FXYD1",58
"GO:0035296","regulation of tube diameter","51/2491","148/16800",0.344594594594595,2.32404222769538,6.75030552513734,1.90005979675474e-09,2.37466168946587e-07,1.99006262923259e-07,"CD38/ATP1A2/CASR/ADRB1/ABCC9/ATP2B1/NOS1/CAV1/ACTA2/P2RX1/KNG1/KAT2B/TACR1/RGS2/ECE1/ADRA1A/EDN3/EDN2/KCNA5/TRPM4/EDNRB/AGTR1/KCNMB1/HTR7/ADRA2A/KCNMA1/NPPC/GUCY1A1/F2RL1/GPER1/SVEP1/VSTM4/ARHGAP42/BDKRB2/SCNN1B/ADRB2/NPR1/DRD5/P2RY1/ADRA1B/CYSLTR1/LEP/P2RY2/AGTR2/SLC8A1/PRKG1/ADRB3/UTS2B/KCNMB2/AVPR1B/HBB",51
"GO:0097746","blood vessel diameter maintenance","51/2491","148/16800",0.344594594594595,2.32404222769538,6.75030552513734,1.90005979675474e-09,2.37466168946587e-07,1.99006262923259e-07,"CD38/ATP1A2/CASR/ADRB1/ABCC9/ATP2B1/NOS1/CAV1/ACTA2/P2RX1/KNG1/KAT2B/TACR1/RGS2/ECE1/ADRA1A/EDN3/EDN2/KCNA5/TRPM4/EDNRB/AGTR1/KCNMB1/HTR7/ADRA2A/KCNMA1/NPPC/GUCY1A1/F2RL1/GPER1/SVEP1/VSTM4/ARHGAP42/BDKRB2/SCNN1B/ADRB2/NPR1/DRD5/P2RY1/ADRA1B/CYSLTR1/LEP/P2RY2/AGTR2/SLC8A1/PRKG1/ADRB3/UTS2B/KCNMB2/AVPR1B/HBB",51
"GO:0086003","cardiac muscle cell contraction","34/2491","80/16800",0.425,2.86631874749097,6.98130501032666,2.06937382219628e-09,2.53124044761839e-07,2.12128196734432e-07,"SCN4A/ATP1A2/NEDD4L/ABCC9/SRI/NOS1/SLC9A1/SCN1B/CAV1/PDE4D/AKAP9/FGF13/KCNA5/TRPM4/DSC2/SCN7A/HCN4/ANK2/GSN/SCN2B/CACNA1C/GPD1L/SCN3A/CACNA2D1/CACNB2/SCN3B/SCN11A/SCN9A/KCND3/SCN4B/GJC1/CTNNA3/FLNA/PLN",34
"GO:0035150","regulation of tube size","51/2491","149/16800",0.342281879194631,2.30844462885179,6.69348446149818,2.47727648868174e-09,2.96705469446486e-07,2.48651194927551e-07,"CD38/ATP1A2/CASR/ADRB1/ABCC9/ATP2B1/NOS1/CAV1/ACTA2/P2RX1/KNG1/KAT2B/TACR1/RGS2/ECE1/ADRA1A/EDN3/EDN2/KCNA5/TRPM4/EDNRB/AGTR1/KCNMB1/HTR7/ADRA2A/KCNMA1/NPPC/GUCY1A1/F2RL1/GPER1/SVEP1/VSTM4/ARHGAP42/BDKRB2/SCNN1B/ADRB2/NPR1/DRD5/P2RY1/ADRA1B/CYSLTR1/LEP/P2RY2/AGTR2/SLC8A1/PRKG1/ADRB3/UTS2B/KCNMB2/AVPR1B/HBB",51
"GO:0061337","cardiac conduction","37/2491","92/16800",0.402173913043478,2.7123732393137,6.87153953434002,2.61393795766898e-09,3.06684271808958e-07,2.57013835279289e-07,"ATP1A2/ATP2B4/ATP2B3/ABCC9/ATP2B1/ATP2A3/SRI/SLC9A1/SLC8A3/SCN1B/CAV1/PDE4D/SLC8A2/CASQ2/AKAP9/ATP1B2/KCNA5/HRC/TRPM4/DSC2/HCN4/ANK2/SCN2B/CACNA1C/CACNA2D1/ATP2B2/SPTBN4/CACNB2/SCN3B/KCND3/SCN4B/GJC1/SLC8A1/CTNNA3/TRDN/FLNA/PLN",37
"GO:0002027","regulation of heart rate","39/2491","100/16800",0.39,2.63026896828583,6.82220811034525,2.80238864584706e-09,3.22218646499495e-07,2.70032270148252e-07,"ADRB1/SRI/SCN1B/CAV1/SLC1A1/POPDC1/PDE4D/EPAS1/CASQ2/FKBP1B/ADRA1A/POPDC2/EDN3/EDN2/AKAP9/KCNA5/HRC/TRPM4/SPX/DSC2/EDNRB/HCN4/TPM1/ANK2/SCN2B/CACNA1C/GPD1L/CACNA2D1/SPTBN4/CACNB2/SCN3B/TACR3/KCND3/SCN4B/AGTR2/SLC8A1/CTNNA3/PLN/DMD",39
"GO:0051899","membrane depolarization","37/2491","93/16800",0.397849462365591,2.68320793566517,6.7913160983836,3.72529231116288e-09,4.1792490795353e-07,3.50237991724567e-07,"DCN/ATP1A2/FHL1/MYOC/BEST2/NEDD4L/CNGB1/CHRNA3/NTSR1/CHRNA4/SMAD7/SCN1B/CAV1/PHOX2B/CLCN2/CHRNB4/TRPM4/P2RX4/CHRNA1/HCN4/ANK2/SCN2B/CACNA1C/ANK3/GPD1L/SCN3A/CACNA2D1/SLMAP/CACNB2/SCN3B/B2M/SCN11A/BCL2/SCN4B/SLC8A1/LRRK2/MLLT11",37
"GO:0050900","leukocyte migration","102/2491","392/16800",0.260204081632653,1.7548890290761,6.30989686172698,3.78015223753411e-09,4.1792490795353e-07,3.50237991724567e-07,"ITGAL/STAP1/KITLG/TBX21/ADD2/MADCAM1/HMOX1/CTSG/CHGA/ASB2/BDKRB1/MAPK3/SMPD3/PIK3CG/PTN/WASL/RARRES2/CXCL12/CCL8/BST1/ST3GAL4/CD69/NEDD9/ADTRP/RIPOR2/BMP5/THBS4/TACR1/SLAMF1/PADI2/NKX2-3/DUSP1/PTK2B/CCR2/NCKAP1L/EDN3/CCR7/EDN2/GNAI1/TRPM4/LGALS3/SFTPD/LYVE1/P2RX4/ITGA7/EDNRB/IL10/CCL21/MSTN/ITGB7/TNFRSF11A/XCL1/XCL2/SLIT2/TRIM55/CCL28/MCOLN2/GPR15/JAM2/CXCL13/KIT/JAML/CXCR5/IL6R/TAFA4/CD200R1/F2RL1/VEGFD/JAM3/CX3CR1/ROR2/GCSAML/P2RY12/PDGFD/S1PR1/PTGER4/SCG2/CCL11/BSG/IL16/FUT9/CCL19/CMKLR1/LEP/CCL13/CSF1R/CAMK1D/CSF1/GP1BA/GPR15LG/CNR2/SPN/ELANE/AIF1/CD177/ITGB3/MMP28/CCL5/CCL23/CCL16/CCL15/CCL14",102
"GO:1990806","ligand-gated ion channel signaling pathway","22/2491","40/16800",0.55,3.7093536732236,7.15785054437532,3.98671131562963e-09,4.32445346293486e-07,3.62406706884545e-07,"MEF2C/GNA11/GRIK5/GRIA2/PTK2B/PLP1/GRIA3/FFAR1/HTR3B/ITPR1/GRIA4/GRIA1/GRIK3/GRIK2/HTR3A/ADRB2/GRIK1/HTR3C/NRXN1/GRIN2A/HTR3E/GRIN3A",22
"GO:0050890","cognition","87/2491","319/16800",0.272727272727273,1.83934892887121,6.31495178958184,4.86685836814549e-09,5.1814016219386e-07,4.34222431793409e-07,"PRKAR2B/ABCC8/ATP1A2/MUSK/TACR2/ITGA8/MEF2C/KCNK2/JPH4/KCNK10/SLC8A3/NTSR1/CHRNA4/NDRG4/TUSC3/PTN/PTPRZ1/SLC1A1/CPEB3/NRXN2/ST3GAL4/CUX2/NEDD9/SOBP/EPM2A/KAT2B/BCHE/TACR1/TNR/SLC8A2/CNR1/SGK1/PDE1B/ATP8A1/SPECC1/TMOD2/FGF13/ACSS2/C1QL1/SNAP25/SYT11/SYT4/LARGE1/CHL1/MEIS2/ADGRB3/PIANP/CRHBP/NLGN4X/VLDLR/CAMK4/JPH3/GRIA1/AFF2/SORCS3/KIT/RCAN1/S100B/ELAVL4/CAMK2N1/LMX1A/PTCHD1/B2M/MAP1A/TUBA1A/FAM107A/CX3CR1/DRD5/CCL11/NPAS4/NRXN1/GPR88/SLC2A4/CSMD1/GRIN2A/CLDN5/CNTN2/PRKN/MAPT/SHISA7/LRRC66/RELN/NLGN3/PLN/PJA2/PRRT1/TIFAB",87
"GO:0006942","regulation of striated muscle contraction","37/2491","96/16800",0.385416666666667,2.59935768767563,6.55684496574067,1.03489562789413e-08,1.08174817541152e-06,9.06548763420372e-07,"SCN4A/ATP1A2/SRI/NOS1/SLC9A1/CHGA/SLC8A3/SMAD7/DMPK/PIK3CG/CAV1/MYL2/PDE4D/RGS2/CASQ2/FKBP1B/ADRA1A/AKAP9/FGF13/HRC/TRPM4/TNNT3/DSC2/P2RX4/HCN4/PDE5A/CASQ1/ANK2/CACNA1C/CLIC2/ADRA1B/SLC8A1/CTNNA3/PLN/DMD/GSTM2/KBTBD13",37
"GO:0007189","adenylate cyclase-activating G protein-coupled receptor signaling pathway","55/2491","174/16800",0.316091954022989,2.13181245587564,6.26151091791452,1.51960541597315e-08,1.56003777436243e-06,1.30737480994532e-06,"PRKAR2B/ADRB1/ATP2B4/ADCY2/SCTR/NOS1/CHGA/APLP1/NHERF1/ADGRD1/PDE4D/GCG/CNR1/GNA13/ADRA1A/PTGFR/SSTR4/GPR12/ADGRB3/GNAL/ADCYAP1/ADGRG7/VIP/GPR119/HTR7/ADGRL3/ADRA2A/AKAP6/GPR26/ADGRG4/PTH1R/ADCY9/HTR4/GPER1/GALR1/MC4R/OR51E2/ADRB2/DRD5/ADRA1B/S1PR1/PTGER4/PDE3A/ADCY5/UCN3/ADGRB1/FFAR4/GNG2/PDE2A/ADRB3/CNR2/LPAR1/PLN/LGR4/GCGR",55
"GO:0019226","transmission of nerve impulse","31/2491","74/16800",0.418918918918919,2.82530623759046,6.56567661940767,1.59531345455957e-08,1.60902755267772e-06,1.34843022742736e-06,"ATP1A2/CACNG5/KCNK2/CACNG7/SCN1B/P2RX1/CNTNAP1/KCNA1/TNR/CHRNB4/FKBP1B/P2RX4/CHRNA1/ANK3/GRIA1/OTOA/SPTBN4/CLDN19/CARTPT/GRIK2/GPER1/JAM3/SCN11A/SCN9A/DRD5/S1PR1/SCN4B/KCNA2/PENK/GPR88/KCNMB2",31
"GO:0007409","axonogenesis","112/2491","454/16800",0.246696035242291,1.66378698999217,5.9823917960278,1.66190863210652e-08,1.64729529758283e-06,1.38050014685146e-06,"SEMA3G/CNTN1/VCL/EPHA3/NGFR/NTN1/FGFR2/NEO1/PLA2G10/NTN4/PLXNA2/PAK3/MAP2/EPHA6/IGSF9/SEMA6A/SEMA4G/NEFH/RPS6KA5/APLP1/SCN1B/PTPRZ1/GLI3/CXCL12/UNC5B/LGI1/CNTNAP1/RND2/PHOX2B/UST/TNR/ECE1/MYOT/SLITRK3/EDN3/EDN2/PALLD/FGF13/OLFM1/MAP1B/MATN2/SNAP25/ATP8A2/DCLK1/SPART/CHL1/EPHA7/TUBB2B/SEMA6D/MYPN/CNTN4/LRTM1/BOC/SLIT2/EPHA5/GFRA3/HMCN2/LRRC4C/NCAM1/FEZ1/ANK3/SEMA3D/UCHL1/CHODL/KIF5A/TIAM1/UNC5D/DPYSL5/S100B/SPTBN4/NEXN/NTNG1/LMX1A/CCKAR/NFASC/LRTM2/APBB1/MAP1A/KIF5C/SCN11A/GDNF/SEMA3E/NPTX1/CDK5R2/MAP6/BCL2/GAP43/ATOH1/DSCAML1/SLITRK1/NRXN1/ADGRB1/UNC5C/RGMA/CSF1R/NDN/EPHA10/CNTN2/SLIT3/EFNA5/NELL2/FLRT2/PRKG1/SLITRK2/MAPT/RELN/NLGN3/KIF13B/ATL1/L1CAM/ARHGEF25/NEFL",112
"GO:0097305","response to alcohol","74/2491","265/16800",0.279245283018868,1.88330821144801,6.04723773118418,2.32789133414534e-08,2.20411581020566e-06,1.84713827820148e-06,"FGFR2/MAOB/TGFBR3/ABCB11/ADCY2/ADCYAP1R1/FKBP5/SFRP1/MAP4K1/IL2/CPT1A/OPRM1/GHR/TACR1/RGS2/CNR1/SGK1/KLF9/PTK2B/PTGFR/PCK1/CDKN1A/FOSB/CCR7/CSN1S1/GNAI1/CDO1/HMGCS2/KLF4/CCL21/MSTN/FGF2/CD27/TNFRSF11A/SLIT2/CRHBP/KCNMB1/ADRA2A/AKR1C2/GRIA1/CDA/PRKAA2/NPPC/HPGD/TP53INP1/PRKCB/SCNN1G/PTGDR/SCN11A/SCNN1B/CD14/PTGER4/CCL19/ADCY5/NPAS4/LEP/A2M/GRAMD1C/UCN3/CYP8B1/ADIPOQ/PENK/SLC2A4/CLDN7/GRIN2A/CLDN5/SLIT3/EFNA5/GNG2/P2RY4/AKR1C3/GRIN3A/UGT1A1/NEFL",74
"GO:0050853","B cell receptor signaling pathway","31/2491","75/16800",0.413333333333333,2.78763548775592,6.47366874624883,2.33523639957127e-08,2.20411581020566e-06,1.84713827820148e-06,"CD38/CD79B/BTK/CD22/STAP1/MEF2C/BMX/CD79A/NCKAP1L/BLK/BANK1/PLCL2/MS4A1/FCRL3/FCMR/PRKCB/TMIGD2/GCSAML/BCL2/KLHL6/CD19/PLCG2/IGKC/IGLC3/IGLC7/IGHA2/IGHE/IGHA1/IGHD/IGHM/IGLC6",31
"GO:0003044","regulation of systemic arterial blood pressure mediated by a chemical signal","22/2491","43/16800",0.511627906976744,3.45056155648707,6.71313910013688,2.35313210080639e-08,2.20411581020566e-06,1.84713827820148e-06,"ADRB1/CMA1/PCSK5/CTSG/TACR1/ECE1/ADRA1A/EDN3/EDN2/EDNRB/TPM1/SLC2A5/AGTR1/CPA3/F2RL1/OR51E2/ADRB2/DRD5/HSD11B2/AGTR2/ADRB3/AVPR1B",22
"GO:0099565","chemical synaptic transmission, postsynaptic","41/2491","115/16800",0.356521739130435,2.40448222295917,6.30559391190033,2.37702522582625e-08,2.20411581020566e-06,1.84713827820148e-06,"SEZ6/CHRNA3/MEF2C/KCNK2/SLC8A3/NTSR1/CHRNA4/CELF4/DMPK/GRIK5/P2RX1/MPP2/CUX2/CHRNB4/SLC8A2/PTK2B/SYNE1/P2RX4/CHRNA1/IGSF11/TMEM108/SNCA/NLGN4X/HTR3B/TMEM25/GRIA1/GRIK2/CHRFAM7A/HTR3A/ADRB2/NLGN1/NPAS4/HTR3C/NRXN1/GRIN2A/HTR3E/P2RX2/LRRK2/RELN/NLGN3/INSYN1",41
"GO:0086001","cardiac muscle cell action potential","32/2491","80/16800",0.4,2.69771176234444,6.35059989001322,3.57201173159756e-08,3.25960245158006e-06,2.73167881295272e-06,"SCN4A/ATP1A2/NEDD4L/NOS1/SCN1B/CAV1/AKAP9/FGF13/KCNA5/TRPM4/DSC2/SCN7A/HCN4/ANK2/SCN2B/CACNA1C/ANK3/GPD1L/SCN3A/CACNA2D1/SLMAP/CACNB2/SCN3B/SCN11A/SCN9A/KCND3/SCN4B/GJC1/SLC8A1/CTNNA3/FLNA/DMD",32
"GO:0060079","excitatory postsynaptic potential","38/2491","105/16800",0.361904761904762,2.44078683259735,6.1790983196665,4.83709099014085e-08,4.34506814098746e-06,3.64134300359781e-06,"SEZ6/CHRNA3/MEF2C/SLC8A3/CHRNA4/CELF4/DMPK/GRIK5/P2RX1/MPP2/CUX2/CHRNB4/SLC8A2/PTK2B/SYNE1/P2RX4/CHRNA1/IGSF11/TMEM108/SNCA/NLGN4X/HTR3B/TMEM25/GRIA1/GRIK2/CHRFAM7A/HTR3A/ADRB2/NLGN1/NPAS4/HTR3C/NRXN1/GRIN2A/HTR3E/P2RX2/LRRK2/RELN/NLGN3",38
"GO:0035725","sodium ion transmembrane transport","56/2491","184/16800",0.304347826086957,2.05260677569686,5.99012338331433,4.94686019978691e-08,4.37530758285769e-06,3.66668488006878e-06,"SLC13A2/SCN4A/ATP1A2/NEDD4L/ATP2B4/SLC9A3/CNGB1/SLC4A4/SLC13A1/NOS1/SLC9A1/SLC8A3/SLC6A2/SLC17A7/SCN1B/SLC9A2/SLC8A2/SLC17A1/ATP1B2/FGF13/TRPM4/SLC6A8/SCN7A/FXYD6/HCN4/SLC38A4/SLC24A4/OSR1/SLC20A1/CNGA3/SLC4A10/SLC17A4/SCN2B/ANK3/SCN3A/SLC5A10/CNNM4/SLMAP/SLC6A18/SCN3B/SCNN1G/SCN11A/SCNN1B/SCN9A/SLC23A1/SLC6A19/SCN4B/SLC17A8/SLC9A9/SLC8A1/GRIN2A/CHP1/SLC6A9/CNGA1/DMD/FXYD1",56
"GO:0006813","potassium ion transport","66/2491","231/16800",0.285714285714286,1.92693697310317,5.91877707952187,5.09317331049041e-08,4.43646263060748e-06,3.7179352858237e-06,"ABCC8/ATP1A2/FHL1/KCNG1/NEDD4L/SLC9A3/ABCC9/CNGB1/KCNK2/NOS1/SLC9A1/KCNK10/SLC17A7/CAV1/KCNA1/KCNIP3/SLC9A2/AKAP7/CASQ2/VPS4B/PTK2B/EDN3/AKAP9/ATP1B2/KCNA5/DPP6/SNAP25/LARGE1/FXYD6/HCN4/SLC24A4/KCNH1/KCNN3/ANK2/KCNMB1/ADRA2A/KCNA6/ANK3/AKAP6/KCNJ16/KCNMA1/KCNS2/KCNB1/KCNT2/KCNK5/KCNAB1/KCNS3/KCNG3/KCNK3/KCND3/DPP10/KCNA3/KCNA2/SLC9A9/KCNIP1/KCNA4/KCNB2/LRRC55/KCNQ5/KCNIP4/CHP1/FLNA/KCNMB2/VAMP2/AQP1/FXYD1",66
"GO:1903514","release of sequestered calcium ion into cytosol by endoplasmic reticulum","20/2491","38/16800",0.526315789473684,3.54962073992689,6.56490431273955,5.51439605060922e-08,4.73168102909738e-06,3.96534025508852e-06,"ATP1A2/SRI/PDE4D/CASQ2/FKBP1B/HRC/CASQ1/ANK2/ITPR1/CACNA1C/AKAP6/CLIC2/SLC8A1/DHRS7C/TRDN/RYR1/PLN/RYR3/DMD/GSTM2",20
"GO:0007613","memory","43/2491","127/16800",0.338582677165354,2.28349617678762,6.05778006534486,6.18057771335923e-08,5.17875881426723e-06,4.34000953811667e-06,"ABCC8/MUSK/ITGA8/KCNK2/KCNK10/SLC8A3/PTN/SLC1A1/CPEB3/CUX2/KAT2B/TACR1/SLC8A2/CNR1/SGK1/FGF13/ACSS2/SNAP25/SYT11/SYT4/LARGE1/VLDLR/CAMK4/JPH3/GRIA1/SORCS3/RCAN1/S100B/CAMK2N1/LMX1A/PTCHD1/MAP1A/TUBA1A/CX3CR1/NPAS4/SLC2A4/CSMD1/GRIN2A/MAPT/SHISA7/LRRC66/RELN/PJA2",43
"GO:1903169","regulation of calcium ion transmembrane transport","52/2491","167/16800",0.311377245508982,2.10001514433998,5.96067637387225,6.45813498109335e-08,5.17875881426723e-06,4.34000953811667e-06,"ATP1A2/CACNB1/SRI/ADCYAP1R1/NOS1/SLC9A1/JPH4/BDKRB1/NTSR1/PIK3CG/CAV1/RGS9/P2RX1/PDE4D/CASQ2/FKBP1B/PTK2B/HPCA/PLP1/AHNAK/HSPA2/CACNG6/HRC/P2RX4/STAC2/XCL1/CASQ1/STAC/SNCA/ANK2/JPH2/ADRA2A/CACNA1C/AKAP6/CACNA2D1/JPH3/CLIC2/MS4A1/GPER1/CACNB2/STIM1/BCL2/CD19/AKAP5/SLC8A1/DHRS7C/TRDN/P2RX2/PLN/DMD/GSTM2/ITGB3",52
"GO:0006940","regulation of smooth muscle contraction","26/2491","59/16800",0.440677966101695,2.97205533139642,6.3310878626713,6.57210124476302e-08,5.17875881426723e-06,4.34000953811667e-06,"ATP1A2/ATP2B1/TACR2/CHRNA3/CAV1/P2RX1/TACR1/RGS2/CHRNB4/ADRA1A/EDN3/EDN2/CNN1/SPX/MYOCD/ADRA2A/KIT/GUCY1A1/GPER1/ARHGAP42/ADRB2/TACR3/CHRM2/KCNB2/PRKG1/MIR145",26
"GO:0051480","regulation of cytosolic calcium ion concentration","26/2491","59/16800",0.440677966101695,2.97205533139642,6.3310878626713,6.57210124476302e-08,5.17875881426723e-06,4.34000953811667e-06,"ATP2B4/ATP2B3/TRPC7/CNGB1/ATP2B1/SCGN/CAV1/CDH23/P2RX1/SLC8A2/CNR1/HRC/TRPC6/ITPR1/GRIA1/ATP2B2/GPER1/CACNB2/P2RY1/CALB2/SLC35G1/SV2B/P2RY4/RYR1/PLN/TUNAR",26
"GO:0090075","relaxation of muscle","18/2491","32/16800",0.5625,3.79365716579687,6.59980953646741,6.58090397258044e-08,5.17875881426723e-06,4.34000953811667e-06,"ABCC8/ATP1A2/SRI/CHGA/PDE4D/RGS2/HRC/P2RX4/PDE5A/GSN/GUCY1A1/P2RY1/SLC8A1/PRKG1/PLN/GSTM2/KBTBD13/TIFAB",18
"GO:0055117","regulation of cardiac muscle contraction","30/2491","74/16800",0.405405405405405,2.73416732670045,6.23784745626474,6.62414367734115e-08,5.17875881426723e-06,4.34000953811667e-06,"ATP1A2/SRI/NOS1/SLC9A1/CHGA/SMAD7/PIK3CG/CAV1/PDE4D/RGS2/CASQ2/FKBP1B/ADRA1A/AKAP9/FGF13/HRC/TRPM4/DSC2/P2RX4/HCN4/PDE5A/ANK2/CACNA1C/CLIC2/ADRA1B/SLC8A1/CTNNA3/PLN/DMD/GSTM2",30
"GO:0086010","membrane depolarization during action potential","17/2491","29/16800",0.586206896551724,3.95354309998754,6.64181491638157,6.6659967343151e-08,5.17875881426723e-06,4.34000953811667e-06,"ATP1A2/SCN1B/CLCN2/TRPM4/HCN4/ANK2/SCN2B/CACNA1C/ANK3/SCN3A/CACNA2D1/SLMAP/CACNB2/SCN3B/SCN11A/SCN4B/SLC8A1",17
"GO:0051282","regulation of sequestering of calcium ion","43/2491","128/16800",0.3359375,2.26565636290646,5.9972323891732,7.98561107104861e-08,6.12123707299446e-06,5.12984447328975e-06,"ATP1A2/SRI/JPH4/BDKRB1/NTSR1/PDE4D/CASQ2/FKBP1B/PTK2B/SLC25A23/CCR7/HRC/CCL21/PLCE1/FGF2/XCL1/CASQ1/SNCA/ANK2/JPH2/ITPR1/CACNA1C/AKAP6/JPH3/CLIC2/GPER1/GP9/CCL19/XCR1/CD19/SLC8A1/DHRS7C/GP1BA/TRDN/PLCD1/RYR1/FLNA/PLCG2/PLN/RYR3/DMD/GSTM2/ITGB3",43
"GO:0071674","mononuclear cell migration","63/2491","220/16800",0.286363636363636,1.93131637531477,5.80149942441205,9.286727027758e-08,7.02492022139221e-06,5.88716753546376e-06,"ITGAL/STAP1/TBX21/MADCAM1/CTSG/ASB2/MAPK3/PIK3CG/WASL/RARRES2/CXCL12/CCL8/CD69/NEDD9/ADTRP/RIPOR2/BMP5/SLAMF1/PADI2/DUSP1/PTK2B/CCR2/CCR7/EDN2/GNAI1/TRPM4/LGALS3/SFTPD/P2RX4/EDNRB/CCL21/MSTN/ITGB7/TNFRSF11A/XCL1/SLIT2/TRIM55/MCOLN2/GPR15/JAM2/CXCL13/JAML/IL6R/TAFA4/CD200R1/JAM3/CX3CR1/ROR2/GCSAML/P2RY12/PDGFD/S1PR1/CCL19/CMKLR1/CSF1R/CSF1/GPR15LG/SPN/AIF1/ITGB3/MMP28/CCL5/CCL23",63
"GO:0086012","membrane depolarization during cardiac muscle cell action potential","14/2491","21/16800",0.666666666666667,4.49618627057407,6.68875225402134,9.93968728515785e-08,7.421202883425e-06,6.21926844896343e-06,"ATP1A2/SCN1B/TRPM4/HCN4/ANK2/SCN2B/CACNA1C/ANK3/CACNA2D1/SLMAP/CACNB2/SCN3B/SCN4B/SLC8A1",14
"GO:0034767","positive regulation of monoatomic ion transmembrane transport","48/2491","151/16800",0.317880794701987,2.14387689722737,5.89111665489668,1.01163618017414e-07,7.45627743566813e-06,6.24866234366673e-06,"SRI/ADCYAP1R1/NOS1/SLC9A1/BDKRB1/NTSR1/SCN1B/CAV1/P2RX1/NHERF1/AKAP7/CCR2/PLP1/EDN3/HSPA2/AKAP9/ATP1B2/FGF13/P2RX4/TRPC6/FXYD6/STAC2/XCL1/CASQ1/STAC/SNCA/ANK2/KCNMB1/JPH2/ANK3/AKAP6/MS4A1/CTSS/GPER1/CACNB2/STIM1/PDZK1/CD19/AKAP5/LRRC55/TRDN/CHP1/P2RX2/RELN/FLNA/DMD/GSTM2/FXYD1",48
"GO:0051209","release of sequestered calcium ion into cytosol","42/2491","125/16800",0.336,2.26607788036933,5.92797609276559,1.11917798768645e-07,8.05867293553232e-06,6.75349415933782e-06,"ATP1A2/SRI/JPH4/BDKRB1/NTSR1/PDE4D/CASQ2/FKBP1B/PTK2B/CCR7/HRC/CCL21/PLCE1/FGF2/XCL1/CASQ1/SNCA/ANK2/JPH2/ITPR1/CACNA1C/AKAP6/JPH3/CLIC2/GPER1/GP9/CCL19/XCR1/CD19/SLC8A1/DHRS7C/GP1BA/TRDN/PLCD1/RYR1/FLNA/PLCG2/PLN/RYR3/DMD/GSTM2/ITGB3",42
"GO:0014808","release of sequestered calcium ion into cytosol by sarcoplasmic reticulum","19/2491","36/16800",0.527777777777778,3.5594807975378,6.41413707491558,1.12140169567331e-07,8.05867293553232e-06,6.75349415933782e-06,"ATP1A2/SRI/PDE4D/CASQ2/FKBP1B/HRC/CASQ1/ANK2/CACNA1C/AKAP6/CLIC2/SLC8A1/DHRS7C/TRDN/RYR1/PLN/RYR3/DMD/GSTM2",19
"GO:0034764","positive regulation of transmembrane transport","60/2491","207/16800",0.289855072463768,1.95486359590177,5.7675051278812,1.16762460791767e-07,8.28725169249219e-06,6.94505241122699e-06,"IGF1/OPN3/SRI/ADCYAP1R1/NOS1/SLC9A1/SORBS1/BDKRB1/NTSR1/CA2/CLIP3/SCN1B/CAV1/P2RX1/NHERF1/AKAP7/NR4A3/CCR2/PLP1/EDN3/HSPA2/AKAP9/ATP1B2/FGF13/P2RX4/RNASEL/TRPC6/FXYD6/STAC2/XCL1/CASQ1/STAC/SNCA/ANK2/KCNMB1/JPH2/ANK3/AKAP6/MS4A1/CTSS/KLF15/GPER1/CACNB2/STIM1/PDZK1/CD19/SLC17A8/AKAP5/ITLN1/ADIPOQ/LRRC55/C1QTNF12/TRDN/CHP1/P2RX2/RELN/FLNA/DMD/GSTM2/FXYD1",60
"GO:0023061","signal release","115/2491","486/16800",0.236625514403292,1.59586858369141,5.56176111110722,1.20100626546301e-07,8.4202256343254e-06,7.05648995766904e-06,"CD38/ABCC8/TFAP2B/BTK/NR1H4/CASR/NNAT/PTPRN/MAOB/PLA2G10/CAMK2A/TACR2/SRI/FGFR1/CHRNA3/MEF2C/GNAO1/GNA11/RPH3A/LTBP4/PCSK5/CHGA/RIMS4/CHRNA4/SLC32A1/SYP/SMPD3/SFRP1/GRIK5/CXCL12/P2RX1/MAP2K6/NRXN2/CPT1A/OPRM1/GCG/TACR1/RAP1A/RIMS3/CHRNB4/CNR1/ECRG4/FKBP1B/ACVR1C/EDN3/FFAR1/GNAZ/SYT5/KCNA5/TRPM4/SNAP25/SYT11/SYT4/P2RX4/EDNRB/BLK/UNC13C/ADCYAP1/TNFRSF11A/AGTR1/EPHA5/SNCA/CRHBP/VIP/GPR119/SIDT2/ADRA2A/ITPR1/BMP6/MICU3/TIAM1/SYN2/KCNB1/PINK1/NEUROD1/CCKAR/F2RL1/CARTPT/SLC30A8/GPER1/SLC18A2/PRKCB/GALR1/MC4R/OR51E2/GDNF/NLGN1/P2RY1/SYT9/GPR27/ADCY5/SNCG/LEP/KCNA2/UCN3/NRXN1/ADIPOQ/MAFA/C1QTNF12/EFNA5/RFX6/PRKN/SV2B/FFAR4/P2RY4/SLC18A3/LRRK2/FAM3D/SLC44A4/VAMP2/AQP1/TUNAR/RAB44/CCL5/ADORA3",115
"GO:0051283","negative regulation of sequestering of calcium ion","42/2491","126/16800",0.333333333333333,2.24809313528703,5.8672731265079,1.44053787720721e-07,9.97789428441479e-06,8.36187934556426e-06,"ATP1A2/SRI/JPH4/BDKRB1/NTSR1/PDE4D/CASQ2/FKBP1B/PTK2B/CCR7/HRC/CCL21/PLCE1/FGF2/XCL1/CASQ1/SNCA/ANK2/JPH2/ITPR1/CACNA1C/AKAP6/JPH3/CLIC2/GPER1/GP9/CCL19/XCR1/CD19/SLC8A1/DHRS7C/GP1BA/TRDN/PLCD1/RYR1/FLNA/PLCG2/PLN/RYR3/DMD/GSTM2/ITGB3",42
"GO:0070252","actin-mediated cell contraction","38/2491","110/16800",0.345454545454545,2.3298419765702,5.83837718075643,1.97107364449859e-07,1.34901218835981e-05,1.13052682592357e-05,"SCN4A/ATP1A2/NEDD4L/ABCC9/SRI/NOS1/SLC9A1/SCN1B/CAV1/ACTA2/PDE4D/MYH2/AKAP9/FGF13/KCNA5/TRPM4/DSC2/SCN7A/HCN4/TPM1/ANK2/GSN/SCN2B/CACNA1C/GPD1L/SCN3A/CACNA2D1/CACNB2/SCN3B/SCN11A/SCN9A/ZEB2/KCND3/SCN4B/GJC1/CTNNA3/FLNA/PLN",38
"GO:0051208","sequestering of calcium ion","43/2491","132/16800",0.325757575757576,2.19700010948506,5.76054199218715,2.14206559538196e-07,1.44879236562952e-05,1.2141466538778e-05,"ATP1A2/SRI/JPH4/BDKRB1/NTSR1/PDE4D/CASQ2/FKBP1B/PTK2B/SLC25A23/CCR7/HRC/CCL21/PLCE1/FGF2/XCL1/CASQ1/SNCA/ANK2/JPH2/ITPR1/CACNA1C/AKAP6/JPH3/CLIC2/GPER1/GP9/CCL19/XCR1/CD19/SLC8A1/DHRS7C/GP1BA/TRDN/PLCD1/RYR1/FLNA/PLCG2/PLN/RYR3/DMD/GSTM2/ITGB3",43
"GO:0060326","cell chemotaxis","79/2491","304/16800",0.259868421052632,1.7526252403389,5.52522774182551,2.25924485751835e-07,1.51027891696198e-05,1.26567487305526e-05,"STAP1/FGFR1/CTSG/CHGA/MAPK3/PIK3CG/PTN/RARRES2/CXCL12/CCL8/GAB1/BST1/BIN2/NEDD9/RIPOR2/THBS4/SLAMF1/PADI2/DUSP1/PTK2B/CCR2/NCKAP1L/EDN3/CCR7/EDN2/ACKR4/TRPM4/LGALS3/SFTPD/PDGFRA/P2RX4/EDNRB/IL10/CCL21/MSTN/FGF2/TNFRSF11A/XCL1/XCL2/ACKR2/AGTR1/SLIT2/CCL28/CXCL13/TIAM1/KIT/JAML/CXCR5/IL6R/TAFA4/F2RL1/VEGFD/JAM3/CX3CR1/PDGFD/S1PR1/SCG2/CCL11/BSG/IL16/CCL19/XCR1/CCR9/CMKLR1/CCL13/CSF1R/CAMK1D/CSF1/CCR10/GPR15LG/CNR2/LPAR1/AIF1/MMP28/CCL5/CCL23/CCL16/CCL15/CCL14",79
"GO:0007411","axon guidance","65/2491","235/16800",0.276595744680851,1.86543898459988,5.57440607841854,2.38861539210209e-07,1.5784080332408e-05,1.32276983056882e-05,"SEMA3G/CNTN1/EPHA3/NGFR/NTN1/NEO1/PLA2G10/NTN4/EPHA6/IGSF9/SEMA6A/SEMA4G/RPS6KA5/SCN1B/GLI3/CXCL12/UNC5B/LGI1/TNR/ECE1/MYOT/EDN3/PALLD/MATN2/CHL1/EPHA7/TUBB2B/SEMA6D/MYPN/CNTN4/LRTM1/BOC/SLIT2/EPHA5/GFRA3/HMCN2/NCAM1/FEZ1/SEMA3D/KIF5A/UNC5D/DPYSL5/NEXN/LMX1A/NFASC/LRTM2/KIF5C/GDNF/SEMA3E/CDK5R2/GAP43/ATOH1/DSCAML1/NRXN1/UNC5C/CSF1R/EPHA10/CNTN2/SLIT3/EFNA5/NELL2/FLRT2/RELN/L1CAM/ARHGEF25",65
"GO:0010880","regulation of release of sequestered calcium ion into cytosol by sarcoplasmic reticulum","17/2491","31/16800",0.548387096774194,3.69847580321415,6.2743642819366,2.52885483548575e-07,1.65208936922814e-05,1.3845177729687e-05,"ATP1A2/SRI/PDE4D/CASQ2/FKBP1B/HRC/CASQ1/ANK2/CACNA1C/AKAP6/CLIC2/SLC8A1/DHRS7C/TRDN/PLN/DMD/GSTM2",17
"GO:0019233","sensory perception of pain","30/2491","78/16800",0.384615384615385,2.59395361763888,5.88711891788059,2.64436251465426e-07,1.70813933671318e-05,1.43148991479273e-05,"MGLL/LXN/NTSR1/CHRNA4/MAPK3/TRPA1/CXCL12/KCNA1/OPRM1/CCR2/PHF24/HOXD1/SPX/P2RX4/RETREG1/TAFA4/NPY1R/TMEM100/PNOC/SCN11A/SCN9A/GPR171/KCNA2/PENK/NDN/GRIN2A/MRGPRX2/TMEM120A/PIRT/AQP1",30
"GO:0002685","regulation of leukocyte migration","64/2491","231/16800",0.277056277056277,1.8685449436152,5.54592604888149,2.76222336848864e-07,1.76444690504902e-05,1.47867793655819e-05,"STAP1/KITLG/MADCAM1/HMOX1/BDKRB1/MAPK3/SMPD3/PTN/WASL/RARRES2/CXCL12/CCL8/BST1/ST3GAL4/CD69/NEDD9/ADTRP/RIPOR2/BMP5/THBS4/TACR1/SLAMF1/PADI2/DUSP1/PTK2B/CCR2/NCKAP1L/EDN3/CCR7/EDN2/LGALS3/LYVE1/P2RX4/CCL21/MSTN/XCL1/SLIT2/CCL28/JAM2/CXCL13/IL6R/CD200R1/F2RL1/VEGFD/JAM3/CX3CR1/GCSAML/P2RY12/PDGFD/PTGER4/FUT9/CCL19/CMKLR1/CSF1R/CAMK1D/CSF1/GP1BA/GPR15LG/SPN/ELANE/AIF1/ITGB3/MMP28/CCL5",64
"GO:0097485","neuron projection guidance","65/2491","236/16800",0.275423728813559,1.85753458212276,5.53539950499703,2.82644790069082e-07,1.78563175616171e-05,1.49643169941722e-05,"SEMA3G/CNTN1/EPHA3/NGFR/NTN1/NEO1/PLA2G10/NTN4/EPHA6/IGSF9/SEMA6A/SEMA4G/RPS6KA5/SCN1B/GLI3/CXCL12/UNC5B/LGI1/TNR/ECE1/MYOT/EDN3/PALLD/MATN2/CHL1/EPHA7/TUBB2B/SEMA6D/MYPN/CNTN4/LRTM1/BOC/SLIT2/EPHA5/GFRA3/HMCN2/NCAM1/FEZ1/SEMA3D/KIF5A/UNC5D/DPYSL5/NEXN/LMX1A/NFASC/LRTM2/KIF5C/GDNF/SEMA3E/CDK5R2/GAP43/ATOH1/DSCAML1/NRXN1/UNC5C/CSF1R/EPHA10/CNTN2/SLIT3/EFNA5/NELL2/FLRT2/RELN/L1CAM/ARHGEF25",65
"GO:0003014","renal system process","42/2491","129/16800",0.325581395348837,2.19581189958268,5.68854027389826,3.00157205749108e-07,1.87565627809959e-05,1.57187589326506e-05,"SLC4A1/CHRNA3/PCSK5/CORO2B/NHERF1/NPR3/TACR1/CHRNB4/SGK1/ABCG2/SLC25A23/JCHAIN/SPX/EDNRB/PRKACB/AGTR1/GSN/KCNMA1/SLC15A2/CLDN19/F2RL1/SLC6A18/TMEM63C/AMN/OR51E2/SCN11A/SCNN1B/NPR1/BCL2/AQP4/BTC/HSD11B2/AGTR2/ADIPOQ/CLCNKB/CYP4F12/AKR1C3/IGHA2/IGHA1/IGKV3-20/AQP1/HBB",42
"GO:1904064","positive regulation of cation transmembrane transport","44/2491","138/16800",0.318840579710145,2.15034995549194,5.66147892696248,3.08746522297384e-07,1.90858468461039e-05,1.59947123096223e-05,"SRI/ADCYAP1R1/NOS1/SLC9A1/BDKRB1/NTSR1/SCN1B/CAV1/P2RX1/AKAP7/PLP1/EDN3/HSPA2/AKAP9/ATP1B2/FGF13/P2RX4/FXYD6/STAC2/XCL1/CASQ1/STAC/SNCA/ANK2/KCNMB1/JPH2/ANK3/AKAP6/MS4A1/CTSS/GPER1/CACNB2/STIM1/PDZK1/CD19/AKAP5/LRRC55/TRDN/CHP1/P2RX2/FLNA/DMD/GSTM2/FXYD1",44
"GO:0010976","positive regulation of neuron projection development","48/2491","157/16800",0.305732484076433,2.06194529605944,5.57776357840993,3.75946583384441e-07,2.29927330625229e-05,1.92688411215071e-05,"CNTN1/MUSK/LRRC7/EPHA3/LTK/FGFR1/ZDHHC15/NDRG4/STMN2/SCN1B/PTN/CUX2/BMP5/KAT2B/RAP1A/RGS2/PLPPR5/CNR1/FKBP1B/PTK2B/PACSIN1/ATP1B2/ATP8A2/TUBB2B/ITPKA/NTRK3/VLDLR/FEZ1/TIAM1/ELAVL4/DDR2/APBB1/ROR2/IL1RAPL1/ZNF804A/ALK/NEGR1/FUT9/NDNF/RGMA/CAMK1D/ROR1/MAGI2/RELN/ALKAL2/FLNA/TOX/DMD",48
"GO:0071805","potassium ion transmembrane transport","58/2491","204/16800",0.284313725490196,1.91749120362718,5.5009692437669,3.86101012768353e-07,2.33652076042659e-05,1.95809898663795e-05,"ABCC8/ATP1A2/FHL1/KCNG1/NEDD4L/SLC9A3/ABCC9/KCNK2/SLC9A1/KCNK10/SLC17A7/CAV1/KCNA1/KCNIP3/SLC9A2/AKAP7/CASQ2/EDN3/AKAP9/ATP1B2/KCNA5/DPP6/SNAP25/LARGE1/HCN4/SLC24A4/KCNH1/KCNN3/ANK2/KCNMB1/KCNA6/ANK3/AKAP6/KCNJ16/KCNMA1/KCNS2/KCNB1/KCNT2/KCNK5/KCNAB1/KCNS3/KCNG3/KCNK3/KCND3/DPP10/KCNA3/KCNA2/SLC9A9/KCNIP1/KCNA4/KCNB2/LRRC55/KCNQ5/KCNIP4/FLNA/KCNMB2/VAMP2/AQP1",58
"GO:0035590","purinergic nucleotide receptor signaling pathway","17/2491","32/16800",0.53125,3.58289843436371,6.10190753809905,4.64905453214382e-07,2.78410567763488e-05,2.33319326684455e-05,"CTSG/NECAB2/P2RX1/P2RX4/P2RY12/P2RY1/GPR34/ADCY5/P2RY14/GPR171/P2RY2/P2RY13/P2RY8/CNTN2/P2RY4/P2RX2/ADORA3",17
"GO:0051924","regulation of calcium ion transport","66/2491","244/16800",0.270491803278689,1.82427229830669,5.41142751879957,4.70261931213271e-07,2.78715035313927e-05,2.33574482817487e-05,"CD4/ATP1A2/CASR/MYLK/CACNB1/CAMK2A/ATP2B1/SRI/ADCYAP1R1/NOS1/SLC9A1/JPH4/BDKRB1/NTSR1/PIK3CG/CAV1/CXCL12/RGS9/P2RX1/PDE4D/GCG/CASQ2/FKBP1B/PTK2B/HPCA/PLP1/AHNAK/FFAR1/HSPA2/CACNG6/HRC/LGALS3/P2RX4/TRPC6/STAC2/XCL1/CASQ1/STAC/SNCA/ANK2/JPH2/ADRA2A/CACNA1C/AKAP6/CACNA2D1/JPH3/CLIC2/MS4A1/FCRL3/GPER1/CACNB2/STIM1/TRPV3/BCL2/IL16/CD19/AKAP5/SLC8A1/DHRS7C/TRDN/P2RX2/PLN/DMD/GSTM2/ITGB3/CCL5",66
"GO:0007626","locomotory behavior","58/2491","206/16800",0.281553398058252,1.89887478417448,5.41603175187923,5.51170113124854e-07,3.23334385750488e-05,2.70967304809071e-05,"CNTN1/ATP1A2/USP2/PREX2/SEZ6/CHRNA3/GNAO1/RASD2/NTSR1/SLC1A1/APBA1/CXCL12/CDH23/CWH43/SOBP/TNR/CHRNB4/PDE1B/C1QL1/SNAP25/LARGE1/CHL1/TMOD1/MEIS1/SLC4A10/SNCA/KLHL1/ASTN1/LGI4/UCHL1/GRIA1/RCAN1/CIART/SPTBN4/TAL1/ELAVL4/LMX1A/LRRTM1/HPGDS/NPY1R/SLC18A2/TUBA1A/GDNF/ALK/NEGR1/ADCY5/SNCG/GNG7/PENK/GPR88/CNTN2/CEND1/NPY2R/PRKN/LRRK2/RELN/PLN/SELENOP",58
"GO:0030595","leukocyte chemotaxis","63/2491","231/16800",0.272727272727273,1.83934892887121,5.3595005335613,6.23154654556153e-07,3.6187031404478e-05,3.03261972770177e-05,"STAP1/CTSG/CHGA/MAPK3/PIK3CG/PTN/RARRES2/CXCL12/CCL8/BST1/NEDD9/RIPOR2/THBS4/SLAMF1/PADI2/DUSP1/PTK2B/CCR2/NCKAP1L/EDN3/CCR7/EDN2/TRPM4/LGALS3/SFTPD/EDNRB/IL10/CCL21/MSTN/TNFRSF11A/XCL1/XCL2/SLIT2/CXCL13/KIT/JAML/CXCR5/IL6R/TAFA4/F2RL1/VEGFD/JAM3/CX3CR1/S1PR1/SCG2/CCL11/BSG/IL16/CCL19/CMKLR1/CCL13/CSF1R/CAMK1D/CSF1/GPR15LG/CNR2/AIF1/MMP28/CCL5/CCL23/CCL16/CCL15/CCL14",63
"GO:0048167","regulation of synaptic plasticity","58/2491","207/16800",0.280193236714976,1.88970147603838,5.37391712005607,6.5667252475656e-07,3.77521034482546e-05,3.16377910085345e-05,"CD38/CAMK2A/SCGN/SCTR/MEF2C/JPH4/SYNGR1/SLC8A3/CHRDL1/SYP/PTN/SLC1A1/CPEB3/NEURL1/MPP2/TNR/SLC8A2/PTK2B/TSHZ3/GRIA3/MAP1B/SNAP25/SYT4/LARGE1/UNC13C/ITPKA/SLC4A10/CNTN4/IGSF11/SNCA/JPH3/GRIA1/SORCS3/KIT/KCNB1/PDE9A/S100B/LRRTM1/ABHD6/GRIK2/MAP1A/FAM107A/CX3CR1/NSG1/DRD5/CALB2/NPAS4/AKAP5/PENK/ADGRB1/GRIN2A/CNTN2/MAPT/SLC18A3/SHISA7/RELN/PRRT1/VAMP2",58
"GO:0048662","negative regulation of smooth muscle cell proliferation","22/2491","50/16800",0.44,2.96748293857888,5.81316310401447,6.92208386830718e-07,3.94010496622752e-05,3.30196746901949e-05,"MEF2C/HMOX1/NDRG4/VIPR2/OGN/PPARGC1A/GNA13/CDKN1A/BMP2/CNN1/IL10/KLF4/TPM1/MYOCD/PDCD4/GPER1/NDRG2/NPR1/ADIPOQ/PRKG1/AIF1/MIR145",22
"GO:0086065","cell communication involved in cardiac conduction","23/2491","54/16800",0.425925925925926,2.87256345064454,5.75044979140684,7.86288065875297e-07,4.43173538305596e-05,3.71397366100231e-05,"ATP1A2/SRI/SCN1B/CAV1/PDE4D/CASQ2/ATP1B2/KCNA5/HRC/TRPM4/DSC2/HCN4/ANK2/CACNA1C/CACNA2D1/CACNB2/SCN3B/SCN4B/GJC1/SLC8A1/CTNNA3/TRDN/FLNA",23
"GO:0086002","cardiac muscle cell action potential involved in contraction","24/2491","58/16800",0.413793103448276,2.79073630587356,5.69988250849523,8.61592977197777e-07,4.80902720962138e-05,4.03015948557407e-05,"SCN4A/NEDD4L/NOS1/SCN1B/CAV1/KCNA5/TRPM4/DSC2/SCN7A/ANK2/SCN2B/CACNA1C/GPD1L/SCN3A/CACNA2D1/CACNB2/SCN3B/SCN11A/SCN9A/KCND3/SCN4B/GJC1/CTNNA3/FLNA",24
"GO:0032411","positive regulation of transporter activity","30/2491","82/16800",0.365853658536585,2.46741929482723,5.55767220141644,9.30896127278271e-07,5.10559959517e-05,4.27869915080757e-05,"SLC9A1/SGK2/SCN1B/AKAP7/SGK1/CCR2/HSPA2/AKAP9/ATP1B2/FGF13/TRPC6/STAC2/CASQ1/STAC/ANK2/JPH2/ANK3/AKAP6/CTSS/CACNB2/STIM1/PDZK1/ADIPOQ/LRRC55/RXRA/TRDN/CHP1/RELN/DMD/GSTM2",30
"GO:0050921","positive regulation of chemotaxis","44/2491","143/16800",0.307692307692308,2.07516289411111,5.38725869146879,9.32489054605758e-07,5.10559959517e-05,4.27869915080757e-05,"CASR/FGF10/FGFR1/MAPK3/PTN/RARRES2/CXCL12/NEDD9/RIPOR2/THBS4/SLAMF1/PTK2B/CCR2/NCKAP1L/EDN3/CCR7/EDN2/PDGFRA/P2RX4/CCL21/MSTN/FGF2/NTRK3/XCL1/SLIT2/CXCL13/TIAM1/IL6R/F2RL1/VEGFD/CX3CR1/P2RY12/PDGFD/S1PR1/SCG2/IL16/CCL19/CMKLR1/CSF1R/CAMK1D/CSF1/LPAR1/AIF1/CCL5",44
"GO:0035235","ionotropic glutamate receptor signaling pathway","15/2491","27/16800",0.555555555555556,3.74682189214506,5.95978984187092,1.04138118508629e-06,5.64801927647274e-05,4.73326880252232e-05,"MEF2C/GRIK5/GRIA2/PTK2B/PLP1/GRIA3/GRIA4/GRIA1/GRIK3/GRIK2/ADRB2/GRIK1/NRXN1/GRIN2A/GRIN3A",15
"GO:0043410","positive regulation of MAPK cascade","105/2491","452/16800",0.232300884955752,1.56670207437039,5.09583834221752,1.0735796941024e-06,5.76823332840624e-05,4.83401304466962e-05,"TENM1/CD4/IGF1/MYOC/CASR/ADRB1/CDON/FGFR2/FGF10/PDE8A/FERMT2/FGFR1/MEF2C/RASSF2/FGF9/MAPK3/NDRG4/NECAB2/MAP4K1/PIK3CG/ACTA2/MAP2K6/GCNT2/OPRM1/GHR/GCG/RAP1A/SLAMF1/TEK/PTK2B/ADRA1A/FLT3/GLIPR2/EDN3/BMP2/CCR7/PLA2G5/AKAP12/SSTR4/KL/PDGFRA/KLB/CD36/GPR55/CCL21/ARRB1/BCAR3/FGF2/PDE5A/CD27/PELI2/FGF7/NTRK3/ADCYAP1/TNFRSF11A/DOK2/ADRA2A/BANK1/ANGPT1/GDF6/NRG1/KIT/XDH/IL6R/FCRL3/SCIMP/INAVA/HAND2/NPY5R/F2RL1/CARTPT/TLR3/GPER1/JCAD/IGFBP6/AR/ADRB2/DRD5/P2RY1/GPR37L1/ADRA1B/PDGFD/CCL19/CSPG4/LEP/ERBB4/NRXN1/RELL1/CSF1R/TNFAIP8L3/TBX1/PDE6G/FFAR4/PLA2G2A/ADRB3/LRRK2/ALKAL2/SLC30A10/ELANE/PLCG2/AVPR1B/LPAR1/PJA2/MIR27B/ITGB3",105
"GO:0042692","muscle cell differentiation","95/2491","399/16800",0.238095238095238,1.60578081091931,5.10964505658315,1.11602977049325e-06,5.94079180607937e-05,4.97862403464681e-05,"CYP26B1/IGF1/PLEKHO1/EHD2/BARX2/HDAC9/PRDM6/CDON/FGFR2/NEO1/FGF10/SPEG/ITGA8/MEF2C/MYBPC2/NOS1/SLC9A1/ASB2/MYL9/MYOM1/LAMA1/FGF9/FOXF1/DMPK/CNTNAP1/MYL2/RIPOR2/RBM24/POPDC1/SMYD1/RGS2/ACADM/ADRA1A/POPDC2/LDB3/BHLHE41/WNT1/BMP2/FLNC/TMOD2/TNNT3/SYNE1/POPDC3/MYH11/LARGE1/DOCK2/PDGFRA/ADGRB3/EDNRB/TMOD1/MYPN/TPM1/MYOCD/SYPL2/CASQ1/KCNH1/MEIS1/ANK2/MEGF10/ZEB1/PDCD4/AKAP6/UCHL1/PGM5/SORBS2/JAM2/NRG1/KIT/CSRP1/RCAN1/PLPP7/CAPN2/LMOD1/PI16/GPER1/MYORG/CFL2/CASP7/RBPMS2/B4GALNT2/BCL2/WFIKKN2/BHLHA15/ADGRB1/SLC8A1/TBX1/PRKG1/P2RX2/COL14A1/DNER/RYR1/CACNA1H/NRAP/DMD/MIR145",95
"GO:0051928","positive regulation of calcium ion transport","38/2491","117/16800",0.324786324786325,2.19044972156173,5.39126712578248,1.15855738489743e-06,6.11059303282141e-05,5.12092433672192e-05,"CASR/MYLK/CAMK2A/ATP2B1/SRI/ADCYAP1R1/SLC9A1/BDKRB1/NTSR1/CAV1/CXCL12/P2RX1/GCG/PLP1/FFAR1/HSPA2/LGALS3/P2RX4/TRPC6/STAC2/XCL1/CASQ1/STAC/SNCA/ANK2/JPH2/AKAP6/MS4A1/GPER1/CACNB2/STIM1/TRPV3/CD19/AKAP5/TRDN/P2RX2/GSTM2/CCL5",38
"GO:0098742","cell-cell adhesion via plasma-membrane adhesion molecules","71/2491","275/16800",0.258181818181818,1.74125031933141,5.17111794292483,1.17964346469924e-06,6.12126935170145e-05,5.12987152415295e-05,"ITGAL/CLDN11/CDH10/CDH19/CDHR2/CEACAM1/PCDHB4/IGSF9/CD209/PCDH11X/PCDH11Y/CDHR5/CDH23/MDGA1/MYOT/SLITRK3/BMP2/PALLD/GATA5/LRRC4B/CRB1/DSC2/IL10/KLF4/MYPN/PCDH10/PTPRF/CNTN4/IGSF11/CDH18/SDK1/HMCN2/LRRC4C/KIRREL3/CDH22/PCDH15/ADGRL3/SPARCL1/CLDN8/UNC5D/MPZ/JAML/NEXN/NTNG1/CADM3/CLDN19/LRFN5/IL1RAPL1/NLGN1/PCDH7/PCDHB1/CADM2/DSCAML1/NECTIN3/SLITRK1/NRXN1/ADIPOQ/CLDN7/CLDN5/CNTN2/PCDH9/EFNA5/SLITRK2/PTPRT/DCHS2/L1CAM/CD177/PCDHGC3/CLDN23/PCDHA3/PCDH20",71
"GO:0030048","actin filament-based movement","42/2491","135/16800",0.311111111111111,2.09822025960123,5.34536804881173,1.18187667079294e-06,6.12126935170145e-05,5.12987152415295e-05,"SCN4A/WAS/ATP1A2/NEDD4L/ABCC9/SRI/NOS1/SLC9A1/SCN1B/CAV1/WASL/ACTA2/PDE4D/MYH2/AKAP9/FGF13/KCNA5/TRPM4/DSC2/SCN7A/HCN4/TPM1/ANK2/GSN/SCN2B/CACNA1C/GPD1L/SCN3A/CACNA2D1/CACNB2/SCN3B/MYO1A/SCN11A/SCN9A/ZEB2/KCND3/MYO1D/SCN4B/GJC1/CTNNA3/FLNA/PLN",42
"GO:0070374","positive regulation of ERK1 and ERK2 cascade","53/2491","187/16800",0.283422459893048,1.91148025941518,5.22959401551575,1.338608282368e-06,6.87112412083359e-05,5.7582801770661e-05,"CD4/IGF1/CASR/FGFR2/FGF10/PDE8A/FERMT2/MAPK3/NDRG4/NECAB2/ACTA2/GCNT2/OPRM1/GCG/RAP1A/SLAMF1/TEK/PTK2B/ADRA1A/GLIPR2/BMP2/CCR7/PLA2G5/AKAP12/SSTR4/PDGFRA/CD36/GPR55/CCL21/ARRB1/FGF2/ADCYAP1/TNFRSF11A/ANGPT1/NRG1/SCIMP/HAND2/NPY5R/F2RL1/GPER1/P2RY1/PDGFD/CCL19/ERBB4/NRXN1/CSF1R/TNFAIP8L3/FFAR4/PLA2G2A/ALKAL2/SLC30A10/MIR27B/ITGB3",53
"GO:0050432","catecholamine secretion","21/2491","48/16800",0.4375,2.95062224006423,5.64656582131653,1.3871525475367e-06,7.05729203167122e-05,5.914296422986e-05,"CHGA/CHRNA4/CXCL12/CNR1/SYT11/SYT4/SNCA/VIP/ADRA2A/KCNB1/PINK1/CARTPT/SLC18A2/PRKCB/GDNF/P2RY1/SNCG/KCNA2/PRKN/SDHD/ADORA3",21
"GO:0071248","cellular response to metal ion","50/2491","174/16800",0.28735632183908,1.9380113235233,5.18934750441905,1.6996912451929e-06,8.57151313036312e-05,7.18327500392233e-05,"SLC13A2/RASGRP2/ABCC9/MEF2C/HMOX1/SMPD3/SLC1A1/KCNA1/HPCA/HVCN1/CPNE5/MT1G/MT2A/SLC25A23/FOSB/P2RX4/ITPKA/CPNE8/KCNH1/SNCA/CRHBP/DLG2/ANK3/BMP6/MICU3/KCNB1/PRKAA2/SMPD1/B2M/CHP2/TUBA1A/MT1E/NLGN1/FABP4/NPTX1/KCNK3/NRXN1/PRKN/MT1X/LRRK2/AKR1C3/RYR1/CPNE4/CACNA1H/PLCG2/MT1F/RYR3/MT1H/MT1M/AQP1",50
"GO:0051146","striated muscle cell differentiation","74/2491","293/16800",0.252559726962457,1.7033333653028,5.06739655487263,1.73102367125877e-06,8.65361311831886e-05,7.25207811748412e-05,"CYP26B1/IGF1/PLEKHO1/EHD2/BARX2/HDAC9/CDON/NEO1/MEF2C/MYBPC2/NOS1/SLC9A1/ASB2/MYL9/MYOM1/DMPK/CNTNAP1/MYL2/RIPOR2/RBM24/POPDC1/SMYD1/RGS2/ACADM/ADRA1A/POPDC2/LDB3/BHLHE41/WNT1/BMP2/FLNC/TMOD2/TNNT3/SYNE1/POPDC3/MYH11/LARGE1/DOCK2/PDGFRA/ADGRB3/TMOD1/MYPN/TPM1/MYOCD/CASQ1/KCNH1/MEIS1/AKAP6/PGM5/SORBS2/JAM2/NRG1/CSRP1/RCAN1/PLPP7/CAPN2/LMOD1/PI16/MYORG/CFL2/CASP7/B4GALNT2/BCL2/BHLHA15/ADGRB1/SLC8A1/TBX1/PRKG1/P2RX2/COL14A1/DNER/RYR1/CACNA1H/NRAP",74
"GO:1905517","macrophage migration","24/2491","60/16800",0.4,2.69771176234444,5.49649443944481,1.79091270304622e-06,8.8758251119075e-05,7.43830076392244e-05,"STAP1/MAPK3/RARRES2/SLAMF1/PTK2B/CCR2/EDN2/LGALS3/SFTPD/P2RX4/EDNRB/MSTN/TRIM55/MCOLN2/TAFA4/CD200R1/CX3CR1/ROR2/P2RY12/CMKLR1/CSF1R/CSF1/MMP28/CCL5",24
"GO:0015844","monoamine transport","28/2491","76/16800",0.368421052631579,2.48473451794883,5.41264394269399,1.81004988717388e-06,8.8939972661219e-05,7.45352976481767e-05,"GPM6B/MAOB/NOS1/CHGA/CHRNA4/SLC6A2/CXCL12/P2RX1/CNR1/SYT11/SYT4/SNCA/VIP/ADRA2A/KCNB1/PINK1/CARTPT/SLC18A2/PRKCB/GDNF/P2RY1/SNCG/KCNA2/PRKN/SLC18A3/SDHD/ITGB3/ADORA3",28
"GO:0030318","melanocyte differentiation","14/2491","25/16800",0.56,3.77679646728222,5.79704571287473,2.11446321038932e-06,0.000103017364377357,8.63327218015335e-05,"KITLG/RAB27A/MEF2C/GNA11/SOX10/GLI3/TYRP1/EDN3/EDNRB/KIT/OR51E2/ZEB2/BCL2/ENPP1",14
"GO:0010975","regulation of neuron projection development","102/2491","443/16800",0.230248306997743,1.55285891511926,4.92026269366128,2.33148815478038e-06,0.000112636347914558,9.43938194111438e-05,"CD38/ARHGAP44/SEMA3G/CNTN1/MUSK/LRRC7/EPHA3/NEDD4L/LTK/SEZ6/NTN1/NEO1/PLXNA2/PAK3/FGFR1/MAP2/CHRNA3/ZDHHC15/NDRG4/SFRP1/STMN2/SCN1B/PTN/NCS1/CXCL12/RND2/PMP22/CUX2/UST/BMP5/KAT2B/TLX2/TNR/RAP1A/RGS2/PLPPR5/CNR1/FKBP1B/PTK2B/PACSIN1/ATP1B2/FGF13/KIF1A/SYNE1/MAP1B/SNAP25/ATP8A2/SPART/ADGRB3/EPHA7/ITM2C/KLF4/TUBB2B/ITPKA/SEMA6D/NTRK3/PTPRF/SLIT2/SFRP2/VLDLR/SLC39A12/LRRC4C/FEZ1/CHODL/TIAM1/DPYSL5/ELAVL4/NTNG1/DDR2/APBB1/B2M/ROR2/IL1RAPL1/NLGN1/ZNF804A/ALK/MAP6/MBOAT1/NEGR1/FUT9/NDNF/SLITRK1/RGMA/CAMK1D/EFHC2/CNTN2/EFNA5/INPP5J/ROR1/MAPT/MAGI2/LRRK2/RELN/ALKAL2/FLNA/KIF13B/LPAR1/TOX/L1CAM/DMD/NEU4/NEFL",102
"GO:0016042","lipid catabolic process","83/2491","342/16800",0.242690058479532,1.63676956341073,4.96398839638172,2.35585880587377e-06,0.000112865268958069,9.45856645130197e-05,"CYP26B1/CROT/ABHD5/HSD17B6/PLPP1/PLA2G10/ABCB11/MGLL/ACAT1/PLD1/ACACB/CRAT/GDPD3/SMPD3/PIK3CG/RARRES2/PHYH/CPT1A/ADTRP/PPARD/EHHADH/ACADL/PLCD4/SCP2/ACADM/PLA2G2D/ABCD3/PRDX6/CNR1/ACADS/PCK1/PLA2G5/PNPLA7/SESN2/SPART/PLAAT2/CYP27A1/ENPP2/HADHB/PLCE1/NAAA/ADRA2A/ACOXL/CPT2/PAFAH2/ABHD3/CYP3A4/ACOX1/PLCD3/PLPP3/FABP1/ABHD6/LIPH/HPGD/ENPP6/LIPC/ASPG/SMPD1/PLIN1/DPEP2/ACAA2/ALK/ETFDH/ABCD2/LEP/FUCA1/ADIPOQ/PLCXD3/CYP4F12/PLCD1/CIDEC/PLA2G2C/PLA2G2A/LIPI/AKR1C3/PLCG2/AKR1B10/HSD17B11/ECI2/NEU4/GBA3/PNLIPRP2/GPIHBP1",83
"GO:0050433","regulation of catecholamine secretion","19/2491","42/16800",0.452380952380952,3.05098354074669,5.55264187884882,2.37708470328549e-06,0.00011294099139825,9.46491229833638e-05,"CHGA/CHRNA4/CXCL12/CNR1/SYT11/SYT4/SNCA/ADRA2A/KCNB1/PINK1/CARTPT/PRKCB/GDNF/P2RY1/SNCG/KCNA2/PRKN/SDHD/ADORA3",19
"GO:0048660","regulation of smooth muscle cell proliferation","43/2491","143/16800",0.300699300699301,2.02800010106313,5.15094271725381,2.42823894130785e-06,0.000114425784209662,9.58934394682142e-05,"IGF1/FGFR2/MEF2C/HMOX1/FGF9/NDRG4/SMPD3/VIPR2/OGN/PPARGC1A/PDE1A/TACR1/NR4A3/GNA13/CDKN1A/BMP2/CNN1/IL10/KLF4/FGF2/TPM1/MYOCD/PDCD4/ADAMTS1/IL6R/DDR2/NPPC/HPGD/NPY5R/GPER1/NDRG2/RBPMS2/NPR1/PDGFD/S1PR1/ADIPOQ/PRKG1/ELANE/AIF1/MIR27B/ITGB3/CCL5/MIR145",43
"GO:0003073","regulation of systemic arterial blood pressure","32/2491","94/16800",0.340425531914894,2.29592490412293,5.25692112784534,2.54621436340399e-06,0.000118570932301905,9.93672413775975e-05,"ADRB1/CMA1/PCSK5/CTSG/NTSR1/CORO2B/TACR1/ECE1/ADRA1A/EDN3/EDN2/KL/SPX/EDNRB/TPM1/SLC2A5/AGTR1/CPA3/F2RL1/ARHGAP42/OR51E2/KLK1/AR/ADRB2/DRD5/GPR37L1/HSD11B2/AGTR2/CYP4F12/P2RX2/ADRB3/AVPR1B",32
"GO:0097529","myeloid leukocyte migration","62/2491","235/16800",0.263829787234043,1.77934180069527,5.01984281765387,2.55745270576382e-06,0.000118570932301905,9.93672413775975e-05,"STAP1/KITLG/CTSG/CHGA/MAPK3/PIK3CG/RARRES2/CXCL12/CCL8/BST1/RIPOR2/THBS4/SLAMF1/DUSP1/PTK2B/CCR2/NCKAP1L/EDN3/CCR7/EDN2/LGALS3/SFTPD/P2RX4/EDNRB/CCL21/MSTN/TNFRSF11A/XCL1/XCL2/SLIT2/TRIM55/MCOLN2/CXCL13/KIT/JAML/IL6R/TAFA4/CD200R1/VEGFD/JAM3/CX3CR1/ROR2/P2RY12/PDGFD/PTGER4/SCG2/CCL11/BSG/CCL19/CMKLR1/CCL13/CSF1R/CAMK1D/CSF1/AIF1/CD177/MMP28/CCL5/CCL23/CCL16/CCL15/CCL14",62
"GO:0007612","learning","46/2491","158/16800",0.291139240506329,1.96352438398488,5.07706158524381,2.94485791352972e-06,0.000135439905159059,0.000113504123538741,"PRKAR2B/ABCC8/ATP1A2/TACR2/JPH4/SLC8A3/NTSR1/NDRG4/PTN/SLC1A1/NRXN2/EPM2A/BCHE/TACR1/TNR/SLC8A2/PDE1B/ATP8A1/SPECC1/FGF13/C1QL1/SNAP25/SYT11/MEIS2/ADGRB3/PIANP/NLGN4X/JPH3/GRIA1/SORCS3/KIT/ELAVL4/MAP1A/TUBA1A/DRD5/NPAS4/NRXN1/GPR88/CSMD1/GRIN2A/CLDN5/CNTN2/PRKN/RELN/NLGN3/PLN",46
"GO:0007193","adenylate cyclase-inhibiting G protein-coupled receptor signaling pathway","29/2491","82/16800",0.353658536585366,2.38517198499966,5.24617051332952,3.11559482084531e-06,0.000141035863189289,0.000118193762909316,"CASR/ADCY2/GNAO1/PALM/OPRM1/RGS2/GNAI1/GNAZ/AKAP12/ADRA2A/GRIK3/NPY1R/MTNR1A/P2RY12/P2RY1/GPR37L1/S1PR1/PTGER4/ADCY5/AKAP5/SSTR2/CHRM4/CHRM2/PTGDR2/NPY2R/PDE2A/FLNA/LPAR1/ITGB3",29
"GO:0051952","regulation of amine transport","29/2491","82/16800",0.353658536585366,2.38517198499966,5.24617051332952,3.11559482084531e-06,0.000141035863189289,0.000118193762909316,"ATP1A2/TACR2/CHRNA3/CHGA/NTSR1/CHRNA4/CXCL12/RGS2/CNR1/SYT11/SYT4/SNCA/ADRA2A/KCNB1/PINK1/NPY5R/CARTPT/PRKCB/GDNF/P2RY1/SNCG/LEP/KCNA2/SLC17A8/PRKN/PRKG1/SLC18A3/SDHD/ADORA3",29
"GO:0015837","amine transport","32/2491","95/16800",0.336842105263158,2.27175727355321,5.18640861274888,3.29873116417239e-06,0.000147010895060675,0.000123201081504831,"ATP1A2/TACR2/CHRNA3/CHGA/NTSR1/CHRNA4/AQP8/CXCL12/RGS2/CNR1/FLVCR2/SYT11/SYT4/SNCA/ADRA2A/KCNB1/PINK1/NPY5R/CARTPT/SLC18A2/PRKCB/GDNF/P2RY1/SNCG/LEP/KCNA2/SLC17A8/PRKN/PRKG1/SLC18A3/SDHD/ADORA3",32
"GO:0050848","regulation of calcium-mediated signaling","32/2491","95/16800",0.336842105263158,2.27175727355321,5.18640861274888,3.29873116417239e-06,0.000147010895060675,0.000123201081504831,"PDK2/CD4/CD22/IGF1/ATP2B4/SLC9A1/SLA2/BST1/SLC8A2/FKBP1B/EDN2/DYRK2/PDGFRA/P2RX4/SLC24A4/ITPR1/AKAP6/RCAN1/TRAT1/TMEM100/CHP2/NMUR1/NEGR1/CMKLR1/AKAP5/PCP4/MAPT/CHP1/P2RX2/LRRK2/PLCG2/CD3E",32
"GO:0070098","chemokine-mediated signaling pathway","31/2491","91/16800",0.340659340659341,2.29750177562301,5.17818264095035,3.57442433835012e-06,0.000158072042470576,0.000132470770822903,"CXCL12/CCL8/PADI2/PTK2B/CCR2/CCR7/ACKR4/ENTREP1/CCL21/XCL1/XCL2/GPR17/ACKR2/SLIT2/CXCL13/CXCR5/CX3CR1/CCL11/CCL19/XCR1/CCR9/CMKLR1/CCL13/SLIT3/CCR10/ACKR1/CCL5/CCL23/CCL16/CCL15/CCL14",31
"GO:0070296","sarcoplasmic reticulum calcium ion transport","19/2491","43/16800",0.441860465116279,2.98003043514793,5.42415255738658,3.66875129183629e-06,0.000161004970815014,0.000134928683509319,"ATP1A2/SRI/PDE4D/CASQ2/FKBP1B/HRC/CASQ1/ANK2/CACNA1C/AKAP6/CLIC2/SLC8A1/DHRS7C/TRDN/RYR1/PLN/RYR3/DMD/GSTM2",19
"GO:0034308","primary alcohol metabolic process","33/2491","100/16800",0.33,2.22561220393416,5.12883559736125,3.88206387648085e-06,0.000166552128551406,0.000139577426258074,"IGF1/HSD17B6/RETSAT/DHRS9/GDPD3/CYP2C18/BMP5/CLCN2/LRAT/BMP2/ACSS2/RDH5/EDNRB/CYP2C8/NAAA/CYP11A1/AKR1C2/BMP6/CYP3A4/ALDH1A1/SCNN1B/ADH6/SULT1B1/HSD11B2/ADH1A/AKR1C3/SULT1A1/CACNA1H/ADH1B/SULT1A2/AKR1B10/AKR1B15/ADH1C",33
"GO:1990868","response to chemokine","33/2491","100/16800",0.33,2.22561220393416,5.12883559736125,3.88206387648085e-06,0.000166552128551406,0.000139577426258074,"CXCL12/CCL8/RIPOR2/PADI2/DUSP1/PTK2B/CCR2/CCR7/ACKR4/ENTREP1/CCL21/XCL1/XCL2/GPR17/ACKR2/SLIT2/CXCL13/CXCR5/CX3CR1/CCL11/CCL19/XCR1/CCR9/CMKLR1/CCL13/SLIT3/CCR10/ACKR1/CCL5/CCL23/CCL16/CCL15/CCL14",33
"GO:1990869","cellular response to chemokine","33/2491","100/16800",0.33,2.22561220393416,5.12883559736125,3.88206387648085e-06,0.000166552128551406,0.000139577426258074,"CXCL12/CCL8/RIPOR2/PADI2/DUSP1/PTK2B/CCR2/CCR7/ACKR4/ENTREP1/CCL21/XCL1/XCL2/GPR17/ACKR2/SLIT2/CXCL13/CXCR5/CX3CR1/CCL11/CCL19/XCR1/CCR9/CMKLR1/CCL13/SLIT3/CCR10/ACKR1/CCL5/CCL23/CCL16/CCL15/CCL14",33
"GO:0051897","positive regulation of phosphatidylinositol 3-kinase/protein kinase B signal transduction","51/2491","184/16800",0.277173913043478,1.86933831358107,4.94718814321284,4.26946850784319e-06,0.000181816107048818,0.000152369258170747,"DCN/IGF1/MUSK/MYOC/LTK/FERMT2/FGFR1/RASD2/PIK3CG/UNC5B/GCNT2/PPARD/TEK/PTK2B/FLT3/CCR7/SESN2/PDGFRA/P2RX4/PRR5L/CCL21/FGF2/NTRK3/AKR1C2/ANGPT1/KIT/PINK1/DDR2/F2RL1/GPER1/MYORG/TMEM100/AXL/CX3CR1/ROR2/P2RY12/SEMA3E/PDGFD/CCL19/LEP/CD19/ERBB4/NRXN1/HCLS1/TSPYL5/CSF1R/C1QTNF12/ROR1/RELN/AKR1C3/CCL5",51
"GO:0140115","export across plasma membrane","28/2491","79/16800",0.354430379746835,2.39037751093811,5.16819740574319,4.36607913593467e-06,0.000184563154062415,0.000154671394776881,"ATP1A2/ATP2B3/ATP2B1/SLC4A4/ABCB1/SLC9A1/SLC30A4/RGS9/SLC8A2/ABCG2/ATP1B2/KCNA5/FXYD6/SLC24A4/SLC47A1/KCNB1/KCNT2/SLC15A2/KCNK5/KCND3/PDZK1/SLC35G1/KCNA2/KCNIP1/SLC8A1/SLC30A10/SLC22A5/FXYD1",28
"GO:1901019","regulation of calcium ion transmembrane transporter activity","24/2491","63/16800",0.380952380952381,2.5692492974709,5.20651766862479,4.95434364481676e-06,0.000207901617620814,0.000174229972050145,"ATP1A2/SRI/SLC9A1/JPH4/CASQ2/FKBP1B/HPCA/AHNAK/HSPA2/HRC/STAC2/CASQ1/STAC/ANK2/JPH2/ADRA2A/JPH3/CLIC2/CACNB2/STIM1/TRDN/PLN/DMD/GSTM2",24
"GO:0048659","smooth muscle cell proliferation","43/2491","147/16800",0.292517006802721,1.97281642484372,4.94273421534536,5.35192334927806e-06,0.000222958024166664,0.000186847850264269,"IGF1/FGFR2/MEF2C/HMOX1/FGF9/NDRG4/SMPD3/VIPR2/OGN/PPARGC1A/PDE1A/TACR1/NR4A3/GNA13/CDKN1A/BMP2/CNN1/IL10/KLF4/FGF2/TPM1/MYOCD/PDCD4/ADAMTS1/IL6R/DDR2/NPPC/HPGD/NPY5R/GPER1/NDRG2/RBPMS2/NPR1/PDGFD/S1PR1/ADIPOQ/PRKG1/ELANE/AIF1/MIR27B/ITGB3/CCL5/MIR145",43
"GO:0051279","regulation of release of sequestered calcium ion into cytosol","28/2491","80/16800",0.35,2.36049779205138,5.08918964938633,5.77468210348283e-06,0.000238839190021027,0.000200156910167671,"ATP1A2/SRI/JPH4/BDKRB1/NTSR1/PDE4D/CASQ2/FKBP1B/PTK2B/HRC/XCL1/CASQ1/SNCA/ANK2/JPH2/CACNA1C/AKAP6/JPH3/CLIC2/GPER1/CD19/SLC8A1/DHRS7C/TRDN/PLN/DMD/GSTM2/ITGB3",28
"GO:0034694","response to prostaglandin","17/2491","37/16800",0.459459459459459,3.09872297026051,5.33217067807319,6.22052754316143e-06,0.000255441520325965,0.000214070335075563,"TGFBR3/SFRP1/PTGFR/CCR7/GNAI1/HMGCS2/CCL21/AKR1C2/PRKAA2/PTGDR/SCN11A/PTGER4/CCL19/A2M/GNG2/P2RY4/AKR1C3",17
"GO:0042310","vasoconstriction","29/2491","85/16800",0.341176470588235,2.30098944435261,5.01711415013258,7.05029097124557e-06,0.000287461863785041,0.000240904679174252,"CD38/ATP1A2/CASR/ATP2B1/CAV1/ACTA2/P2RX1/TACR1/ECE1/ADRA1A/EDN3/EDN2/KCNA5/TRPM4/EDNRB/AGTR1/HTR7/ADRA2A/SVEP1/ARHGAP42/BDKRB2/SCNN1B/DRD5/ADRA1B/CYSLTR1/LEP/SLC8A1/KCNMB2/AVPR1B",29
"GO:0019395","fatty acid oxidation","34/2491","107/16800",0.317757009345794,2.14304205419885,4.94892461184881,7.13919059263506e-06,0.000289036667021542,0.000242224428039219,"PDK4/CROT/ABCC9/ABCB11/ACAT1/FMO4/ACACB/FMO2/CRAT/PHYH/PPARGC1A/CPT1A/PPARD/EHHADH/ACADL/SCP2/ACADM/ABCD3/CNR1/ACADS/SESN2/APPL2/HADHB/ACOXL/CPT2/ACOX1/FABP1/ACSM1/ACAA2/ETFDH/ABCD2/LEP/ADIPOQ/ECI2",34
"GO:0032414","positive regulation of ion transmembrane transporter activity","26/2491","73/16800",0.356164383561644,2.40207211715601,5.00894993872806,8.57842791942133e-06,0.000344142872434425,0.000288405659040449,"SLC9A1/SCN1B/AKAP7/CCR2/HSPA2/AKAP9/ATP1B2/FGF13/TRPC6/STAC2/CASQ1/STAC/ANK2/JPH2/ANK3/AKAP6/CTSS/CACNB2/STIM1/PDZK1/LRRC55/TRDN/CHP1/RELN/DMD/GSTM2",26
"GO:0055119","relaxation of cardiac muscle","11/2491","18/16800",0.611111111111111,4.12150408135956,5.52843538787951,8.62003368073704e-06,0.000344142872434425,0.000288405659040449,"ATP1A2/CHGA/PDE4D/RGS2/HRC/P2RX4/PDE5A/GSN/SLC8A1/PLN/GSTM2",11
"GO:0042311","vasodilation","20/2491","49/16800",0.408163265306122,2.7527671044331,5.12655736694486,8.94952129790745e-06,0.000352402725627876,0.000295327750400306,"CASR/ADRB1/ABCC9/NOS1/KNG1/KAT2B/RGS2/EDNRB/KCNMB1/ADRA2A/KCNMA1/GUCY1A1/F2RL1/GPER1/VSTM4/BDKRB2/ADRB2/AGTR2/PRKG1/ADRB3",20
"GO:0098815","modulation of excitatory postsynaptic potential","20/2491","49/16800",0.408163265306122,2.7527671044331,5.12655736694486,8.94952129790745e-06,0.000352402725627876,0.000295327750400306,"SLC8A3/CELF4/DMPK/CUX2/SLC8A2/PTK2B/SYNE1/IGSF11/TMEM108/NLGN4X/TMEM25/GRIA1/GRIK2/ADRB2/NLGN1/NRXN1/GRIN2A/LRRK2/RELN/NLGN3",20
"GO:0002028","regulation of sodium ion transport","27/2491","78/16800",0.346153846153846,2.334558255875,4.92906635941735,1.06580455354263e-05,0.000416823835259632,0.00034931524823234,"CNTN1/ATP1A2/NEDD4L/ATP2B4/NOS1/SLC9A1/DMPK/SCN1B/NHERF1/ATP1B2/FGF13/P2RX4/FXYD6/OSR1/SCN2B/ANK3/GPD1L/SPTBN4/SLMAP/SCN3B/ADRB2/SCN4B/PER1/NKAIN3/CHP1/DMD/FXYD1",27
"GO:2001257","regulation of cation channel activity","30/2491","91/16800",0.32967032967033,2.22338881511904,4.88240620907085,1.07578785440836e-05,0.000417885430742815,0.000350204908223831,"SRI/JPH4/SCN1B/CAV1/AKAP7/CASQ2/FKBP1B/HPCA/AHNAK/FGF13/HRC/STAC2/CASQ1/STAC/ANK2/JPH2/ANK3/AKAP6/JPH3/CLIC2/CTSS/SLMAP/CACNB2/STIM1/KCNAB1/LRRC55/TRDN/DMD/GSTM2/VAMP2",30
"GO:0002687","positive regulation of leukocyte migration","43/2491","151/16800",0.28476821192053,1.92055638709952,4.74098661924067,1.12851573550066e-05,0.000433080732355086,0.000362939186126508,"KITLG/MADCAM1/BDKRB1/MAPK3/PTN/RARRES2/CXCL12/CCL8/NEDD9/RIPOR2/THBS4/TACR1/SLAMF1/PTK2B/CCR2/NCKAP1L/EDN3/CCR7/EDN2/LGALS3/LYVE1/P2RX4/CCL21/MSTN/XCL1/JAM2/CXCL13/IL6R/F2RL1/VEGFD/JAM3/CX3CR1/P2RY12/PDGFD/CCL19/CMKLR1/CSF1R/CAMK1D/CSF1/SPN/AIF1/ITGB3/CCL5",43
"GO:0006635","fatty acid beta-oxidation","26/2491","74/16800",0.351351351351351,2.36961168314039,4.92653080369302,1.13750548940021e-05,0.000433080732355086,0.000362939186126508,"CROT/ABCB11/ACAT1/ACACB/CRAT/CPT1A/PPARD/EHHADH/ACADL/SCP2/ACADM/ABCD3/CNR1/ACADS/SESN2/HADHB/ACOXL/CPT2/ACOX1/FABP1/ACAA2/ETFDH/ABCD2/LEP/ADIPOQ/ECI2",26
"GO:0045123","cellular extravasation","26/2491","74/16800",0.351351351351351,2.36961168314039,4.92653080369302,1.13750548940021e-05,0.000433080732355086,0.000362939186126508,"ITGAL/ADD2/MADCAM1/PIK3CG/CXCL12/BST1/ST3GAL4/RIPOR2/CCR2/LYVE1/CCL21/ITGB7/TRIM55/CCL28/JAM2/JAML/JAM3/CX3CR1/PDGFD/PTGER4/FUT9/LEP/GP1BA/SPN/ELANE/CD177",26
"GO:0050806","positive regulation of synaptic transmission","45/2491","161/16800",0.279503105590062,1.88504703890528,4.70803429266953,1.20955577500707e-05,0.000457482641481293,0.000383388973837075,"TACR2/CACNG5/SCGN/SLC8A3/CA2/CACNG7/PTN/SLC1A1/LGI1/MPP2/TACR1/TNR/SLC8A2/PTK2B/ADRA1A/TSHZ3/CCR2/GRIA3/SNAP25/LARGE1/IGSF11/SNCA/GRIA1/MICU3/PINK1/PDE9A/LRRTM1/GRIK2/GPER1/FAM107A/CX3CR1/CA7/NSG1/ROR2/NLGN1/CALB2/AKAP5/NRXN1/GRIN2A/SLC18A3/SHISA7/RELN/NLGN3/PRRT1/VAMP2",45
"GO:0043266","regulation of potassium ion transport","31/2491","96/16800",0.322916666666667,2.17784022480931,4.82876082567347,1.23982054280904e-05,0.000465864594811059,0.000390413390054145,"ABCC8/FHL1/KCNG1/NEDD4L/ABCC9/NOS1/CAV1/KCNIP3/AKAP7/CASQ2/PTK2B/EDN3/AKAP9/ATP1B2/KCNA5/DPP6/ANK2/KCNMB1/ADRA2A/ANK3/AKAP6/KCNS2/KCNAB1/KCNS3/KCNG3/DPP10/KCNIP1/LRRC55/KCNIP4/FLNA/VAMP2",31
"GO:0071868","cellular response to monoamine stimulus","22/2491","58/16800",0.379310344827586,2.55817494705076,4.95964374918818,1.32039189559131e-05,0.000489737613403514,0.000410419946086346,"GNAO1/GNA11/PALM/APLP1/SLC1A1/RGS9/NHERF1/NR4A3/GNAL/HTR7/HTR3B/HTR4/HTR3A/DRD5/ALK/ADCY5/HTR3C/PRKN/HTR3E/GNG2/LRRK2/FLNA",22
"GO:0071870","cellular response to catecholamine stimulus","22/2491","58/16800",0.379310344827586,2.55817494705076,4.95964374918818,1.32039189559131e-05,0.000489737613403514,0.000410419946086346,"GNAO1/GNA11/PALM/APLP1/SLC1A1/RGS9/NHERF1/NR4A3/GNAL/HTR7/HTR3B/HTR4/HTR3A/DRD5/ALK/ADCY5/HTR3C/PRKN/HTR3E/GNG2/LRRK2/FLNA",22
"GO:0006805","xenobiotic metabolic process","36/2491","119/16800",0.302521008403361,2.04028620681512,4.75159281217475,1.34111079051212e-05,0.000494233713759884,0.000414187860200674,"CYP26B1/ACSM2B/ABCB11/FMO4/ABCB1/NOS1/FMO2/CYP2C18/BCHE/FMO5/GSTM1/SLC28A2/CYP2C8/AOX1/GLYAT/NAT2/CYP3A4/CMBL/ACSM1/NAT1/CES3/CES2/SULT1B1/CYP4F12/SULT1A1/UGT2B15/SULT1A2/UGT2B17/GSTM2/UGT2B11/UGT1A9/UGT1A1/UGT1A8/UGT1A10/GSTA1/GSTA2",36
"GO:0035589","G protein-coupled purinergic nucleotide receptor signaling pathway","9/2491","13/16800",0.692307692307692,4.66911651174999,5.52167156527734,1.38403195275093e-05,0.000506802528430897,0.000424721035718471,"P2RY12/P2RY1/GPR34/P2RY14/GPR171/P2RY2/P2RY13/P2RY8/P2RY4",9
"GO:0007218","neuropeptide signaling pathway","32/2491","101/16800",0.316831683168317,2.13680139591639,4.78105775199927,1.40371643238668e-05,0.000510757327201964,0.000428035317190796,"TENM1/NTSR1/SORCS1/PPY/OPRM1/ECRG4/NPY/PYY/SSTR4/SSTR1/ADCYAP1/NXPH2/MCHR2/CYSLTR2/SORCS3/NPY1R/NPY5R/CARTPT/GALR1/PNOC/PROKR1/NMUR1/CYSLTR1/GPR171/SSTR2/PENK/NXPH3/PTGDR2/NPY2R/NPY4R/NPY4R2/SSTR3",32
"GO:0008277","regulation of G protein-coupled receptor signaling pathway","43/2491","153/16800",0.281045751633987,1.89545107484985,4.6424103384678,1.61318457855608e-05,0.000583282902020056,0.000488814684942149,"ATP2B4/CAMK2A/MGLL/NOS1/PALM/CHGA/SYP/NECAB2/APLP1/PDE4D/RGS2/PADI2/PHF24/RGS13/TMOD2/SSTR4/ARRB1/SLC24A4/ADCYAP1/RGS5/SLIT2/SNCA/RGS18/ABHD6/GPER1/TUB/ADRB2/GPR27/ALK/PDE3A/GNG7/KCTD12/NRXN1/PTGDR2/KCTD8/CNTN2/SLIT3/PDE6G/PDE2A/LRRK2/GPRASP1/ITGB3/CCL5",43
"GO:0003254","regulation of membrane depolarization","19/2491","47/16800",0.404255319148936,2.72641082364598,4.94505039478934,1.76132982218214e-05,0.000632867821732819,0.000530368855008397,"DCN/FHL1/MYOC/NEDD4L/NTSR1/SMAD7/SCN1B/CLCN2/TRPM4/HCN4/SCN2B/ANK3/GPD1L/SLMAP/SCN3B/B2M/BCL2/LRRK2/MLLT11",19
"GO:0042886","amide transport","76/2491","322/16800",0.236024844720497,1.59181749952001,4.47391188492767,1.77478724381405e-05,0.000633742351843911,0.000531101746645106,"CD38/ABCC8/TFAP2B/NR1H4/CASR/NNAT/PTPRN/TACR2/SRI/SLC46A1/ABCB1/GNAO1/GNA11/SLC15A1/CD209/CHGA/SMPD3/AQP8/CA2/SFRP1/CLEC4M/NHERF1/CWH43/CPT1A/GCG/CNR1/ABCG2/ECRG4/FKBP1B/ACVR1C/EDN3/FFAR1/GNAZ/KCNA5/TRPM4/SNAP25/SLC14A2/BLK/GLTP/ADCYAP1/EPHA5/CRHBP/VIP/GPR119/SIDT2/ADRA2A/ITPR1/TIAM1/KCNB1/NEUROD1/SLC15A2/F2RL1/CARTPT/SLC30A8/GPER1/AQP7/FOLR2/PRKCB/MC4R/GPR27/ADCY5/LEP/UCN3/SLC25A42/MAFA/C1QTNF12/EFNA5/RFX6/PRKN/FFAR4/FAM3D/POU3F3/AQP1/TUNAR/AQP7B/CCL5",76
"GO:0007215","glutamate receptor signaling pathway","21/2491","55/16800",0.381818181818182,2.57508850041969,4.88166155514913,1.83540863549554e-05,0.000650822199456849,0.000545415350388442,"MEF2C/NECAB2/GRIK5/SLC1A1/GRIA2/PTK2B/PLP1/GRIA3/SSTR1/GRIA4/GRIA1/KCNB1/GRIK3/GRIK2/ADRB2/GRIK1/NRXN1/GRIN2A/NLGN3/GRIN3A/FRRS1L",21
"GO:0010038","response to metal ion","78/2491","333/16800",0.234234234234234,1.57974112209359,4.45833725243557,1.8452603672198e-05,0.000650822199456849,0.000545415350388442,"ABCC8/SLC13A2/ATP1A2/OTC/CASR/RASGRP2/ABCC9/MAOB/CYBRD1/MEF2C/HMOX1/SMPD3/SLC30A4/NDRG1/CAV1/SLC1A1/KCNA1/CASQ2/PTK2B/HPCA/HVCN1/CPNE5/MT1G/MT2A/SLC25A23/FOSB/HMGCS2/P2RX4/ITPKA/CPNE8/KCNH1/CNGA3/SNCA/CRHBP/KCNMB1/DLG2/ANK3/BMP6/GRIA1/MICU3/KCNMA1/KIT/KCNB1/PRKAA2/SLC30A8/SMPD1/B2M/CHP2/STIM1/TUBA1A/MT1E/NLGN1/FABP4/CD14/NPTX1/KCNK3/BCL2/BSG/NRXN1/PENK/PRKN/MAPT/MT1X/LRRK2/AKR1C3/RYR1/CPNE4/CACNA1H/SLC30A10/KCNMB2/PLCG2/MT1F/TAT/RYR3/MT1H/MT1M/AQP1/TXNIP",78
"GO:0042445","hormone metabolic process","59/2491","234/16800",0.252136752136752,1.7004807048966,4.50214226254389,1.97216102487644e-05,0.000691338642196014,0.000579369769631544,"CYP26B1/HSD17B6/RETSAT/DHRS9/HSD17B2/CMA1/PCSK5/CTSG/CPQ/CYP2C18/BMP5/MEP1A/GHR/NR3C1/BCHE/CLCN2/TPO/SCP2/ECE1/LRAT/CHST8/BMP2/PCSK2/PDGFRA/UGT2A3/RDH5/EDNRB/CYP2C8/SLCO1C1/CYP11A1/AKR1C2/BMP6/CHST9/CYP3A4/SLC30A8/ALDH1A1/SCNN1B/ADH6/SULT1B1/LEP/GCNT4/ADH1A/AKR1C3/SULT1A1/CACNA1H/ADH1B/UGT2B15/UGT2B17/AKR1B10/HSD17B11/PAPSS2/HSD3B2/UGT2B11/AKR1B15/UGT1A9/UGT1A1/UGT1A8/ADH1C/DHRS11",59
"GO:0090066","regulation of anatomical structure size","108/2491","498/16800",0.216867469879518,1.46261481090964,4.37257932366699,2.04070067116503e-05,0.00071102958536532,0.000595871577156131,"CD38/SCIN/TENM1/SEMA3G/WAS/ATP1A2/CASR/ADRB1/LIMA1/NTN1/ABCC9/ATP2B1/CDHR2/ADD2/PAK3/MAP2/SCTR/ARHGAP28/NOS1/CDHR5/CAV1/CXCL12/ACTA2/P2RX1/RND2/NHERF1/CRACD/KNG1/KAT2B/TACR1/TNR/RGS2/ECE1/PLS1/PTK2B/ADRA1A/NCKAP1L/EDN3/CCR7/EDN2/TMOD2/FGF13/KCNA5/TRPM4/OLFM1/MAP1B/KANK4/SPART/EPHA7/VILL/EDNRB/TMOD1/CCL21/SEMA6D/AGTR1/SLIT2/KCNMB1/DAAM2/GSN/HTR7/ADRA2A/KCNMA1/SPTBN4/NPPC/LMOD1/GUCY1A1/F2RL1/GPER1/SVEP1/CFL2/VSTM4/ARHGAP42/PEX11A/RILP/BDKRB2/SCNN1B/ADRB2/NPR1/DRD5/P2RY1/ADRA1B/AQP4/CCL11/WASHC2C/CYSLTR1/LEP/P2RY2/AQP11/HCLS1/AGTR2/RGMA/SLC8A1/CNTN2/EFNA5/PRKG1/MAPT/ADRB3/LRRK2/UTS2B/KANK2/SVIL/KCNMB2/CYRIA/AVPR1B/L1CAM/AQP1/HBB/NEFL",108
"GO:0070372","regulation of ERK1 and ERK2 cascade","67/2491","276/16800",0.242753623188406,1.63719826156773,4.45343858045423,2.12036505999126e-05,0.000734336068065648,0.00061540335317565,"CD4/IGF1/CASR/ROS1/LMO3/FGFR2/FGF10/RPS6KA6/PDE8A/FERMT2/FBLN1/CEACAM1/SEMA6A/MAPK3/NDRG4/NECAB2/ACTA2/NHERF1/GCNT2/OPRM1/GCG/RAP1A/SLAMF1/TEK/PTK2B/ADRA1A/GLIPR2/BMP2/CCR7/PLA2G5/AKAP12/SSTR4/DUSP26/PDGFRA/CD36/EPHA7/GPR55/CCL21/ARRB1/FGF2/ADCYAP1/TNFRSF11A/PTPRR/ANGPT1/TIAM1/NRG1/SCIMP/HAND2/NPY5R/F2RL1/GPER1/NDRG2/P2RY1/PDGFD/CCL19/ERBB4/NRXN1/ADIPOQ/CSF1R/TNFAIP8L3/FFAR4/PLA2G2A/ALKAL2/SLC30A10/MIR27B/ITGB3/MIR145",67
"GO:0035249","synaptic transmission, glutamatergic","33/2491","108/16800",0.305555555555556,2.06075204067978,4.61419030809862,2.40618761599622e-05,0.000828333688883969,0.000694177164728314,"ABCC8/ATP1A2/CACNG5/MEF2C/SLC17A7/CACNG7/GRIK5/P2RX1/NR3C1/TNR/CNR1/GRIA2/PTK2B/TSHZ3/CCR2/GRIA3/UNC13C/GRIA4/GRIA1/GRIK3/GRIK2/ROR2/NLGN1/GRIK1/SLC17A8/NRXN1/GRIN2A/PRKN/LRRK2/RELN/NLGN3/GRIN3A/FRRS1L",33
"GO:0006959","humoral immune response","66/2491","272/16800",0.242647058823529,1.6364795617163,4.41552857147718,2.47063355793536e-05,0.000845456685986332,0.000708526929490611,"CFH/LTF/POU2F2/C6/MEF2C/FCN1/CTSG/FCER2/EBI3/RARRES2/CXCL12/CCL8/BST1/POU2AF1/C7/KNG1/CR2/COLEC11/CLU/CCR2/NPY/CCR7/CFP/MASP1/LGALS3/JCHAIN/SPINK5/CCL21/XCL1/XCL2/TSLP/VIP/CCL28/VSIG4/CXCL13/MS4A1/C1QC/FCN2/FCMR/CAMP/LEAP2/DEFB1/SVEP1/B2M/KRT1/LGALS4/BCL2/CCL11/CCL19/C1QB/C1QA/A2M/CCL13/ELANE/CFD/CR1/IGHA2/IGHE/IGHA1/IGHM/IGKV3-20/CCL5/CCL23/CCL16/CCL15/CCL14",66
"GO:0010882","regulation of cardiac muscle contraction by calcium ion signaling","13/2491","26/16800",0.5,3.37213970293055,5.05047881884229,2.51982188248255e-05,0.000855324234237233,0.00071679633439295,"ATP1A2/NOS1/SLC9A1/CASQ2/FKBP1B/HRC/ANK2/CACNA1C/CLIC2/SLC8A1/PLN/DMD/GSTM2",13
"GO:0019933","cAMP-mediated signaling","21/2491","56/16800",0.375,2.52910477719791,4.78217635656298,2.52922455766793e-05,0.000855324234237233,0.00071679633439295,"PDE8A/ADCY2/ADCYAP1R1/RASD2/OPRM1/CAP2/PDE4D/PDE1A/PDE1B/GNAI1/PDE6A/PDE6B/PDE5A/ADCYAP1/EPHA5/PDE1C/PDE9A/PDE7B/PDE3A/PDE2A/LPAR1",21
"GO:0086009","membrane repolarization","20/2491","52/16800",0.384615384615385,2.59395361763888,4.8030799128465,2.54915385820447e-05,0.000857022545661843,0.000718219588119537,"ATP1A2/NEDD4L/NOS1/SCN1B/CAV1/KCNA1/AKAP7/CASQ2/AKAP9/ATP1B2/KCNA5/SLC24A4/ANK2/SCN2B/AKAP6/CACNA2D1/KCND3/SCN4B/KCNIP1/FLNA",20
"GO:0006066","alcohol metabolic process","80/2491","348/16800",0.229885057471264,1.55040905881864,4.32902188724589,2.94603142777223e-05,0.00096969747365348,0.000812645739197111,"NR1H4/IGF1/HSD17B6/RETSAT/LIMA1/PLPP1/DHRS9/FGFR1/ADCYAP1R1/ACO2/NTSR1/GDPD3/AQP8/CYP2C18/LPCAT3/PPARD/BMP5/CLCN2/ACADL/SCP2/LEPR/DHDDS/EPHX2/LRAT/CD244/NUDT10/PCK1/BMP2/GNAI1/ACSS2/FMO5/IMPA1/HMGCS2/RDH5/CYP27A1/EDNRB/ITPKA/CYP2C8/PRKG2/NAAA/CYP11A1/OSBPL1A/SNCA/VLDLR/AKR1C2/BMP6/ABCA5/PTH1R/CYP3A4/IP6K3/PLPP3/PRKAA2/GPER1/ALDH1A1/LIPC/SMPD1/MOGAT2/ACAA2/SCNN1B/P2RY1/SPTLC3/ADH6/SULT1B1/LEP/HSD11B2/APOBR/INPP5J/PRKG1/ADH1A/AKR1C3/NUDT11/SULT1A1/CACNA1H/ADH1B/SULT1A2/PLCG2/AVPR1B/AKR1B10/AKR1B15/ADH1C",80
"GO:0002688","regulation of leukocyte chemotaxis","36/2491","123/16800",0.292682926829268,1.97393543586179,4.52321983811163,2.97880838228711e-05,0.00096969747365348,0.000812645739197111,"STAP1/MAPK3/PTN/RARRES2/CXCL12/BST1/NEDD9/RIPOR2/THBS4/SLAMF1/PADI2/DUSP1/PTK2B/CCR2/NCKAP1L/EDN3/CCR7/EDN2/CCL21/MSTN/XCL1/SLIT2/CXCL13/IL6R/F2RL1/VEGFD/JAM3/CX3CR1/CCL19/CMKLR1/CSF1R/CAMK1D/CSF1/AIF1/MMP28/CCL5",36
"GO:0014902","myotube differentiation","36/2491","123/16800",0.292682926829268,1.97393543586179,4.52321983811163,2.97880838228711e-05,0.00096969747365348,0.000812645739197111,"CYP26B1/IGF1/PLEKHO1/EHD2/BARX2/HDAC9/CDON/NEO1/MEF2C/NOS1/DMPK/CNTNAP1/RIPOR2/RBM24/SMYD1/BHLHE41/WNT1/LARGE1/DOCK2/ADGRB3/MYOCD/KCNH1/JAM2/RCAN1/PLPP7/CAPN2/MYORG/B4GALNT2/BCL2/BHLHA15/ADGRB1/TBX1/P2RX2/DNER/RYR1/CACNA1H",36
"GO:0001990","regulation of systemic arterial blood pressure by hormone","16/2491","37/16800",0.432432432432432,2.91644514848048,4.86906217336288,2.98248712891637e-05,0.00096969747365348,0.000812645739197111,"CMA1/PCSK5/CTSG/TACR1/ECE1/EDN3/EDN2/EDNRB/AGTR1/CPA3/F2RL1/OR51E2/DRD5/HSD11B2/AGTR2/AVPR1B",16
"GO:0019228","neuronal action potential","16/2491","37/16800",0.432432432432432,2.91644514848048,4.86906217336288,2.98248712891637e-05,0.00096969747365348,0.000812645739197111,"KCNK2/P2RX1/KCNA1/CHRNB4/P2RX4/CHRNA1/ANK3/GRIA1/GRIK2/GPER1/SCN11A/SCN9A/SCN4B/KCNA2/GPR88/KCNMB2",16
"GO:1904427","positive regulation of calcium ion transmembrane transport","27/2491","82/16800",0.329268292682927,2.22067736534451,4.62316713715569,2.99074855318677e-05,0.00096969747365348,0.000812645739197111,"SRI/ADCYAP1R1/SLC9A1/BDKRB1/NTSR1/CAV1/P2RX1/PLP1/HSPA2/P2RX4/STAC2/XCL1/CASQ1/STAC/SNCA/ANK2/JPH2/AKAP6/MS4A1/GPER1/CACNB2/STIM1/CD19/AKAP5/TRDN/P2RX2/GSTM2",27
"GO:1904706","negative regulation of vascular associated smooth muscle cell proliferation","12/2491","23/16800",0.521739130434783,3.51875447262318,5.04332014237415,3.00236824335223e-05,0.00096969747365348,0.000812645739197111,"MEF2C/GNA13/CDKN1A/CNN1/IL10/TPM1/MYOCD/PDCD4/GPER1/NDRG2/ADIPOQ/PRKG1",12
"GO:0045055","regulated exocytosis","57/2491","227/16800",0.251101321585903,1.69349747195631,4.38915767538014,3.07008583863983e-05,0.000986029245046948,0.000826332424784152,"SCIN/BTK/RAB27A/CEACAM1/RPH3A/SYNGR1/CHGA/RIMS4/SYP/GATA1/FOXF1/GRIK5/PIK3CG/P2RX1/SYT10/RAP1A/RIMS3/CD160/NR4A3/CCR2/NCKAP1L/TPH1/SYT5/SNAP25/SYT11/SYT4/SYT6/UNC13C/SNCA/CRHBP/ADRA2A/SYN2/KIT/TSPAN18/KCNB1/F2RL1/SLC18A2/PRKCB/PTGDR/SCN11A/NLGN1/P2RY1/SYT9/CDK5R2/FCER1A/MRGPRX2/SV2B/P2RY4/GPR15LG/LRRK2/SCAMP5/SYT15/CD177/IGHE/VAMP2/RAB44/KLRF2",57
"GO:0006956","complement activation","23/2491","65/16800",0.353846153846154,2.38643732822777,4.67270108298118,3.15198591075386e-05,0.00100114734811735,0.000839002007183508,"CFH/C6/FCN1/C7/CR2/COLEC11/CLU/CFP/MASP1/VSIG4/C1QC/FCN2/SVEP1/KRT1/C1QB/C1QA/A2M/CFD/CR1/IGHA2/IGHE/IGHA1/IGHM",23
"GO:0019229","regulation of vasoconstriction","23/2491","65/16800",0.353846153846154,2.38643732822777,4.67270108298118,3.15198591075386e-05,0.00100114734811735,0.000839002007183508,"CD38/ATP1A2/CASR/ATP2B1/CAV1/P2RX1/TACR1/ECE1/ADRA1A/EDN3/EDN2/KCNA5/TRPM4/AGTR1/ADRA2A/SVEP1/ARHGAP42/BDKRB2/ADRA1B/CYSLTR1/LEP/KCNMB2/AVPR1B",23
"GO:0034440","lipid oxidation","34/2491","114/16800",0.298245614035088,2.01145175262524,4.52111354582778,3.19611492949872e-05,0.00100958597415869,0.000846073917427162,"PDK4/CROT/ABCC9/ABCB11/ACAT1/FMO4/ACACB/FMO2/CRAT/PHYH/PPARGC1A/CPT1A/PPARD/EHHADH/ACADL/SCP2/ACADM/ABCD3/CNR1/ACADS/SESN2/APPL2/HADHB/ACOXL/CPT2/ACOX1/FABP1/ACSM1/ACAA2/ETFDH/ABCD2/LEP/ADIPOQ/ECI2",34
"GO:0006836","neurotransmitter transport","53/2491","207/16800",0.256038647342995,1.7267961763799,4.38994710049322,3.25829207311783e-05,0.00102360224745106,0.000857820121867145,"ABCC8/ATP1A2/GPM6B/CHAT/CAMK2A/TACR2/CHRNA3/MEF2C/RPH3A/NOS1/RIMS4/SLC32A1/SYP/SLC6A2/SLC17A7/GRIK5/SLC1A1/P2RX1/NRXN2/SLC5A7/RAP1A/RIMS3/CHRNB4/SYT5/SLC6A8/SNAP25/SYT11/SYT4/UNC13C/SLC28A2/SNCA/MICU3/SYN2/SLC6A18/GPER1/SLC18A2/PRKCB/GDNF/NLGN1/P2RY1/SYT9/SNCG/SLC17A8/NRXN1/PRKN/SV2B/P2RY4/SLC18A3/LRRK2/SLC6A9/SLC22A4/VAMP2/ITGB3",53
"GO:0071867","response to monoamine","22/2491","61/16800",0.360655737704918,2.43236306440892,4.676029187731,3.31915430054345e-05,0.00103144962561213,0.00086439654245163,"GNAO1/GNA11/PALM/APLP1/SLC1A1/RGS9/NHERF1/NR4A3/GNAL/HTR7/HTR3B/HTR4/HTR3A/DRD5/ALK/ADCY5/HTR3C/PRKN/HTR3E/GNG2/LRRK2/FLNA",22
"GO:0071869","response to catecholamine","22/2491","61/16800",0.360655737704918,2.43236306440892,4.676029187731,3.31915430054345e-05,0.00103144962561213,0.00086439654245163,"GNAO1/GNA11/PALM/APLP1/SLC1A1/RGS9/NHERF1/NR4A3/GNAL/HTR7/HTR3B/HTR4/HTR3A/DRD5/ALK/ADCY5/HTR3C/PRKN/HTR3E/GNG2/LRRK2/FLNA",22
"GO:0048266","behavioral response to pain","11/2491","20/16800",0.55,3.7093536732236,5.05834745142946,3.40975587868604e-05,0.00104827200783776,0.000878494379777427,"ADAM11/THBS4/TACR1/P2RX4/SCN3A/GRIA1/CAPN2/SCN11A/SCN9A/P2RX2/PIRT",11
"GO:0060314","regulation of ryanodine-sensitive calcium-release channel activity","11/2491","20/16800",0.55,3.7093536732236,5.05834745142946,3.40975587868604e-05,0.00104827200783776,0.000878494379777427,"SRI/JPH4/CASQ2/FKBP1B/HRC/JPH2/JPH3/CLIC2/TRDN/DMD/GSTM2",11
"GO:0033555","multicellular organismal response to stress","30/2491","96/16800",0.3125,2.10758731433159,4.54074680232894,3.45459560223043e-05,0.00105640798495866,0.000885312657973611,"ATP1A2/ADRB1/ADAM11/ADCYAP1R1/MEF2C/NOS1/SLC6A2/TRPA1/SLC1A1/THBS4/MORC1/TACR1/LARGE1/HMGCS2/P2RX4/EDNRB/ADRA2A/SCN3A/GRIA1/CAPN2/GRIK2/TMEM74/SCN11A/SCN9A/BCL2/GNG7/PENK/P2RX2/RELN/PIRT",30
"GO:0031346","positive regulation of cell projection organization","81/2491","355/16800",0.228169014084507,1.53883558274577,4.28131755688074,3.4870760609737e-05,0.00106069842722422,0.000888908222282184,"TENM1/CNTN1/MUSK/LRRC7/EPHA3/LTK/NTN1/PLXNA2/FGFR1/PALM/ZDHHC15/NDRG4/STMN2/SCN1B/PTN/WASL/CXCL12/NEURL1/RND2/CUX2/NEDD9/RIPOR2/BMP5/KAT2B/RAP1A/RGS2/PLPPR5/CNR1/FKBP1B/PTK2B/PACSIN1/WNT1/CCR7/ATP1B2/MAP1B/ATP8A2/DZIP1/ENPP2/CCL21/TUBB2B/ITPKA/PLCE1/MSTN/NTRK3/SLIT2/VLDLR/FEZ1/GPM6A/CHODL/PROM2/TIAM1/KIT/ELAVL4/DDR2/F2RL1/APBB1/ROR2/IL1RAPL1/P2RY12/NLGN1/ZNF804A/ALK/MAP6/NEGR1/FUT9/CCL19/NDNF/SLITRK1/RGMA/CAMK1D/EFNA5/ROR1/MAPT/MAGI2/RELN/ALKAL2/FLNA/TOX/L1CAM/DMD/NEFL",81
"GO:0071675","regulation of mononuclear cell migration","40/2491","143/16800",0.27972027972028,1.88651172191919,4.44199479460884,3.53020265258138e-05,0.00106816500261528,0.000895165514729362,"STAP1/MADCAM1/MAPK3/WASL/RARRES2/CXCL12/CD69/NEDD9/ADTRP/RIPOR2/BMP5/SLAMF1/PADI2/DUSP1/PTK2B/CCR2/CCR7/LGALS3/P2RX4/CCL21/MSTN/XCL1/SLIT2/JAM2/CXCL13/CD200R1/JAM3/CX3CR1/GCSAML/P2RY12/PDGFD/CMKLR1/CSF1R/CSF1/GPR15LG/SPN/AIF1/ITGB3/MMP28/CCL5",40
"GO:0033002","muscle cell proliferation","54/2491","213/16800",0.253521126760563,1.70981731416197,4.34987127357953,3.70005429012979e-05,0.00111369696931708,0.000933323146096669,"IGF1/FGFR2/TGFBR3/FGFR1/MEF2C/KCNK2/HMOX1/FGF9/NDRG4/SMPD3/VIPR2/OGN/PPARGC1A/PPARD/PDE1A/TACR1/NR4A3/GNA13/CDKN1A/BMP2/CNN1/IL10/KLF4/MSTN/FGF2/TPM1/MYOCD/MEGF10/PDCD4/ANGPT1/ADAMTS1/NRG1/IL6R/DDR2/NPPC/HPGD/NPY5R/CITED2/GPER1/NDRG2/RBPMS2/NPR1/ZFPM2/PDGFD/S1PR1/ERBB4/ADIPOQ/PRKG1/ELANE/AIF1/MIR27B/ITGB3/CCL5/MIR145",54
"GO:0045664","regulation of neuron differentiation","49/2491","188/16800",0.26063829787234,1.75781750471912,4.35969927278341,3.88620259339202e-05,0.00116189178788596,0.000973712355128859,"LTK/CDON/FGFR1/MEF2C/SFRP1/GLI3/CXCL12/PHOX2B/SOCS2/NKX2-2/BMP2/GDF5/RNF112/MAP1B/NGF/EDNRB/MMD2/FGF2/ASCL1/SH3GL3/MEIS1/CNTN4/SFRP2/ZEB1/DIXDC1/BMP6/TIAM1/GDF6/S100B/BRINP3/LMX1A/NEUROD1/B2M/NLGN1/GPR37L1/ALK/BCL2/ATOH1/PCP4/CNTN2/PBX1/NAP1L2/VWC2/LRRK2/RELN/ZNF536/BRINP2/DMD/TUNAR",49
"GO:0051896","regulation of phosphatidylinositol 3-kinase/protein kinase B signal transduction","63/2491","260/16800",0.242307692307692,1.6341907791125,4.29994382180701,3.90882361517581e-05,0.00116189178788596,0.000973712355128859,"DCN/IGF1/MUSK/MYOC/LTK/FERMT2/FGFR1/CEACAM1/RASD2/PPP1R16B/SMPD3/PIK3CG/PIP5K1B/UNC5B/NHERF1/GCNT2/PPARD/SFRP5/TEK/PTK2B/FLT3/CCR7/SESN2/PDGFRA/P2RX4/PRR5L/CCL21/MSTN/FGF2/NTRK3/AKR1C2/BANK1/ANGPT1/KIT/XDH/PINK1/DDR2/F2RL1/GPER1/MYORG/TMEM100/AXL/CX3CR1/ROR2/P2RY12/SEMA3E/PDGFD/MTM1/CCL19/LEP/CD19/ERBB4/NRXN1/HCLS1/TSPYL5/CSF1R/C1QTNF12/ROR1/MAGI2/RELN/AKR1C3/CCL5/MIR145",63
"GO:0007200","phospholipase C-activating G protein-coupled receptor signaling pathway","38/2491","134/16800",0.283582089552239,1.91255684643822,4.42507438101638,3.94101406571163e-05,0.00116189178788596,0.000973712355128859,"CASR/PLPP1/GNA11/CHGA/PIK3CG/NHERF1/OPRM1/TACR1/ADRA1A/FFAR1/GNG13/GPR55/EDNRB/PLCE1/AGTR1/ADRA2A/ITPR1/PTH1R/CCKAR/PRKCB/CX3CR1/P2RY12/DRD5/P2RY1/ADRA1B/GPR27/S1PR1/NMUR1/RASGRP4/GAP43/CMKLR1/P2RY2/NRXN1/CHRM2/FFAR4/P2RY4/AVPR1B/LPAR1",38
"GO:0046683","response to organophosphorus","38/2491","134/16800",0.283582089552239,1.91255684643822,4.42507438101638,3.94101406571163e-05,0.00116189178788596,0.000973712355128859,"ABCC9/SLC26A3/GATA1/AQP8/PIK3CG/P2RX1/PDE4D/RAP1A/AKAP7/TEK/PTK2B/PCK1/FOSB/AKAP9/CDO1/TRPM4/HMGCS2/P2RX4/HCN4/CNGA3/CRHBP/AKAP6/P2RY12/P2RY1/BSG/PDE3A/P2RY2/PER1/ADIPOQ/PENK/PDE2A/P2RY4/P2RX2/TLR7/ENPP1/LPAR1/RYR3/AQP1",38
"GO:0050901","leukocyte tethering or rolling","15/2491","34/16800",0.441176470588235,2.97541738493872,4.81069181839487,3.96602360727016e-05,0.00116329947541817,0.000974892054268287,"ADD2/MADCAM1/CXCL12/ST3GAL4/CCR2/CCL21/ITGB7/CCL28/JAM2/CX3CR1/FUT9/LEP/GP1BA/SPN/ELANE",15
"GO:0015850","organic hydroxy compound transport","65/2491","271/16800",0.239852398523985,1.6176315918117,4.27675916371128,4.15032258129904e-05,0.00121117789441057,0.00101501610764658,"GPM6B/MAOB/PLA2G10/ABCB11/ACACB/CEACAM1/ATP8B1/NOS1/CHGA/CHRNA4/SLC6A2/CAV1/CXCL12/P2RX1/SCP2/ABCD3/STX12/CNR1/ECRG4/VPS4B/FLVCR2/CLU/SLC10A2/SYT11/SYT4/CD36/SLCO1C1/ABCA8/OSBPL1A/AGTR1/SLC10A4/SNCA/VIP/ADRA2A/SLC2A13/BMP6/ABCA5/KCNB1/PINK1/SLC5A11/SLC51A/CARTPT/AQP7/SLC18A2/LIPC/PRKCB/GALR1/GDNF/P2RY1/SNCG/KCNA2/GRAMD1C/AQP11/ADIPOQ/PRKN/SLC51B/RXRA/SLC18A3/SDHD/MIR27B/AQP1/ITGB3/AQP7B/MIR145/ADORA3",65
"GO:0032958","inositol phosphate biosynthetic process","13/2491","27/16800",0.481481481481481,3.24724563985905,4.87585735897921,4.20096772096607e-05,0.00121595672266322,0.00101902095918367,"ADCYAP1R1/NTSR1/SCP2/CD244/ITPKA/SNCA/PTH1R/IP6K3/GPER1/P2RY1/PRKG1/PLCG2/AVPR1B",13
"GO:1901379","regulation of potassium ion transmembrane transport","26/2491","79/16800",0.329113924050633,2.21963626015682,4.53353201278395,4.20899961401949e-05,0.00121595672266322,0.00101902095918367,"FHL1/KCNG1/NEDD4L/ABCC9/CAV1/KCNIP3/AKAP7/CASQ2/EDN3/AKAP9/ATP1B2/DPP6/ANK2/KCNMB1/ANK3/AKAP6/KCNS2/KCNAB1/KCNS3/KCNG3/DPP10/KCNIP1/LRRC55/KCNIP4/FLNA/VAMP2",26
"GO:0014074","response to purine-containing compound","41/2491","149/16800",0.275167785234899,1.85580842711614,4.37797693735649,4.29761887098228e-05,0.00123535054446386,0.00103527376697294,"ABCC9/SLC26A3/GATA1/AQP8/PIK3CG/P2RX1/PDE4D/RAP1A/AKAP7/CASQ2/TEK/PTK2B/PCK1/FOSB/AKAP9/CDO1/TRPM4/HMGCS2/P2RX4/HCN4/CNGA3/CRHBP/AKAP6/P2RY12/P2RY1/BSG/PDE3A/P2RY2/PER1/ADIPOQ/PENK/SLC8A1/PDE2A/P2RY4/P2RX2/RYR1/TLR7/ENPP1/RYR3/GSTM2/AQP1",41
"GO:0044242","cellular lipid catabolic process","57/2491","230/16800",0.247826086956522,1.67140837449601,4.27772985430292,4.5760534228239e-05,0.00130884234466739,0.00109686287071301,"CYP26B1/CROT/ABHD5/PLPP1/PLA2G10/ABCB11/MGLL/ACAT1/PLD1/ACACB/CRAT/GDPD3/SMPD3/PIK3CG/PHYH/CPT1A/ADTRP/PPARD/EHHADH/ACADL/SCP2/ACADM/ABCD3/PRDX6/CNR1/ACADS/PCK1/PLA2G5/PNPLA7/SESN2/ENPP2/HADHB/ACOXL/CPT2/ABHD3/ACOX1/PLPP3/FABP1/ABHD6/ENPP6/LIPC/SMPD1/ACAA2/ETFDH/ABCD2/LEP/FUCA1/ADIPOQ/CYP4F12/AKR1C3/PLCG2/AKR1B10/ECI2/NEU4/GBA3/PNLIPRP2/GPIHBP1",57
"GO:1901654","response to ketone","55/2491","220/16800",0.25,1.68606985146527,4.27377200045151,4.77462541290247e-05,0.00135887730191962,0.00113879419045621,"CD38/MAOB/TGFBR3/ADCY2/SOX10/SFRP1/MAP4K1/CAV1/GHR/NR3C1/TACR1/SGK1/KLF9/HPCA/PTGFR/PCK1/CDKN1A/FOSB/NKX2-2/CCR7/CSN1S1/GNAI1/HMGCS2/KLF4/CCL21/MSTN/SLIT2/AKR1C2/FBXO32/NCF1/CDA/HOXB13/PRKAA2/SCNN1G/PTGDR/SCN11A/SCNN1B/UGT3A2/AR/PTGER4/CCL19/ADCY5/NPAS4/A2M/UCN3/SLIT3/EFNA5/GNG2/P2RY4/AKR1C3/TAT/AQP1/TXNIP/NCOA4/NEFL",55
"GO:0051588","regulation of neurotransmitter transport","30/2491","98/16800",0.306122448979592,2.06457532832483,4.40990396886135,5.32866149048939e-05,0.00150908743393219,0.00126467636204148,"ATP1A2/GPM6B/CAMK2A/TACR2/CHRNA3/MEF2C/NOS1/RIMS4/P2RX1/RAP1A/RIMS3/CHRNB4/SYT5/SYT11/SYT4/SNCA/MICU3/GPER1/PRKCB/GDNF/NLGN1/P2RY1/SNCG/SLC17A8/PRKN/SV2B/P2RY4/SLC18A3/LRRK2/ITGB3",30
"GO:0010765","positive regulation of sodium ion transport","15/2491","35/16800",0.428571428571429,2.89040545965476,4.67101372266508,5.99314114589326e-05,0.00168071065598733,0.00140850356994883,"CNTN1/NOS1/SLC9A1/SCN1B/ATP1B2/FGF13/FXYD6/SCN2B/ANK3/GPD1L/SCN3B/SCN4B/CHP1/DMD/FXYD1",15
"GO:0050931","pigment cell differentiation","15/2491","35/16800",0.428571428571429,2.89040545965476,4.67101372266508,5.99314114589326e-05,0.00168071065598733,0.00140850356994883,"KITLG/RAB27A/MEF2C/GNA11/SOX10/GLI3/TYRP1/EDN3/EDNRB/ADAMTSL4/KIT/OR51E2/ZEB2/BCL2/ENPP1",15
"GO:0002690","positive regulation of leukocyte chemotaxis","29/2491","94/16800",0.308510638297872,2.0806819443614,4.38378777020212,6.02503764712305e-05,0.00168145346763643,0.00140912607618202,"MAPK3/PTN/RARRES2/CXCL12/NEDD9/RIPOR2/THBS4/SLAMF1/PTK2B/CCR2/NCKAP1L/EDN3/CCR7/EDN2/CCL21/MSTN/XCL1/CXCL13/IL6R/F2RL1/VEGFD/CX3CR1/CCL19/CMKLR1/CSF1R/CAMK1D/CSF1/AIF1/CCL5",29
"GO:0007517","muscle organ development","80/2491","355/16800",0.225352112676056,1.51983761258842,4.13036920494505,6.10223820465855e-05,0.00169477137384454,0.00142028702073339,"CYP26B1/IGF1/FHL1/USP2/BARX2/HDAC9/CDON/MYLK/FGFR2/ABCC9/TGFBR3/SPEG/SRI/MEF2C/COL19A1/ASB2/MYOM1/SMAD7/SGCG/CAV1/MEOX2/NEURL1/CNTNAP1/SGCA/HLF/PHOX2B/CRYAB/MYL2/RIPOR2/RBM24/POPDC1/HAND1/SMYD1/TCF21/POPDC2/CNTFR/BMP2/SGCE/SOX15/POPDC3/LARGE1/ITGA7/FLNB/MSTN/CHRNA1/TPM1/MYOCD/CASQ1/MEGF10/ITGB1BP2/TAGLN/JPH2/CHODL/NRG1/RCAN1/CITED2/MYORG/CFL2/B4GALNT2/SCN11A/ZFPM2/S1PR1/MTM1/BCL2/NEGR1/KY/DES/ADGRB1/SMTN/TBX1/P2RX2/DNER/PAX5/RYR1/CACNA1H/SVIL/DMD/DPF3/TIFAB/MIR145",80
"GO:0050796","regulation of insulin secretion","45/2491","171/16800",0.263157894736842,1.77481036996345,4.24897670564628,6.1488212982007e-05,0.00169754820072241,0.00142261411407137,"CD38/ABCC8/TFAP2B/NR1H4/CASR/NNAT/SRI/GNAO1/GNA11/CHGA/SFRP1/CPT1A/GCG/CNR1/FKBP1B/ACVR1C/FFAR1/GNAZ/KCNA5/TRPM4/SNAP25/BLK/EPHA5/SIDT2/ADRA2A/ITPR1/TIAM1/KCNB1/NEUROD1/F2RL1/CARTPT/SLC30A8/GPER1/PRKCB/GPR27/ADCY5/LEP/UCN3/C1QTNF12/EFNA5/RFX6/PRKN/FAM3D/TUNAR/CCL5",45
"GO:0010881","regulation of cardiac muscle contraction by regulation of the release of sequestered calcium ion","11/2491","21/16800",0.523809523809524,3.53271778402248,4.84548604554146,6.2008196582311e-05,0.00169754820072241,0.00142261411407137,"ATP1A2/CASQ2/FKBP1B/HRC/ANK2/CACNA1C/CLIC2/SLC8A1/PLN/DMD/GSTM2",11
"GO:0045822","negative regulation of heart contraction","11/2491","21/16800",0.523809523809524,3.53271778402248,4.84548604554146,6.2008196582311e-05,0.00169754820072241,0.00142261411407137,"ATP1A2/SRI/PIK3CG/PDE4D/FKBP1B/ADRA1A/SPX/PDE5A/SPTBN4/AGTR2/PLN",11
"GO:0086091","regulation of heart rate by cardiac conduction","16/2491","39/16800",0.41025641025641,2.76688385881481,4.60908036613305,6.50623930714973e-05,0.0017644106432626,0.00147864754771318,"SCN1B/CAV1/AKAP9/KCNA5/TRPM4/DSC2/HCN4/ANK2/SCN2B/CACNA1C/CACNA2D1/CACNB2/SCN3B/KCND3/SCN4B/CTNNA3",16
"GO:0098900","regulation of action potential","20/2491","55/16800",0.363636363636364,2.45246523849495,4.50161607621539,6.53712762245493e-05,0.0017644106432626,0.00147864754771318,"NOS1/SLC9A1/CAV1/TACR1/SLC8A2/CNR1/ADRA1A/AKAP9/FGF13/TRPM4/DSC2/CD36/HCN4/ANK2/CACNA1C/CACNA2D1/KCNB1/CTNNA3/CNR2/FLNA",20
"GO:1903351","cellular response to dopamine","20/2491","55/16800",0.363636363636364,2.45246523849495,4.50161607621539,6.53712762245493e-05,0.0017644106432626,0.00147864754771318,"GNAO1/GNA11/PALM/SLC1A1/RGS9/NHERF1/GNAL/HTR7/HTR3B/HTR4/HTR3A/DRD5/ALK/ADCY5/HTR3C/PRKN/HTR3E/GNG2/LRRK2/FLNA",20
"GO:0050920","regulation of chemotaxis","52/2491","207/16800",0.251207729468599,1.6942151164482,4.19315309658065,6.6171670478024e-05,0.00177766791391664,0.00148975767721552,"STAP1/CASR/FGF10/FGFR1/MAPK3/PTN/RARRES2/CXCL12/BST1/NEDD9/RIPOR2/THBS4/SLAMF1/PADI2/DUSP1/PTK2B/CCR2/NCKAP1L/EDN3/CCR7/EDN2/PDGFRA/P2RX4/CCL21/TUBB2B/MSTN/FGF2/NTRK3/XCL1/SLIT2/CXCL13/TIAM1/IL6R/F2RL1/VEGFD/JAM3/CX3CR1/P2RY12/PDGFD/S1PR1/SCG2/IL16/CCL19/CMKLR1/CSF1R/CAMK1D/CSF1/ELANE/LPAR1/AIF1/MMP28/CCL5",52
"GO:0071622","regulation of granulocyte chemotaxis","19/2491","51/16800",0.372549019607843,2.51257468061492,4.51368669132367,6.75537246062513e-05,0.00180007226119383,0.0015085334272293,"MAPK3/RARRES2/BST1/RIPOR2/THBS4/SLAMF1/NCKAP1L/CCR7/CCL21/MSTN/XCL1/SLIT2/JAM3/CCL19/CMKLR1/CSF1R/CAMK1D/CSF1/CCL5",19
"GO:0051047","positive regulation of secretion","73/2491","318/16800",0.229559748427673,1.54821508373541,4.11797326494491,6.76318678757815e-05,0.00180007226119383,0.0015085334272293,"CD38/ABCC8/SCIN/NR1H4/IGF1/CASR/NNAT/PLA2G10/RAB27A/ABCB11/TACR2/SRI/FGFR1/GNA11/RPH3A/NTSR1/MYOM1/GATA1/SMPD3/CD33/CXCL12/MAP2K6/SYT10/GCG/TACR1/CD160/ECRG4/VPS4B/EDN3/BMP2/FFAR1/TRPM4/SNAP25/SSTR4/SYT4/P2RX4/BLK/ADCYAP1/TNFRSF11A/SNCA/ITPR1/BMP6/MICU3/KCNB1/PINK1/F2RL1/CARTPT/SLC30A8/GPER1/APBB1/PRKCB/GALR1/OR51E2/GDNF/NPR1/NLGN1/P2RY1/GPR27/CDK5R2/NEGR1/BSG/LEP/P2RY2/UCN3/C1QTNF12/RFX6/FFAR4/SLC18A3/AVPR1B/SCAMP5/CD177/AQP1/TUNAR",73
"GO:0050919","negative chemotaxis","18/2491","47/16800",0.382978723404255,2.58291551713829,4.53402915211799,6.84936494519357e-05,0.00181460825206995,0.00152071517604419,"SEMA3G/NTN1/SEMA6A/SEMA4G/EPHA7/SEMA6D/LRTM1/SLIT2/SEMA3D/NRG1/LRTM2/SEMA3E/UNC5C/SLIT3/EFNA5/FLRT2/NRG3/ITGB3",18
"GO:1902414","protein localization to cell junction","34/2491","118/16800",0.288135593220339,1.9432669474515,4.29017985240744,6.93311397553193e-05,0.00182837028648317,0.00153224831801109,"ARHGAP44/LRRC7/VCL/FERMT2/ZDHHC15/ARHGEF18/TJP3/CACNG7/LGI1/NRXN2/RAP1A/SLITRK3/OLFM1/MARVELD3/TMEM108/DLG2/KIF5A/LHFPL4/LRRTM1/HEPACAM/JAM3/MAP1A/KIF5C/NSG1/NLGN1/NPTX1/NECTIN3/ERBB4/NRXN1/GRIN2A/MAPT/VWC2/RELN/FLNA",34
"GO:0015718","monocarboxylic acid transport","45/2491","172/16800",0.261627906976744,1.7644917050218,4.20475726920167,7.1499608752443e-05,0.00187694635030956,0.00157295702600304,"CROT/CASR/MPC1/PLA2G10/ABCB11/ACACB/CEACAM1/ATP8B1/NTSR1/MAP2K6/NHERF1/CPT1A/PPARD/SLC27A6/PLA2G2D/ABCD3/ABCG2/SLC10A2/SLC6A8/SSTR4/SPX/P2RX4/CD36/SLCO1C1/RBP5/TNFRSF11A/SLC10A4/FABP2/PMP2/SLC16A12/CPT2/FABP1/SLC51A/SLC16A9/CRABP1/BDKRB2/FABP4/ABCD2/SLCO2A1/LEP/SLC25A20/SLC51B/PLA2G2C/PLA2G2A/AVPR1B",45
"GO:0051651","maintenance of location in cell","54/2491","218/16800",0.247706422018349,1.67060132071789,4.15813066807031,7.25571416039127e-05,0.00189605003218588,0.00158896668478999,"SCIN/CD4/ATP1A2/SRI/PGR/JPH4/BDKRB1/NTSR1/CAV1/PDE4D/CASQ2/FKBP1B/PTK2B/SLC25A23/CCR7/AKAP9/HRC/SYNE1/DZIP1/CCL21/PLCE1/FGF2/XCL1/CASQ1/SNCA/ANK2/GSN/JPH2/ITPR1/CACNA1C/ANK3/AKAP6/JPH3/CLIC2/PINK1/HK2/GPER1/GP9/CCL19/XCR1/CD19/SLC8A1/DHRS7C/GP1BA/TRDN/PLCD1/RYR1/FLNA/PLCG2/PLN/RYR3/DMD/GSTM2/ITGB3",54
"GO:0010919","regulation of inositol phosphate biosynthetic process","9/2491","15/16800",0.6,4.04656764351666,4.92515291596328,7.29763437023176e-05,0.00189837556536029,0.00159091557573473,"ADCYAP1R1/NTSR1/CD244/SNCA/PTH1R/GPER1/P2RY1/PRKG1/AVPR1B",9
"GO:0051937","catecholamine transport","22/2491","64/16800",0.34375,2.31834604576475,4.40877069504007,7.69458382386863e-05,0.00199261992808202,0.00166989616699131,"CHGA/CHRNA4/SLC6A2/CXCL12/CNR1/SYT11/SYT4/SNCA/VIP/ADRA2A/KCNB1/PINK1/CARTPT/SLC18A2/PRKCB/GDNF/P2RY1/SNCG/KCNA2/PRKN/SDHD/ADORA3",22
"GO:0006631","fatty acid metabolic process","85/2491","385/16800",0.220779220779221,1.48899675194336,4.04985834306979,7.85330168905367e-05,0.00202460230539774,0.00169669869392488,"PDK4/PRKAR2B/CROT/PDK2/ABHD5/ACSM2B/ABCC9/PLA2G10/ABCB11/MGLL/ACAT1/FMO4/ACACB/CEACAM1/FMO2/PTGS1/CRAT/CAV1/PTGR1/TYRP1/PHYH/CYP2C18/PPARGC1A/CPT1A/ADTRP/PPARD/SLC27A6/EHHADH/KAT2B/ACADL/SCP2/ACADM/ABCD3/ELOVL4/CNR1/ACADS/PLP1/PTGIS/PCK1/EDN2/PLA2G5/SESN2/ACSS2/GSTM1/CD36/APPL2/HADHB/CYP2C8/NAAA/CYP4B1/SNCA/FABP2/AKR1C2/ACOXL/CPT2/ABHD3/CYP3A4/ACOX1/PRKAA2/HPGDS/FABP1/ABHD6/HPGD/LIPC/ACSM1/ACSF2/ACAA2/TNXB/ETFDH/FADS6/CES2/ABCD2/LEP/ADIPOQ/ACSM5/CYP4F12/HACD4/AKR1C3/ECI2/GSTM2/UGT1A9/UGT1A1/UGT1A8/UGT1A10/GSTA1",85
"GO:0071875","adrenergic receptor signaling pathway","14/2491","32/16800",0.4375,2.95062224006423,4.60820154299399,8.01950028791673e-05,0.00205063553173792,0.0017185155915014,"ADRB1/ATP2B4/CHGA/PDE4D/RGS2/ADRA1A/ADRA2A/ADCY9/ADRB2/DRD5/ADRA1B/GPR88/ADRB3/PLN",14
"GO:0015833","peptide transport","63/2491","266/16800",0.236842105263158,1.5973293329671,4.09722327137399,8.02562175406213e-05,0.00205063553173792,0.0017185155915014,"CD38/ABCC8/TFAP2B/NR1H4/CASR/NNAT/PTPRN/TACR2/SRI/GNAO1/GNA11/SLC15A1/CD209/CHGA/SMPD3/SFRP1/CLEC4M/CWH43/CPT1A/GCG/CNR1/ECRG4/FKBP1B/ACVR1C/EDN3/FFAR1/GNAZ/KCNA5/TRPM4/SNAP25/BLK/ADCYAP1/EPHA5/CRHBP/VIP/GPR119/SIDT2/ADRA2A/ITPR1/TIAM1/KCNB1/NEUROD1/SLC15A2/F2RL1/CARTPT/SLC30A8/GPER1/PRKCB/MC4R/GPR27/ADCY5/LEP/UCN3/MAFA/C1QTNF12/EFNA5/RFX6/PRKN/FFAR4/FAM3D/AQP1/TUNAR/CCL5",63
"GO:0009062","fatty acid catabolic process","31/2491","105/16800",0.295238095238095,1.99116820553994,4.25082021489457,8.64235566429832e-05,0.00218943717900594,0.0018348369910209,"CROT/ABCB11/ACAT1/ACACB/CRAT/PHYH/CPT1A/ADTRP/PPARD/EHHADH/ACADL/SCP2/ACADM/ABCD3/CNR1/ACADS/PCK1/SESN2/HADHB/ACOXL/CPT2/ABHD3/ACOX1/FABP1/ACAA2/ETFDH/ABCD2/LEP/ADIPOQ/CYP4F12/ECI2",31
"GO:0014059","regulation of dopamine secretion","12/2491","25/16800",0.48,3.23725411481333,4.6706571863309,8.6450206928918e-05,0.00218943717900594,0.0018348369910209,"CHRNA4/CXCL12/CNR1/SYT11/SYT4/SNCA/PINK1/PRKCB/GDNF/SNCG/KCNA2/PRKN",12
"GO:0070371","ERK1 and ERK2 cascade","69/2491","299/16800",0.230769230769231,1.55637217058333,4.0501377812996,8.9092479408493e-05,0.00224645905315538,0.0018826236299754,"CD4/IGF1/CASR/ROS1/LMO3/FGFR2/FGF10/RPS6KA6/PDE8A/FERMT2/FBLN1/CEACAM1/SEMA6A/MAPK3/NDRG4/NECAB2/ACTA2/NHERF1/GCNT2/OPRM1/GCG/RAP1A/SLAMF1/TEK/PTK2B/ADRA1A/GLIPR2/BMP2/CCR7/PLA2G5/AKAP12/SSTR4/DUSP26/PDGFRA/CD36/EPHA7/GPR55/CCL21/ARRB1/FGF2/ADCYAP1/TNFRSF11A/PTPRR/ANGPT1/TIAM1/NRG1/SCIMP/HAND2/NPY5R/F2RL1/GPER1/NDRG2/P2RY1/PDGFD/PTGER4/CCL11/CCL19/ERBB4/NRXN1/ADIPOQ/CSF1R/TNFAIP8L3/FFAR4/PLA2G2A/ALKAL2/SLC30A10/MIR27B/ITGB3/MIR145",69
"GO:0007187","G protein-coupled receptor signaling pathway, coupled to cyclic nucleotide second messenger","19/2491","52/16800",0.365384615384615,2.46425593675694,4.41226030624489,9.17713468626127e-05,0.00230390162931511,0.00193076283424582,"OPRM1/VIPR1/CNR1/NPY/SSTR4/SSTR1/HTR7/PTH1R/NPY1R/HTR4/MTNR1A/XCR1/SSTR2/CHRM4/AGTR2/CHRM2/ADRB3/CNR2/SSTR3",19
"GO:0071466","cellular response to xenobiotic stimulus","48/2491","189/16800",0.253968253968254,1.7128328649806,4.11192007460311,9.29826157781715e-05,0.00232416112221177,0.00194774110945854,"CYP26B1/ACSM2B/ABCC9/ABCB11/FMO4/MEF2C/ABCB1/NOS1/FMO2/SOX10/CYP2C18/CD69/BCHE/FMO5/GSTM1/SLC28A2/CYP2C8/AOX1/CRHBP/GLYAT/UCHL1/NAT2/CYP3A4/PRKAA2/CMBL/TLR3/ACSM1/NAT1/CES3/CES2/SULT1B1/ADIPOQ/CYP4F12/PDE2A/SULT1A1/UGT2B15/SULT1A2/UGT2B17/GSTM2/UGT2B11/CERS1/UGT1A9/UGT1A1/UGT1A8/UGT1A10/GSTA1/GSTA2/ITGB3",48
"GO:0002931","response to ischemia","22/2491","65/16800",0.338461538461538,2.28267918352222,4.3230056548052,0.000100187036863924,0.00249339945857447,0.00208956968660826,"CASR/CAMK2A/MEF2C/CAV1/MAP2K6/POPDC1/NPR3/SLC8A2/GPR31/PTK2B/P2RX4/UCHL1/PINK1/RCAN1/HK2/NPPC/CX3CR1/BCL2/NDNF/CSF1R/CSF1/P2RX2",22
"GO:0045666","positive regulation of neuron differentiation","28/2491","92/16800",0.304347826086957,2.05260677569686,4.22397927464344,0.000104412486872475,0.00258735942685284,0.00216831194380816,"CDON/FGFR1/MEF2C/CXCL12/PHOX2B/SOCS2/NKX2-2/BMP2/GDF5/RNF112/MAP1B/NGF/MMD2/FGF2/ASCL1/SH3GL3/ZEB1/BMP6/GDF6/S100B/BRINP3/NEUROD1/ATOH1/PCP4/NAP1L2/VWC2/BRINP2/DMD",28
"GO:0014046","dopamine secretion","13/2491","29/16800",0.448275862068966,3.02329766469636,4.54991451105519,0.000106264014769227,0.00261073427738584,0.0021879010148392,"CHRNA4/CXCL12/CNR1/SYT11/SYT4/SNCA/PINK1/SLC18A2/PRKCB/GDNF/SNCG/KCNA2/PRKN",13
"GO:0086019","cell-cell signaling involved in cardiac conduction","13/2491","29/16800",0.448275862068966,3.02329766469636,4.54991451105519,0.000106264014769227,0.00261073427738584,0.0021879010148392,"SCN1B/CASQ2/KCNA5/TRPM4/HCN4/ANK2/CACNA1C/CACNA2D1/CACNB2/SCN3B/SCN4B/GJC1/FLNA",13
"GO:0043113","receptor clustering","21/2491","61/16800",0.344262295081967,2.32180110693579,4.31509350526114,0.000108496578079446,0.00265424181863291,0.0022243620957206,"ITGAL/MUSK/LRRC7/MADCAM1/CHRDL1/PTN/NRXN2/SLITRK3/ITGB7/GSN/DLG2/LHFPL4/PIGR/GRIK2/NLGN1/NRXN1/MAGI2/SHISA7/RELN/FLNA/FRRS1L",21
"GO:0050803","regulation of synapse structure or activity","71/2491","312/16800",0.227564102564103,1.53475589043634,3.9780736712495,0.000112476798749566,0.00273995388140363,0.00229619227420502,"ARHGAP44/MUSK/NTN1/PAK3/FGFR1/MEF2C/IGSF9/RPS6KA5/ZDHHC15/SLC17A7/DMPK/WASL/NEURL1/CNTNAP1/NRXN2/IL10RA/CUX2/NEDD9/MDGA1/CAP2/GNA13/PTK2B/SLITRK3/KIF1A/C1QL1/LRRC4B/MAP1B/SNAP25/DCLK1/ADGRB3/EPHA7/DOCK10/IL10/ITPKA/FGF7/CBLN2/IGSF11/SNCA/NLGN4X/VLDLR/GPM6A/SPARCL1/TIAM1/LHFPL4/CACNA2D3/LRRTM1/HTR4/LRFN5/LRTM2/TUBA1A/ROR2/IL1RAPL1/NLGN1/FRMPD4/ZNF804A/NEGR1/NECTIN3/SLITRK1/SLC17A8/NRXN1/ADGRB1/EFNA5/FLRT2/SLITRK2/SLC18A3/LRRK2/RELN/PTPRT/NLGN3/LINGO4/NEFL",71
"GO:1903350","response to dopamine","20/2491","57/16800",0.350877192982456,2.36641382661793,4.31148593968039,0.00011636419157273,0.00282269087490136,0.0023655292241989,"GNAO1/GNA11/PALM/SLC1A1/RGS9/NHERF1/GNAL/HTR7/HTR3B/HTR4/HTR3A/DRD5/ALK/ADCY5/HTR3C/PRKN/HTR3E/GNG2/LRRK2/FLNA",20
"GO:0019934","cGMP-mediated signaling","14/2491","33/16800",0.424242424242424,2.86120944491077,4.46527769202697,0.000120371373009117,0.00290762614886309,0.00243670842221464,"GUCA2B/ATP2B4/IRAG1/CD36/EDNRB/NPPC/GUCY1A1/NPR1/NHERF4/PDE3A/AGTR2/PRKG1/PDE2A/AQP1",14
"GO:0045471","response to ethanol","35/2491","126/16800",0.277777777777778,1.87341094607253,4.10589596834106,0.000123104889816764,0.0029612134374752,0.0024816167394465,"FGFR2/MAOB/ABCB11/ADCYAP1R1/IL2/CPT1A/OPRM1/TACR1/RGS2/CNR1/PTK2B/FOSB/CDO1/HMGCS2/MSTN/FGF2/CD27/TNFRSF11A/CRHBP/KCNMB1/GRIA1/NPPC/HPGD/TP53INP1/PRKCB/CD14/LEP/ADIPOQ/PENK/SLC2A4/CLDN7/GRIN2A/CLDN5/GRIN3A/UGT1A1",35
"GO:0007586","digestion","37/2491","136/16800",0.272058823529412,1.83484072071221,4.07856499042346,0.00012817975264358,0.00304927769818883,0.00255541815503113,"LIMA1/FGF10/SLC46A1/SI/PBLD/CRACD/PPARGC1A/IL10RA/DAO/VDR/LPCAT3/SGK1/NKX2-3/PLS1/CD36/CAPN9/GCNT3/SLC2A5/MUC4/FABP2/ADRA2A/AKR1C2/SST/NEUROD1/NPPC/INAVA/FABP1/HTR4/MOGAT2/NEGR1/LEP/UCN3/CYP8B1/SLC22A5/AQP1/TIFAB/PNLIPRP2",37
"GO:0043116","negative regulation of vascular permeability","10/2491","19/16800",0.526315789473684,3.54962073992689,4.63945965055045,0.000128482988494169,0.00304927769818883,0.00255541815503113,"ABCC8/FERMT2/CEACAM1/SH3GL2/AKAP12/SLIT2/ANGPT1/PDE3A/CLDN5/PDE2A",10
"GO:0043114","regulation of vascular permeability","18/2491","49/16800",0.36734693877551,2.47749039398979,4.32141797089947,0.000128859171958425,0.00304927769818883,0.00255541815503113,"ABCC8/FERMT2/TACR2/CEACAM1/TJP3/SH3GL2/TACR1/TEK/AKAP12/SLIT2/BMP6/ANGPT1/BDKRB2/NPR1/ZEB2/PDE3A/CLDN5/PDE2A",18
"GO:0048265","response to pain","15/2491","37/16800",0.405405405405405,2.73416732670045,4.40595366865257,0.000128887542296031,0.00304927769818883,0.00255541815503113,"ADAM11/SLC6A2/TRPA1/THBS4/TACR1/P2RX4/EDNRB/SCN3A/GRIA1/CAPN2/SCN11A/SCN9A/P2RX2/RELN/PIRT",15
"GO:0048246","macrophage chemotaxis","16/2491","41/16800",0.390243902439024,2.63191391448238,4.36504836718611,0.000132521500665467,0.00312240207920398,0.0026166993466171,"STAP1/MAPK3/RARRES2/SLAMF1/PTK2B/EDN2/LGALS3/SFTPD/EDNRB/MSTN/TAFA4/CMKLR1/CSF1R/CSF1/MMP28/CCL5",16
"GO:0071277","cellular response to calcium ion","24/2491","75/16800",0.32,2.15816940987555,4.19414649290992,0.000134709826534237,0.00316100731732787,0.00264905209902127,"RASGRP2/ABCC9/MEF2C/HPCA/CPNE5/SLC25A23/FOSB/ITPKA/CPNE8/KCNH1/CRHBP/MICU3/KCNB1/PRKAA2/SMPD1/CHP2/TUBA1A/NLGN1/NRXN1/AKR1C3/RYR1/CPNE4/PLCG2/RYR3",24
"GO:0002026","regulation of the force of heart contraction","12/2491","26/16800",0.461538461538462,3.11274434116666,4.49820494615427,0.000138951911018139,0.00324729486359058,0.00272136455596929,"ATP1A2/ADRB1/ATP2B4/NOS1/SLC9A1/CHGA/CAV1/MYL2/ADRA1A/EDN2/SLC8A1/PLN",12
"GO:0002274","myeloid leukocyte activation","57/2491","239/16800",0.238493723849372,1.60846831018445,3.95291588876013,0.000140666014420015,0.0032740441979784,0.00274378158107994,"BTK/STAP1/PLA2G10/CTSG/CHGA/GATA1/FOXF1/NDRG1/FCER2/CD33/PIK3CG/SLAMF1/CNR1/NR4A3/CLU/CCR2/MT1G/EDN2/SYT11/DOCK2/IL10/IRF4/SNCA/TSLP/CAMK4/VSIG4/KIT/DNASE1L3/CAMP/F2RL1/TLR3/LRFN5/SLC18A2/PTGDR/CX3CR1/SCN11A/RHOH/SCNN1B/IL16/C1QA/FCER1A/MRGPRX2/CSF1/MAPT/PLA2G2A/GPR15LG/CNR2/LRRK2/PLCG2/PJA2/AIF1/CD177/IGHE/VAMP2/RAB44/CCL5/MIR145",57
"GO:0007158","neuron cell-cell adhesion","9/2491","16/16800",0.5625,3.79365716579687,4.66454515746918,0.000144823664484614,0.00334373994828131,0.00280218944132775,"NRXN2/TNR/CNTN4/NLGN4X/ASTN1/NCAM2/NLGN1/NRXN1/NLGN3",9
"GO:0099509","regulation of presynaptic cytosolic calcium ion concentration","9/2491","16/16800",0.5625,3.79365716579687,4.66454515746918,0.000144823664484614,0.00334373994828131,0.00280218944132775,"ATP2B3/SCGN/P2RX1/CNR1/CACNB2/P2RY1/CALB2/SV2B/P2RY4",9
"GO:2000146","negative regulation of cell motility","72/2491","320/16800",0.225,1.51746286631875,3.89941548758489,0.000146237364478095,0.00336287443353828,0.0028182249145947,"ABCC8/DCN/WAS/VCL/STAP1/NEXMIF/ATP2B4/NGFR/TGFBR3/FBLN1/MEF2C/HMOX1/SMAD7/NDRG4/SFRP1/WASL/MEOX2/CXCL12/NHERF1/CD69/NEDD9/ADTRP/RIPOR2/BMP5/PADI2/GNA13/DUSP1/TMIGD3/RECK/ACVR1C/ATP1B2/KLF4/CCL21/SEMA6D/FGF2/ACVRL1/TPM1/MARVELD3/MYOCD/TMEFF2/SLIT2/SFRP2/CCL28/PTPRR/CXCL13/CD200R1/ABHD6/CLDN19/CITED2/TP53INP1/BMERB1/CX3CR1/ZEB2/PTGER4/BCL2/TMEM196/PODN/ERBB4/AGTR2/ADIPOQ/MACIR/ADGRB1/CLDN5/PRKG1/NRG3/MAGI2/PTPRT/SPOCK3/AIF1/MMP28/MIR145/ADORA3",72
"GO:0060732","positive regulation of inositol phosphate biosynthetic process","8/2491","13/16800",0.615384615384615,4.15032578822222,4.7409408424291,0.000147629461517679,0.00338136165045872,0.00283371795079228,"ADCYAP1R1/NTSR1/CD244/SNCA/PTH1R/GPER1/P2RY1/AVPR1B",8
"GO:0048565","digestive tract development","36/2491","132/16800",0.272727272727273,1.83934892887121,4.03935197043545,0.000148834917217905,0.00339544420272117,0.00284551969969236,"OTC/FGFR2/FGF10/PCSK5/SOX10/FGF9/FOXF1/SALL1/SFRP1/RARRES2/GLI3/NKX3-2/TCF21/NKX2-3/SFRP5/NPY/CDKN1A/NKX2-2/GATA5/PYY/HMGCS2/IL6ST/PDGFRA/EDNRB/FOXF2/ASCL1/MYOCD/SFRP2/KIT/SOX17/CLMP/RBPMS2/BCL2/TMIGD1/MIXL1/LGR4",36
"GO:0030073","insulin secretion","50/2491","203/16800",0.246305418719212,1.66115256301998,3.95420193956248,0.000152951936994573,0.00346189246370787,0.00290120603242503,"CD38/ABCC8/TFAP2B/NR1H4/CASR/NNAT/PTPRN/SRI/GNAO1/GNA11/CHGA/SFRP1/CPT1A/GCG/CNR1/FKBP1B/ACVR1C/FFAR1/GNAZ/KCNA5/TRPM4/SNAP25/BLK/ADCYAP1/EPHA5/GPR119/SIDT2/ADRA2A/ITPR1/TIAM1/KCNB1/NEUROD1/F2RL1/CARTPT/SLC30A8/GPER1/PRKCB/MC4R/GPR27/ADCY5/LEP/UCN3/MAFA/C1QTNF12/EFNA5/RFX6/PRKN/FAM3D/TUNAR/CCL5",50
"GO:0050851","antigen receptor-mediated signaling pathway","50/2491","203/16800",0.246305418719212,1.66115256301998,3.95420193956248,0.000152951936994573,0.00346189246370787,0.00290120603242503,"CD38/CD79B/BTK/CD22/STAP1/CEACAM1/MEF2C/SLA2/BMX/CD79A/BTNL8/PDE4D/HHLA2/CD160/LAX1/NCKAP1L/CCR7/LGALS3/TESPA1/BLK/BANK1/CD8A/PLCL2/MS4A1/CD3G/FCRL3/FCMR/TRAT1/PRKCB/TMIGD2/BTNL3/GCSAML/BCL2/KLHL6/THEMIS/CD19/PLCG2/CD247/CD3E/IGKC/IGLC3/IGLC7/TRGC1/IGHA2/IGHE/IGHA1/IGHD/IGHM/IGLC6/TRGC2",50
"GO:0098739","import across plasma membrane","49/2491","198/16800",0.247474747474747,1.66903884286462,3.95118768895744,0.000156663315628984,0.00353198981000404,0.00295995044637301,"ABCC8/ATP1A2/ATP2B4/SLC9A3/ABCC9/SLC46A1/SLC15A1/SLC9A1/SLC8A3/NTSR1/AQP8/SLC1A1/P2RX1/NHERF1/SLC9A2/RGS2/SLC8A2/SLC36A1/ATP1B2/TRPM4/CD36/HCN4/SLC38A4/SLC39A5/SLC24A4/CACNA1A/SLC47A1/SLC2A5/CNGA3/CACNA1B/SLC39A12/CACNA1C/KCNJ16/CACNA2D1/MS4A1/SLC15A2/KCNK5/SLC30A8/SLC7A3/SCNN1G/TRPV3/SCNN1B/SLC17A8/AKAP5/SLC9A9/SLC8A1/SLC6A9/CACNA1H/SLC22A4",49
"GO:0031644","regulation of nervous system process","33/2491","118/16800",0.279661016949153,1.88611203723234,4.03022709465324,0.000164972348918686,0.00370478919505284,0.00310476332648366,"MGLL/SOX10/SLC8A3/NTSR1/CELF4/DMPK/CUX2/TNR/CHRNB4/SLC8A2/PTK2B/SYNE1/SPX/IGSF11/TMEM108/NLGN4X/TMEM25/JAM2/GRIA1/TAFA4/CARTPT/GRIK2/TMEM100/ADRB2/NLGN1/GPR171/NRXN1/GRIN2A/SHISA7/LRRK2/RELN/NLGN3/PIRT",33
"GO:0030336","negative regulation of cell migration","69/2491","305/16800",0.226229508196721,1.52575501312923,3.86617153637035,0.000167760465780359,0.00375274287070538,0.00314495044798977,"ABCC8/DCN/VCL/STAP1/NEXMIF/ATP2B4/NGFR/TGFBR3/MEF2C/HMOX1/SMAD7/NDRG4/SFRP1/WASL/MEOX2/CXCL12/NHERF1/CD69/NEDD9/ADTRP/RIPOR2/BMP5/PADI2/GNA13/DUSP1/TMIGD3/RECK/ACVR1C/ATP1B2/KLF4/CCL21/SEMA6D/FGF2/ACVRL1/TPM1/MARVELD3/MYOCD/TMEFF2/SLIT2/SFRP2/CCL28/PTPRR/CXCL13/CD200R1/ABHD6/CLDN19/CITED2/TP53INP1/BMERB1/CX3CR1/ZEB2/PTGER4/BCL2/TMEM196/PODN/ERBB4/AGTR2/ADIPOQ/MACIR/ADGRB1/CLDN5/PRKG1/NRG3/MAGI2/PTPRT/AIF1/MMP28/MIR145/ADORA3",69
"GO:0021700","developmental maturation","75/2491","338/16800",0.22189349112426,1.49651170248397,3.84742778891283,0.000170684763318394,0.00380335931905987,0.00318736908081718,"BTK/LTF/IGF1/MYOC/PTPRN/SEZ6/ROPN1/PLA2G10/CNGB1/NTN4/ACTL6B/FGFR1/PGR/IGSF9/SLC26A3/PALM/SEZ6L/SOX10/CHRDL1/SYP/ZDHHC15/LYL1/NEURL1/CNTNAP1/ZBTB16/TFCP2L1/EPAS1/PTK2B/RECK/CDKN1A/WNT1/BMP2/C1QL1/MAP1B/SPINK5/ADGRB3/EDNRB/CCL21/ASCL1/ACVRL1/SRRM4/SLC24A4/FGF7/LGI4/KCNB1/HOXB13/SPTBN4/PTH1R/TAL1/TRIM58/NPPC/FEV/DEFB1/AXL/CX3CR1/BFSP2/S1PR1/CDK5R2/BCL2/PDE3A/CCL19/C1QA/LEP/NRXN1/BHLHA15/TMIGD1/CNTN2/CEND1/GLDN/LRRK2/RELN/RYR1/ATP6V1G2/RHEX/NEFL",75
"GO:0030072","peptide hormone secretion","58/2491","246/16800",0.235772357723577,1.59011465666644,3.89024019183298,0.000171594048244213,0.0038088578507953,0.00319197707300859,"CD38/ABCC8/TFAP2B/NR1H4/CASR/NNAT/PTPRN/TACR2/SRI/GNAO1/GNA11/CHGA/SMPD3/SFRP1/CPT1A/GCG/CNR1/ECRG4/FKBP1B/ACVR1C/EDN3/FFAR1/GNAZ/KCNA5/TRPM4/SNAP25/BLK/ADCYAP1/EPHA5/CRHBP/VIP/GPR119/SIDT2/ADRA2A/ITPR1/TIAM1/KCNB1/NEUROD1/F2RL1/CARTPT/SLC30A8/GPER1/PRKCB/MC4R/GPR27/ADCY5/LEP/UCN3/MAFA/C1QTNF12/EFNA5/RFX6/PRKN/FFAR4/FAM3D/AQP1/TUNAR/CCL5",58
"GO:0071621","granulocyte chemotaxis","35/2491","128/16800",0.2734375,1.84413890004014,3.99989863019077,0.00017279059741455,0.00382066594052403,0.00320187273022832,"MAPK3/PIK3CG/RARRES2/CCL8/BST1/RIPOR2/THBS4/SLAMF1/NCKAP1L/EDN3/CCR7/EDN2/LGALS3/CCL21/MSTN/XCL1/XCL2/SLIT2/CXCL13/JAML/JAM3/SCG2/CCL11/BSG/CCL19/CMKLR1/CCL13/CSF1R/CAMK1D/CSF1/CCL5/CCL23/CCL16/CCL15/CCL14",35
"GO:1903523","negative regulation of blood circulation","11/2491","23/16800",0.478260869565217,3.22552493323792,4.45618453293119,0.000178360053729931,0.00391878421510671,0.003284099816452,"ATP1A2/SRI/PIK3CG/PDE4D/FKBP1B/ADRA1A/SPX/PDE5A/SPTBN4/AGTR2/PLN",11
"GO:0030534","adult behavior","39/2491","148/16800",0.263513513513513,1.77720876235529,3.96240882123821,0.000178591314029911,0.00391878421510671,0.003284099816452,"ATP1A2/PREX2/SEZ6/CHRNA3/NTSR1/CHRNA4/SLC1A1/CXCL12/NRXN2/OPRM1/GABRG2/CHRNB4/NPY/FOSB/CHL1/TMOD1/FGF2/SNCA/CRHBP/SDK1/NLGN4X/KLHL1/LGI4/UCHL1/SPTBN4/RNF180/CARTPT/TUBA1A/GDNF/ALK/SNCG/LEP/SLITRK1/NRXN1/CNTN2/CEND1/PRKN/PAX5/NLGN3",39
"GO:0060537","muscle tissue development","90/2491","422/16800",0.213270142180095,1.43835342779028,3.80517063011106,0.000179565889727408,0.00392518745263449,0.00328946598872263,"CYP26B1/TFAP2B/IGF1/BARX2/HDAC9/CDON/EYA2/MYLK/FGFR2/ABCC9/TGFBR3/FGFR1/ITGA8/MEF2C/COL19A1/KCNK2/SLC9A1/ASB2/MYOM1/SMAD7/FGF9/SGCG/NDRG4/CAV1/MEOX2/NEURL1/CNTNAP1/HLF/PHOX2B/MYL2/BMP5/RBM24/POPDC1/HAND1/SMYD1/RGS2/ACADM/TCF21/ADRA1A/POPDC2/BMP2/SOX15/GATA5/SYNE1/POPDC3/MYH11/LARGE1/PDGFRA/FLNB/MSTN/CHRNA1/HCN4/FGF2/TPM1/MYOCD/CASQ1/OSR1/MEIS1/MEGF10/JPH2/AKAP6/PGM5/SORBS2/NRG1/CSRP1/RCAN1/CITED2/PI16/MYORG/CFL2/B4GALNT2/ZFPM2/S1PR1/MTM1/BCL2/ERBB4/GJC1/SLC8A1/TBX1/PRKG1/P2RX2/COL14A1/DNER/PAX5/RYR1/SVIL/NRAP/PLN/DMD/MIR145",90
"GO:0043647","inositol phosphate metabolic process","16/2491","42/16800",0.380952380952381,2.5692492974709,4.24843944106871,0.000184831226685906,0.00402498000839876,0.00337309619035642,"ADCYAP1R1/NTSR1/SCP2/CD244/NUDT10/ITPKA/SNCA/PTH1R/IP6K3/GPER1/P2RY1/INPP5J/PRKG1/NUDT11/PLCG2/AVPR1B",16
"GO:0050807","regulation of synapse organization","69/2491","306/16800",0.225490196078431,1.52076888563535,3.83589476103288,0.000185802178511019,0.00403085556324471,0.00337802014317749,"ARHGAP44/MUSK/NTN1/PAK3/FGFR1/MEF2C/IGSF9/RPS6KA5/ZDHHC15/DMPK/WASL/NEURL1/CNTNAP1/NRXN2/IL10RA/CUX2/NEDD9/MDGA1/CAP2/GNA13/PTK2B/SLITRK3/KIF1A/C1QL1/LRRC4B/MAP1B/SNAP25/DCLK1/ADGRB3/EPHA7/DOCK10/IL10/ITPKA/FGF7/CBLN2/IGSF11/SNCA/NLGN4X/VLDLR/GPM6A/SPARCL1/TIAM1/LHFPL4/CACNA2D3/LRRTM1/HTR4/LRFN5/LRTM2/TUBA1A/ROR2/IL1RAPL1/NLGN1/FRMPD4/ZNF804A/NEGR1/NECTIN3/SLITRK1/NRXN1/ADGRB1/EFNA5/FLRT2/SLITRK2/SLC18A3/LRRK2/RELN/PTPRT/NLGN3/LINGO4/NEFL",69
"GO:0030258","lipid modification","47/2491","189/16800",0.248677248677249,1.67714884696017,3.90607963535134,0.000186948726120119,0.00404048205437805,0.0033860875324566,"PDK4/CROT/PLPP1/ABCC9/ABCB11/ACAT1/FMO4/ACACB/FMO2/CRAT/PHYH/PPARGC1A/ST3GAL4/CPT1A/LPCAT3/PPARD/EHHADH/ACADL/SCP2/ACADM/ABCD3/PLPPR5/CNR1/EPHX2/ACADS/SESN2/APPL2/HADHB/CYP2C8/ACOXL/CPT2/CYP3A4/ACOX1/PLPP3/FABP1/ACSM1/B4GALNT2/ACAA2/MTM1/ETFDH/MBOAT1/B3GALT1/ABCD2/LEP/ABO/ADIPOQ/ECI2",47
"GO:0060538","skeletal muscle organ development","46/2491","184/16800",0.25,1.68606985146527,3.90425290311135,0.000190883131179306,0.00411006412415667,0.00344440012382292,"CYP26B1/BARX2/HDAC9/CDON/ABCC9/MEF2C/COL19A1/ASB2/MYOM1/CAV1/MEOX2/NEURL1/CNTNAP1/HLF/PHOX2B/RBM24/POPDC1/SMYD1/TCF21/POPDC2/CNTFR/POPDC3/LARGE1/FLNB/MSTN/CHRNA1/MYOCD/CASQ1/MEGF10/RCAN1/CITED2/MYORG/CFL2/B4GALNT2/SCN11A/MTM1/BCL2/NEGR1/DES/TBX1/P2RX2/DNER/PAX5/RYR1/SVIL/DMD",46
"GO:0015711","organic anion transport","94/2491","446/16800",0.210762331838565,1.4214400541501,3.76370155700698,0.000202743387621094,0.00434914826654354,0.00364476231398957,"SLC4A1/CROT/ABCC8/SLC13A2/SLC7A14/ATP1A2/CASR/BEST2/MPC1/PLA2G10/ABCB11/SLC46A1/ACACB/CEACAM1/SLC4A4/ATP8B1/KCNK2/ABCB1/SLC26A3/NTSR1/SLC32A1/SLC17A7/SLC1A1/APBA1/MAP2K6/NHERF1/CPT1A/PPARD/EPM2A/SLC27A6/SLC35D1/RGS2/PLA2G2D/ABCD3/ABCG2/SLC36A1/SLC17A1/SLC10A2/SLC25A23/SLC6A8/G6PC1/SLC52A1/SSTR4/SYT4/SPX/SLC37A2/P2RX4/CD36/SLCO1C1/RBP5/PIANP/SLC38A4/GLTP/SLC39A5/TNFRSF11A/SLC47A1/BEST4/SLC4A10/SLC10A4/SNCA/FABP2/SLC17A4/PMP2/SLC39A12/SLC16A12/SLC26A2/CPT2/FABP1/SLC51A/NPY5R/SLC7A3/SLC16A9/FOLR2/CRABP1/CA4/BDKRB2/FABP4/SLC23A1/ABCD2/SLCO4C1/SLCO2A1/LEP/SLC25A20/SLC17A8/SLC25A42/SLC2A4/PRKG1/SLC51B/PLA2G2C/PLA2G2A/SLC6A9/AVPR1B/CR1/SLC44A4",94
"GO:0070661","leukocyte proliferation","73/2491","329/16800",0.221884498480243,1.49645105358012,3.79435830249074,0.000207190643991444,0.00441446283074742,0.00369949856292279,"CD38/BTK/CD22/IGF1/KITLG/FGF10/MEF2C/CD209/IL5RA/CSF2RB/SOS2/CD40LG/MAPK3/CLC/EBI3/CD79A/PIK3CG/VSIR/CCL8/IL2/BST1/RIPOR2/NPR3/HHLA2/TACR1/SLAMF1/PLA2G2D/CR2/FKBP1B/CLU/CCR2/FLT3/SASH3/NCKAP1L/CDKN1A/PLA2G5/LGALS3/SFTPD/CD180/IL6ST/DOCK2/IL10/PDE5A/XCL1/PLCL2/VSIG4/MS4A1/KIT/CD1D/TNFRSF13C/ZBTB7B/FCRL3/IKZF3/F2RL1/LMO1/TMIGD2/LGALS9B/MZB1/BCL2/LGALS9C/CCL19/LEP/GAPT/CD19/CSF1R/CSF1/SPN/CD3E/CR1/AIF1/IGHE/TNFRSF13B/CCL5",73
"GO:0002790","peptide secretion","59/2491","253/16800",0.233201581027668,1.57277662033915,3.83009765051267,0.000207323876204871,0.00441446283074742,0.00369949856292279,"CD38/ABCC8/TFAP2B/NR1H4/CASR/NNAT/PTPRN/TACR2/SRI/GNAO1/GNA11/CHGA/SMPD3/SFRP1/CWH43/CPT1A/GCG/CNR1/ECRG4/FKBP1B/ACVR1C/EDN3/FFAR1/GNAZ/KCNA5/TRPM4/SNAP25/BLK/ADCYAP1/EPHA5/CRHBP/VIP/GPR119/SIDT2/ADRA2A/ITPR1/TIAM1/KCNB1/NEUROD1/F2RL1/CARTPT/SLC30A8/GPER1/PRKCB/MC4R/GPR27/ADCY5/LEP/UCN3/MAFA/C1QTNF12/EFNA5/RFX6/PRKN/FFAR4/FAM3D/AQP1/TUNAR/CCL5",59
"GO:0051051","negative regulation of transport","87/2491","407/16800",0.213759213759214,1.44165186316933,3.76332728360421,0.000210568343762189,0.00446700150660084,0.00374352810021185,"ABCC8/ATP1A2/EPHA3/GPM6B/NEDD4L/NEO1/MAOB/PLA2G10/TACR2/SRI/CEACAM1/GNAO1/NOS1/DERL3/PACSIN2/CHGA/NTSR1/NECAB2/FOXF1/SFRP1/CAV1/NHERF1/CRYAB/ADTRP/OPRM1/RAP1A/RGS2/CNR1/CASQ2/VPS4B/FKBP1B/PTK2B/CCR2/NCKAP1L/ACVR1C/PACSIN1/GNAZ/MAP1B/LGALS3/SYT11/SYT4/RSAD2/SPX/CD36/APPL2/PRKG2/SH3GL3/OSR1/SNCA/CRHBP/ADRA2A/ANK3/PID1/ANGPT1/PROM2/CLIC2/NRG1/KCNB1/LRRTM1/TRAT1/NPY5R/F2RL1/CARTPT/PRKCB/PKIG/KCNAB1/IL1RAPL1/P2RY1/BCL2/LEP/ADIPOQ/PRKN/PRKG1/FFAR4/TRDN/CHP1/LRRK2/SLC6A9/ENPP1/PLN/FAM3D/SCAMP5/MIR27B/GSTM2/TIFAB/ITGB3/MIR145",87
"GO:0006584","catecholamine metabolic process","19/2491","55/16800",0.345454545454545,2.3298419765702,4.12157059728166,0.000216199073824017,0.00454266882545708,0.00380694037665444,"MAOB/SNCB/SLC1A1/DAO/EPAS1/PDE1B/KL/HDC/SNCA/HAND2/RNF180/NPR1/TACR3/SLITRK1/GRIN2A/PRKN/MAOA/SULT1A1/SULT1A2",19
"GO:0009712","catechol-containing compound metabolic process","19/2491","55/16800",0.345454545454545,2.3298419765702,4.12157059728166,0.000216199073824017,0.00454266882545708,0.00380694037665444,"MAOB/SNCB/SLC1A1/DAO/EPAS1/PDE1B/KL/HDC/SNCA/HAND2/RNF180/NPR1/TACR3/SLITRK1/GRIN2A/PRKN/MAOA/SULT1A1/SULT1A2",19
"GO:0048245","eosinophil chemotaxis","12/2491","27/16800",0.444444444444444,2.99745751371604,4.33389111753336,0.000216505698064923,0.00454266882545708,0.00380694037665444,"CCL8/LGALS3/XCL1/XCL2/SCG2/CCL11/CCL13/CCL5/CCL23/CCL16/CCL15/CCL14",12
"GO:0014896","muscle hypertrophy","27/2491","91/16800",0.296703296703297,2.00104993360714,3.99507691343236,0.000219913953770431,0.00459740116445893,0.00385280829246799,"IGF1/MYOC/ATP2B4/ACACB/SLC9A1/RGS2/NR4A3/ADRA1A/GATA5/IL6ST/P2RX4/MSTN/PDE5A/MEIS1/MLIP/AKAP6/SORBS2/TIAM1/TRIM63/PDE9A/KLF15/HAND2/PI16/LEP/PRKG1/COL14A1/MIR145",27
"GO:1903975","regulation of glial cell migration","10/2491","20/16800",0.5,3.37213970293055,4.42877094243543,0.000222868418201478,0.00464228455159527,0.00389042238790299,"STAP1/NTN1/CCR2/ATP1B2/P2RX4/TIAM1/BMERB1/CX3CR1/P2RY12/CSF1",10
"GO:0043491","phosphatidylinositol 3-kinase/protein kinase B signal transduction","67/2491","297/16800",0.225589225589226,1.52143676832557,3.78287824441514,0.000225458268627537,0.0046792764849809,0.00392142312562507,"DCN/IGF1/MUSK/MYOC/PREX2/LTK/FERMT2/FGFR1/CEACAM1/RASD2/PPP1R16B/SMPD3/PIK3CG/PIP5K1B/UNC5B/NHERF1/GCNT2/PPARD/CD160/SFRP5/TEK/PTK2B/FLT3/CCR7/SESN2/PDGFRA/P2RX4/PRR5L/CCL21/MSTN/FGF2/PIK3C2G/NTRK3/AKR1C2/BANK1/ANGPT1/KIT/XDH/PINK1/DDR2/F2RL1/GPER1/MYORG/TMEM100/NYAP1/AXL/CX3CR1/ROR2/P2RY12/SEMA3E/PDGFD/MTM1/CCL19/LEP/CD19/ERBB4/NRXN1/HCLS1/TSPYL5/CSF1R/C1QTNF12/ROR1/MAGI2/RELN/AKR1C3/CCL5/MIR145",67
"GO:0098659","inorganic cation import across plasma membrane","33/2491","120/16800",0.275,1.8546768366118,3.92029249130953,0.000232759212155931,0.00479617459026683,0.0040193884702422,"ABCC8/ATP1A2/ATP2B4/SLC9A3/ABCC9/SLC9A1/SLC8A3/AQP8/P2RX1/SLC9A2/SLC8A2/ATP1B2/TRPM4/HCN4/SLC39A5/SLC24A4/CACNA1A/CNGA3/CACNA1B/SLC39A12/CACNA1C/KCNJ16/CACNA2D1/MS4A1/KCNK5/SLC30A8/SCNN1G/TRPV3/SCNN1B/AKAP5/SLC9A9/SLC8A1/CACNA1H",33
"GO:0099587","inorganic ion import across plasma membrane","33/2491","120/16800",0.275,1.8546768366118,3.92029249130953,0.000232759212155931,0.00479617459026683,0.0040193884702422,"ABCC8/ATP1A2/ATP2B4/SLC9A3/ABCC9/SLC9A1/SLC8A3/AQP8/P2RX1/SLC9A2/SLC8A2/ATP1B2/TRPM4/HCN4/SLC39A5/SLC24A4/CACNA1A/CNGA3/CACNA1B/SLC39A12/CACNA1C/KCNJ16/CACNA2D1/MS4A1/KCNK5/SLC30A8/SCNN1G/TRPV3/SCNN1B/AKAP5/SLC9A9/SLC8A1/CACNA1H",33
"GO:1904705","regulation of vascular associated smooth muscle cell proliferation","21/2491","64/16800",0.328125,2.21296668004817,4.05636438948342,0.000234421425360949,0.00481317419428607,0.00403363482660551,"IGF1/FGFR2/MEF2C/FGF9/NR4A3/GNA13/CDKN1A/CNN1/IL10/FGF2/TPM1/MYOCD/PDCD4/ADAMTS1/DDR2/HPGD/GPER1/NDRG2/ADIPOQ/PRKG1/MIR27B",21
"GO:0046879","hormone secretion","70/2491","314/16800",0.222929936305732,1.50350177837668,3.7577866749493,0.000239352909630478,0.00488465693171231,0.0040935402544053,"CD38/ABCC8/TFAP2B/BTK/NR1H4/CASR/NNAT/PTPRN/TACR2/SRI/FGFR1/GNAO1/GNA11/LTBP4/CHGA/SMPD3/SFRP1/CPT1A/GCG/TACR1/CNR1/ECRG4/FKBP1B/ACVR1C/EDN3/FFAR1/GNAZ/KCNA5/TRPM4/SNAP25/BLK/ADCYAP1/AGTR1/EPHA5/CRHBP/VIP/GPR119/SIDT2/ADRA2A/ITPR1/BMP6/TIAM1/KCNB1/NEUROD1/CCKAR/F2RL1/CARTPT/SLC30A8/GPER1/SLC18A2/PRKCB/GALR1/MC4R/P2RY1/GPR27/ADCY5/LEP/UCN3/ADIPOQ/MAFA/C1QTNF12/EFNA5/RFX6/PRKN/FFAR4/FAM3D/AQP1/TUNAR/RAB44/CCL5",70
"GO:0009914","hormone transport","72/2491","325/16800",0.221538461538462,1.49411728376,3.75303790907414,0.000239602235996325,0.00488465693171231,0.0040935402544053,"CD38/ABCC8/TFAP2B/BTK/NR1H4/CASR/NNAT/PTPRN/TACR2/SRI/FGFR1/GNAO1/GNA11/LTBP4/CHGA/SMPD3/SFRP1/CPT1A/GCG/TACR1/CNR1/ECRG4/FKBP1B/ACVR1C/EDN3/FFAR1/GNAZ/KCNA5/TRPM4/SNAP25/BLK/SLCO1C1/ADCYAP1/AGTR1/EPHA5/CRHBP/SLC17A4/VIP/GPR119/SIDT2/ADRA2A/ITPR1/BMP6/TIAM1/KCNB1/NEUROD1/CCKAR/F2RL1/CARTPT/SLC30A8/GPER1/SLC18A2/PRKCB/GALR1/MC4R/P2RY1/GPR27/ADCY5/LEP/UCN3/ADIPOQ/MAFA/C1QTNF12/EFNA5/RFX6/PRKN/FFAR4/FAM3D/AQP1/TUNAR/RAB44/CCL5",72
"GO:0072677","eosinophil migration","13/2491","31/16800",0.419354838709677,2.82824620245788,4.25094887181303,0.000241613865273751,0.00490826187794627,0.0041133221549487,"CCL8/LGALS3/XCL1/XCL2/PTGER4/SCG2/CCL11/CCL13/CCL5/CCL23/CCL16/CCL15/CCL14",13
"GO:2001259","positive regulation of cation channel activity","16/2491","43/16800",0.372093023255814,2.50949931380878,4.13516601463628,0.000254184221835812,0.00514544046244396,0.0043120874104615,"SCN1B/AKAP7/FGF13/STAC2/CASQ1/STAC/ANK2/JPH2/ANK3/AKAP6/CTSS/CACNB2/STIM1/LRRC55/TRDN/GSTM2",16
"GO:0090276","regulation of peptide hormone secretion","49/2491","202/16800",0.242574257425743,1.63598856874848,3.79420726513535,0.000261150221017687,0.00526790393203748,0.00441471675567111,"CD38/ABCC8/TFAP2B/NR1H4/CASR/NNAT/SRI/GNAO1/GNA11/CHGA/SFRP1/CPT1A/GCG/CNR1/ECRG4/FKBP1B/ACVR1C/FFAR1/GNAZ/KCNA5/TRPM4/SNAP25/BLK/ADCYAP1/EPHA5/CRHBP/SIDT2/ADRA2A/ITPR1/TIAM1/KCNB1/NEUROD1/F2RL1/CARTPT/SLC30A8/GPER1/PRKCB/GPR27/ADCY5/LEP/UCN3/C1QTNF12/EFNA5/RFX6/PRKN/FFAR4/FAM3D/TUNAR/CCL5",49
"GO:0060291","long-term synaptic potentiation","28/2491","97/16800",0.288659793814433,1.94680230272279,3.9018616742281,0.000282338997562176,0.0056754087307166,0.0047562222739863,"SCGN/SLC8A3/PTN/SLC1A1/MPP2/TNR/SLC8A2/PTK2B/TSHZ3/GRIA3/SNAP25/LARGE1/IGSF11/SNCA/GRIA1/PDE9A/LRRTM1/FAM107A/CX3CR1/NSG1/CALB2/AKAP5/GRIN2A/SLC18A3/SHISA7/RELN/PRRT1/VAMP2",28
"GO:0071880","adenylate cyclase-activating adrenergic receptor signaling pathway","11/2491","24/16800",0.458333333333333,3.09112806101967,4.27726323693861,0.000285321581208818,0.00571537899083447,0.00478971897008164,"ADRB1/ATP2B4/CHGA/ADRA1A/ADRA2A/ADCY9/ADRB2/DRD5/ADRA1B/ADRB3/PLN",11
"GO:0010459","negative regulation of heart rate","7/2491","11/16800",0.636363636363636,4.29181416736615,4.55662380845764,0.0002971458295389,0.00593156727089977,0.00497089350072933,"SRI/FKBP1B/ADRA1A/SPX/SPTBN4/AGTR2/PLN",7
"GO:0051481","negative regulation of cytosolic calcium ion concentration","8/2491","14/16800",0.571428571428571,3.85387394620634,4.45706668734501,0.000299629611397737,0.00596045202742419,0.00499510009603877,"ATP1A2/ATP2B1/NOS1/OPRM1/KCNA5/KCNK3/BCL2/SLC8A1",8
"GO:1901655","cellular response to ketone","30/2491","107/16800",0.280373831775701,1.89091945958722,3.85733247917684,0.000304952488115033,0.00604542018680457,0.00506630685336663,"ADCY2/SOX10/SFRP1/MAP4K1/NR3C1/SGK1/KLF9/PTGFR/PCK1/GNAI1/KLF4/MSTN/AKR1C2/FBXO32/NCF1/PRKAA2/SCNN1G/PTGDR/SCNN1B/UGT3A2/AR/PTGER4/ADCY5/NPAS4/EFNA5/GNG2/P2RY4/AKR1C3/AQP1/NCOA4",30
"GO:0007416","synapse assembly","60/2491","262/16800",0.229007633587786,1.54449146699109,3.70616002094789,0.00030792850092814,0.0060834396970305,0.00509816874208029,"MUSK/NTN1/ADD2/PLXNA2/FGFR1/MEF2C/PCDHB4/NEURL1/NRXN2/CUX2/MDGA1/GABRG2/GNA13/PTK2B/SLITRK3/FGF13/LRRC4B/MAP1B/SNAP25/DCLK1/LARGE1/ADGRB3/EPHA7/DOCK10/CBLN2/IGSF11/SNCA/SDK1/NLGN4X/VLDLR/KIRREL3/ADGRL3/GPM6A/GRIA1/LHFPL4/LRRTM1/GABRG1/HTR4/LRFN5/LRTM2/IL1RAPL1/NLGN1/NPTX1/GAP43/NEGR1/NPAS4/NECTIN3/SLITRK1/ERBB4/NRXN1/ADGRB1/EFNA5/FLRT2/NRG3/SLITRK2/MAPT/DNER/RELN/NLGN3/LINGO4",60
"GO:0046883","regulation of hormone secretion","59/2491","257/16800",0.229571984435798,1.54829760679302,3.69572556403921,0.000321415428738813,0.0063281414377378,0.00530323870705677,"CD38/ABCC8/TFAP2B/NR1H4/CASR/NNAT/TACR2/SRI/FGFR1/GNAO1/GNA11/CHGA/SFRP1/CPT1A/GCG/TACR1/CNR1/ECRG4/FKBP1B/ACVR1C/EDN3/FFAR1/GNAZ/KCNA5/TRPM4/SNAP25/BLK/ADCYAP1/AGTR1/EPHA5/CRHBP/SIDT2/ADRA2A/ITPR1/BMP6/TIAM1/KCNB1/NEUROD1/CCKAR/F2RL1/CARTPT/SLC30A8/GPER1/PRKCB/GALR1/P2RY1/GPR27/ADCY5/LEP/UCN3/ADIPOQ/C1QTNF12/EFNA5/RFX6/PRKN/FFAR4/FAM3D/TUNAR/CCL5",59
"GO:0071677","positive regulation of mononuclear cell migration","27/2491","93/16800",0.290322580645161,1.95801660170161,3.86535343126444,0.000324906508358676,0.00637504271861444,0.00534254387913656,"MADCAM1/MAPK3/RARRES2/CXCL12/NEDD9/SLAMF1/PTK2B/CCR2/CCR7/LGALS3/P2RX4/CCL21/MSTN/XCL1/JAM2/CXCL13/JAM3/CX3CR1/P2RY12/PDGFD/CMKLR1/CSF1R/CSF1/SPN/AIF1/ITGB3/CCL5",27
"GO:0042063","gliogenesis","75/2491","345/16800",0.217391304347826,1.46614769692633,3.65012791443235,0.000329750117783096,0.00644807288141163,0.00540374611204164,"ABCC8/CNTN1/MYOC/STAP1/GPM6B/LAMC3/NTN1/FGF10/SOX10/SLC8A3/MAPK3/NDRG1/PRX/PTN/PTPRZ1/GLI3/ASPA/CNTNAP1/PHOX2B/EPM2A/NR3C1/CLCN2/LEPR/CLU/PTK2B/CCR2/PLP1/NKX2-2/BMP2/RNF112/ATP1B2/NCAN/MATN2/LARGE1/TSPAN2/IL6ST/CRB1/P2RX4/FGF2/ASCL1/GPR17/HAPLN1/DAAM2/CDKN2B/LGI4/TIAM1/TAL1/PLPP3/KLF15/BMERB1/TUBA1A/MOBP/CX3CR1/ROR2/P2RY12/ZEB2/P2RY1/GPR37L1/CDK5R2/MAL/GAP43/ATOH1/CYSLTR1/C1QA/CSPG4/PENK/CSF1R/NDN/CNTN2/CSF1/ROR1/MAPT/DNER/RELN/LPAR1",75
"GO:1905521","regulation of macrophage migration","16/2491","44/16800",0.363636363636364,2.45246523849495,4.02504598752248,0.000344959670687533,0.00672262083655127,0.00563382841297712,"STAP1/MAPK3/RARRES2/SLAMF1/PTK2B/CCR2/P2RX4/MSTN/CD200R1/CX3CR1/P2RY12/CMKLR1/CSF1R/CSF1/MMP28/CCL5",16
"GO:0010644","cell communication by electrical coupling","13/2491","32/16800",0.40625,2.73986350863107,4.11029954462563,0.000352058350070044,0.00679189078708954,0.00569187943578449,"ATP1A2/SRI/CAV1/KCNA1/PDE4D/CASQ2/ATP1B2/HRC/CACNA1C/ANK3/GJC1/SLC8A1/TRDN",13
"GO:0042573","retinoic acid metabolic process","13/2491","32/16800",0.40625,2.73986350863107,4.11029954462563,0.000352058350070044,0.00679189078708954,0.00569187943578449,"CYP26B1/DHRS9/CYP2C18/CYP2C8/CYP3A4/ADH6/ADH1A/AKR1C3/ADH1B/UGT1A9/UGT1A1/UGT1A8/ADH1C",13
"GO:2000649","regulation of sodium ion transmembrane transporter activity","13/2491","32/16800",0.40625,2.73986350863107,4.11029954462563,0.000352058350070044,0.00679189078708954,0.00569187943578449,"ATP1A2/NEDD4L/SLC9A1/SCN1B/FGF13/OSR1/ANK3/SLMAP/SCN3B/SCN4B/CHP1/DMD/FXYD1",13
"GO:1903115","regulation of actin filament-based movement","15/2491","40/16800",0.375,2.52910477719791,4.0397470326753,0.0003570489264682,0.00686513136543705,0.005753258005439,"ATP1A2/SRI/CAV1/ACTA2/PDE4D/AKAP9/FGF13/TRPM4/DSC2/HCN4/ANK2/CACNA1C/ZEB2/CTNNA3/PLN",15
"GO:0032228","regulation of synaptic transmission, GABAergic","14/2491","36/16800",0.388888888888889,2.62277532450154,4.06672454161663,0.000360528102587216,0.00690892020591302,0.00578995482646206,"KCNK2/CA2/TACR1/PLCL1/CNR1/ADRA1A/PHF24/PLCL2/NPY5R/CA7/NLGN1/NPAS4/NRXN1/CNR2",14
"GO:0071294","cellular response to zinc ion","10/2491","21/16800",0.476190476190476,3.21156162183862,4.23106397604817,0.00036910498330981,0.00702643890413277,0.00588844025308121,"HVCN1/MT1G/MT2A/P2RX4/MT1E/KCNK3/MT1X/MT1F/MT1H/MT1M",10
"GO:1902307","positive regulation of sodium ion transmembrane transport","10/2491","21/16800",0.476190476190476,3.21156162183862,4.23106397604817,0.00036910498330981,0.00702643890413277,0.00588844025308121,"NOS1/SLC9A1/SCN1B/ATP1B2/FGF13/FXYD6/ANK3/CHP1/DMD/FXYD1",10
"GO:0014897","striated muscle hypertrophy","26/2491","89/16800",0.292134831460674,1.97023892755493,3.82909742096701,0.000373490277850291,0.00708645414970733,0.00593873545847066,"IGF1/MYOC/ATP2B4/ACACB/SLC9A1/RGS2/NR4A3/ADRA1A/GATA5/IL6ST/P2RX4/PDE5A/MEIS1/MLIP/AKAP6/SORBS2/TIAM1/TRIM63/PDE9A/KLF15/HAND2/PI16/LEP/PRKG1/COL14A1/MIR145",26
"GO:0002791","regulation of peptide secretion","49/2491","205/16800",0.239024390243902,1.61204727262046,3.67872400383876,0.000376917450920774,0.00708986460154942,0.00594159355517971,"CD38/ABCC8/TFAP2B/NR1H4/CASR/NNAT/SRI/GNAO1/GNA11/CHGA/SFRP1/CPT1A/GCG/CNR1/ECRG4/FKBP1B/ACVR1C/FFAR1/GNAZ/KCNA5/TRPM4/SNAP25/BLK/ADCYAP1/EPHA5/CRHBP/SIDT2/ADRA2A/ITPR1/TIAM1/KCNB1/NEUROD1/F2RL1/CARTPT/SLC30A8/GPER1/PRKCB/GPR27/ADCY5/LEP/UCN3/C1QTNF12/EFNA5/RFX6/PRKN/FFAR4/FAM3D/TUNAR/CCL5",49
"GO:0090087","regulation of peptide transport","49/2491","205/16800",0.239024390243902,1.61204727262046,3.67872400383876,0.000376917450920774,0.00708986460154942,0.00594159355517971,"CD38/ABCC8/TFAP2B/NR1H4/CASR/NNAT/SRI/GNAO1/GNA11/CHGA/SFRP1/CPT1A/GCG/CNR1/ECRG4/FKBP1B/ACVR1C/FFAR1/GNAZ/KCNA5/TRPM4/SNAP25/BLK/ADCYAP1/EPHA5/CRHBP/SIDT2/ADRA2A/ITPR1/TIAM1/KCNB1/NEUROD1/F2RL1/CARTPT/SLC30A8/GPER1/PRKCB/GPR27/ADCY5/LEP/UCN3/C1QTNF12/EFNA5/RFX6/PRKN/FFAR4/FAM3D/TUNAR/CCL5",49
"GO:1990874","vascular associated smooth muscle cell proliferation","21/2491","66/16800",0.318181818181818,2.14590708368308,3.89175441297207,0.000377369728313467,0.00708986460154942,0.00594159355517971,"IGF1/FGFR2/MEF2C/FGF9/NR4A3/GNA13/CDKN1A/CNN1/IL10/FGF2/TPM1/MYOCD/PDCD4/ADAMTS1/DDR2/HPGD/GPER1/NDRG2/ADIPOQ/PRKG1/MIR27B",21
"GO:0046928","regulation of neurotransmitter secretion","24/2491","80/16800",0.3,2.02328382175833,3.82777940875945,0.00040161760730137,0.00752084568200514,0.0063027731480143,"CAMK2A/TACR2/CHRNA3/MEF2C/RIMS4/P2RX1/RAP1A/RIMS3/CHRNB4/SYT5/SYT11/SYT4/SNCA/MICU3/GPER1/PRKCB/NLGN1/P2RY1/SNCG/PRKN/SV2B/P2RY4/SLC18A3/LRRK2",24
"GO:0015698","inorganic anion transport","42/2491","169/16800",0.248520710059172,1.67609310678205,3.68565445172381,0.000405132718365383,0.00756203895416423,0.0063372947777114,"SLC4A1/CLCA1/CLCA4/CASR/BEST2/FGFR1/SLC4A4/SLC13A1/ATP8B1/KCNK2/ABCB1/SLC26A3/CA2/SLC17A7/SLC1A1/VDR/CLIC5/GABRG2/CLCN2/SLC17A1/ANO3/ADAMTS8/SLC37A2/CLCA2/PRKG2/BEST4/SLC20A1/SLC4A10/SLC17A4/SLC26A2/CLIC2/ANO10/GABRG1/TMC4/CA7/NMUR1/ANO5/SLC17A8/CLCNKB/P2RY4/ENPP1/FXYD1",42
"GO:0055001","muscle cell development","46/2491","190/16800",0.242105263157895,1.63282554036637,3.66015873026822,0.000414649370557409,0.00771462534412474,0.00646516834965512,"IGF1/HDAC9/MYBPC2/ASB2/MYL9/MYOM1/CNTNAP1/MYL2/POPDC1/RGS2/ADRA1A/LDB3/FLNC/TMOD2/TNNT3/MYH11/LARGE1/PDGFRA/TMOD1/MYPN/TPM1/SYPL2/CASQ1/MEIS1/ANK2/MEGF10/AKAP6/UCHL1/PGM5/SORBS2/CSRP1/RCAN1/LMOD1/PI16/MYORG/CFL2/BCL2/WFIKKN2/SLC8A1/PRKG1/P2RX2/COL14A1/DNER/RYR1/NRAP/DMD",46
"GO:0071695","anatomical structure maturation","60/2491","265/16800",0.226415094339623,1.52700665793082,3.6079530396306,0.000421819719986158,0.00782271474258201,0.00655575164134684,"BTK/LTF/IGF1/MYOC/PTPRN/ROPN1/PLA2G10/CNGB1/NTN4/ACTL6B/FGFR1/PGR/SLC26A3/SOX10/LYL1/ZBTB16/TFCP2L1/EPAS1/PTK2B/RECK/CDKN1A/WNT1/BMP2/C1QL1/SPINK5/ADGRB3/EDNRB/CCL21/ASCL1/ACVRL1/SRRM4/SLC24A4/LGI4/KCNB1/HOXB13/SPTBN4/PTH1R/TAL1/TRIM58/NPPC/FEV/DEFB1/AXL/CX3CR1/BFSP2/S1PR1/CDK5R2/BCL2/PDE3A/CCL19/C1QA/LEP/BHLHA15/TMIGD1/CNTN2/CEND1/GLDN/LRRK2/RYR1/RHEX",60
"GO:0002768","immune response-regulating cell surface receptor signaling pathway","75/2491","348/16800",0.21551724137931,1.45350849264248,3.56688931485784,0.000432087617496346,0.00798736885204661,0.00669373845077264,"CD38/CD79B/BTK/CD22/LTF/STAP1/PAK3/CEACAM1/MEF2C/FCN1/SLA2/BMX/FCER2/CD79A/CD33/MAPK10/BTNL8/PDE4D/HHLA2/CD160/CR2/COLEC11/NR4A3/LAX1/NCKAP1L/CCR7/LGALS3/KLRC1/TESPA1/APPL2/BLK/BANK1/CD8A/PLCL2/MS4A1/KIT/FCN2/CD3G/FCRL3/SCIMP/FCMR/PIGR/TRAT1/CD200R1/F2RL1/PRKCB/TMIGD2/BTNL3/GCSAML/CD14/BCL2/KLHL6/THEMIS/CMKLR1/CD19/FCER1A/BTLA/PLCG2/CD247/CD3E/PJA2/CR1/NCR3/IGKC/IGLC3/IGLC7/TRGC1/IGHA2/IGHE/IGHA1/IGHD/IGHM/IGLC6/TRGC2/LILRA4",75
"GO:0018108","peptidyl-tyrosine phosphorylation","48/2491","201/16800",0.238805970149254,1.61057418647429,3.63345212897855,0.000439469121234852,0.00809778198070244,0.00678626912244236,"CD4/BTK/IGF1/EPHA3/KITLG/LTK/FGFR2/FGF10/FGFR1/GATA1/MAPK3/SFRP1/CAV1/BST1/NEDD9/GHR/THBS4/EFEMP1/PTK2B/FLT3/PDGFRA/CD36/EPHA7/BLK/ENPP2/FGF7/SFRP2/GFRA1/BANK1/BMP6/ANGPT1/NRG1/KIT/ZFYVE28/IL6R/PLPP3/DDR2/ALK/CSPG4/ERBB4/HCLS1/ADIPOQ/CSF1R/EFNA5/RELN/PLCG2/CD3E/ITGB3",48
"GO:0010460","positive regulation of heart rate","11/2491","25/16800",0.44,2.96748293857888,4.10746292305899,0.000441577661000167,0.00811063889166122,0.00679704373431231,"ADRB1/SLC1A1/PDE4D/ADRA1A/EDN3/EDN2/HRC/TRPM4/TPM1/SCN3B/TACR3",11
"GO:0007519","skeletal muscle tissue development","42/2491","170/16800",0.247058823529412,1.66623373556568,3.64274602537459,0.000462290023831353,0.00846402976753645,0.0070931995946232,"CYP26B1/BARX2/HDAC9/CDON/ABCC9/MEF2C/COL19A1/ASB2/MYOM1/CAV1/MEOX2/NEURL1/CNTNAP1/HLF/PHOX2B/RBM24/POPDC1/SMYD1/TCF21/POPDC2/POPDC3/LARGE1/FLNB/MSTN/CHRNA1/MYOCD/CASQ1/MEGF10/RCAN1/CITED2/MYORG/CFL2/B4GALNT2/MTM1/BCL2/TBX1/P2RX2/DNER/PAX5/RYR1/SVIL/DMD",42
"GO:0040013","negative regulation of locomotion","73/2491","338/16800",0.215976331360947,1.45660472375107,3.53819193771254,0.000479523514497877,0.0087379802841411,0.00732278121788024,"ABCC8/DCN/WAS/VCL/STAP1/NEXMIF/ATP2B4/NGFR/TGFBR3/FBLN1/MEF2C/HMOX1/SMAD7/NDRG4/SFRP1/WASL/MEOX2/CXCL12/NHERF1/CD69/NEDD9/ADTRP/RIPOR2/BMP5/PADI2/GNA13/DUSP1/TMIGD3/RECK/ACVR1C/ATP1B2/KLF4/CCL21/SEMA6D/FGF2/ACVRL1/TPM1/MARVELD3/MYOCD/TMEFF2/SLIT2/SFRP2/CCL28/PTPRR/CXCL13/CD200R1/ABHD6/CLDN19/CITED2/TP53INP1/BMERB1/CX3CR1/ZEB2/PTGER4/BCL2/TMEM196/PODN/ERBB4/AGTR2/ADIPOQ/MACIR/ADGRB1/CLDN5/PRKG1/NRG3/MAGI2/PTPRT/SPOCK3/ELANE/AIF1/MMP28/MIR145/ADORA3",73
"GO:0009636","response to toxic substance","57/2491","250/16800",0.228,1.53769570453633,3.57381040821695,0.000482300230819589,0.0087379802841411,0.00732278121788024,"CP/MAOB/ABCB1/PTGS1/AQP8/SLC30A4/TPO/PRDX6/MTARC2/ABCG2/TRPM6/EPHX2/CDKN1A/MT1G/MT2A/SESN2/MAP1B/GSTM1/CD36/FBLN5/SLC47A1/GLYAT/SCN2B/GRIA1/CLIC2/PINK1/SLC15A2/FABP1/TP53INP1/ALDH1A1/SLC18A2/SCN11A/SCN9A/MT1E/SLC23A1/BCL2/NHERF4/PDZK1/PENK/PRKN/MT1X/HBA2/SLC30A10/SLC22A5/AKR1B10/MB/MT1F/MT1H/MT1M/GPX3/GSTM2/CERS1/UGT1A10/GSTA1/HBB/CCL5/NEFL",57
"GO:0034695","response to prostaglandin E","12/2491","29/16800",0.413793103448276,2.79073630587356,4.0269394097236,0.000484579592043026,0.0087379802841411,0.00732278121788024,"TGFBR3/SFRP1/CCR7/GNAI1/CCL21/PRKAA2/SCN11A/PTGER4/CCL19/A2M/GNG2/P2RY4",12
"GO:0060402","calcium ion transport into cytosol","12/2491","29/16800",0.413793103448276,2.79073630587356,4.0269394097236,0.000484579592043026,0.0087379802841411,0.00732278121788024,"ADCYAP1R1/NOS1/JPH4/CAV1/P2RX4/JPH2/CACNA1C/CACNA2D1/JPH3/BCL2/SLC8A1/P2RX2",12
"GO:0014706","striated muscle tissue development","84/2491","400/16800",0.21,1.41629867523083,3.515904235573,0.000484852271810926,0.0087379802841411,0.00732278121788024,"CYP26B1/IGF1/BARX2/HDAC9/CDON/EYA2/FGFR2/ABCC9/TGFBR3/FGFR1/MEF2C/COL19A1/KCNK2/SLC9A1/ASB2/MYOM1/SMAD7/FGF9/SGCG/NDRG4/CAV1/MEOX2/NEURL1/CNTNAP1/HLF/PHOX2B/MYL2/BMP5/RBM24/POPDC1/HAND1/SMYD1/RGS2/ACADM/TCF21/ADRA1A/POPDC2/BMP2/SOX15/GATA5/SYNE1/POPDC3/MYH11/LARGE1/PDGFRA/FLNB/MSTN/CHRNA1/HCN4/FGF2/TPM1/MYOCD/CASQ1/MEIS1/MEGF10/JPH2/AKAP6/PGM5/SORBS2/NRG1/RCAN1/CITED2/PI16/MYORG/CFL2/B4GALNT2/ZFPM2/S1PR1/MTM1/BCL2/ERBB4/GJC1/SLC8A1/TBX1/PRKG1/P2RX2/COL14A1/DNER/PAX5/RYR1/SVIL/NRAP/PLN/DMD",84
"GO:0043299","leukocyte degranulation","24/2491","81/16800",0.296296296296296,1.99830500914403,3.75772113792568,0.000491619516566817,0.00882238780240794,0.00739351813525852,"BTK/RAB27A/CEACAM1/CHGA/GATA1/FOXF1/PIK3CG/CD160/NR4A3/CCR2/NCKAP1L/KIT/F2RL1/SLC18A2/PTGDR/SCN11A/FCER1A/MRGPRX2/GPR15LG/CD177/IGHE/VAMP2/RAB44/KLRF2",24
"GO:0031960","response to corticosteroid","39/2491","155/16800",0.251612903225806,1.69694772147473,3.63704009611158,0.000492605059066438,0.00882238780240794,0.00739351813525852,"MAOB/GHR/NR3C1/BCHE/SGK1/KLF9/FLT3/PCK1/CDKN1A/FOSB/CSN1S1/CDO1/SSTR4/HMGCS2/IL10/MSTN/SLIT2/BCL2L11/BMP6/FBXO32/TRIM63/GPER1/SCNN1G/FAM107A/SCNN1B/BCL2/NPAS4/A2M/HSD11B2/UCN3/SSTR2/ADIPOQ/SLIT3/AKR1C3/TAT/AQP1/UGT1A1/NEFL/SSTR3",39
"GO:0046942","carboxylic acid transport","74/2491","344/16800",0.215116279069767,1.4508042907957,3.52475601202435,0.000497514412327104,0.00888264085859789,0.00744401263557096,"CROT/ABCC8/SLC13A2/SLC7A14/ATP1A2/CASR/MPC1/PLA2G10/ABCB11/SLC46A1/ACACB/CEACAM1/ATP8B1/KCNK2/ABCB1/SLC26A3/NTSR1/SLC32A1/SLC17A7/SLC1A1/APBA1/MAP2K6/NHERF1/CPT1A/PPARD/EPM2A/SLC27A6/SLC35D1/RGS2/PLA2G2D/ABCD3/ABCG2/SLC36A1/SLC10A2/SLC6A8/SSTR4/SYT4/SPX/P2RX4/CD36/SLCO1C1/RBP5/PIANP/SLC38A4/TNFRSF11A/SLC47A1/SLC10A4/SNCA/FABP2/PMP2/SLC16A12/SLC26A2/CPT2/FABP1/SLC51A/NPY5R/SLC7A3/SLC16A9/FOLR2/CRABP1/BDKRB2/FABP4/SLC23A1/ABCD2/SLCO2A1/LEP/SLC25A20/SLC17A8/PRKG1/SLC51B/PLA2G2C/PLA2G2A/SLC6A9/AVPR1B",74
"GO:0045823","positive regulation of heart contraction","14/2491","37/16800",0.378378378378378,2.55188950492042,3.94284516394226,0.000501526704503589,0.00891902140365065,0.00747450100511925,"ATP1A2/ADRB1/CHGA/SLC1A1/PDE4D/RGS2/ADRA1A/EDN3/EDN2/HRC/TRPM4/TPM1/SCN3B/TACR3",14
"GO:0099560","synaptic membrane adhesion","13/2491","33/16800",0.393939393939394,2.65683734170286,3.97496307653743,0.000502654885159647,0.00891902140365065,0.00747450100511925,"CDH10/MDGA1/SLITRK3/LRRC4B/PTPRF/LRRC4C/SPARCL1/NTNG1/LRFN5/IL1RAPL1/SLITRK1/EFNA5/SLITRK2",13
"GO:0051235","maintenance of location","72/2491","333/16800",0.216216216216216,1.45822257424024,3.52383278464827,0.000505076849175657,0.00893442094126417,0.00748740644105906,"SCIN/CD4/ABHD5/ATP1A2/PLA2G10/SRI/ACACB/PGR/JPH4/BDKRB1/NTSR1/CAV1/CPT1A/PPARD/PDE4D/CASQ2/FKBP1B/PTK2B/ACVR1C/SLC25A23/CCR7/AKAP9/HRC/SYNE1/DZIP1/CD36/IL10/CCL21/PLCE1/FGF2/XCL1/CASQ1/IGSF11/SNCA/ANK2/GSN/JPH2/ITPR1/CACNA1C/ANK3/AKAP6/JPH3/CLIC2/NRG1/PINK1/HK2/GPER1/SLC18A2/GP9/VSTM2A/NEGR1/CCL19/XCR1/LEP/CD19/DAND5/SLC8A1/DHRS7C/GP1BA/TRDN/PLCD1/CIDEC/RYR1/FLNA/ENPP1/PLCG2/PLN/RYR3/DMD/MIR10B/GSTM2/ITGB3",72
"GO:1903531","negative regulation of secretion by cell","37/2491","145/16800",0.255172413793103,1.72095405528869,3.63783677228312,0.00050823156404275,0.00896264804196861,0.00751106189416747,"ABCC8/NEO1/MAOB/TACR2/CEACAM1/GNAO1/CHGA/FOXF1/SFRP1/ADTRP/OPRM1/RAP1A/CNR1/VPS4B/FKBP1B/CCR2/NCKAP1L/ACVR1C/GNAZ/SYT11/SYT4/RSAD2/SNCA/CRHBP/ADRA2A/KCNB1/NPY5R/F2RL1/CARTPT/IL1RAPL1/P2RY1/LEP/ADIPOQ/PRKN/PRKG1/FFAR4/FAM3D",37
"GO:0003300","cardiac muscle hypertrophy","25/2491","86/16800",0.290697674418605,1.96054633891311,3.72607236106092,0.000520653478007345,0.00915362949560926,0.00767111208382302,"IGF1/ATP2B4/ACACB/SLC9A1/RGS2/NR4A3/ADRA1A/GATA5/IL6ST/P2RX4/PDE5A/MEIS1/MLIP/AKAP6/SORBS2/TIAM1/TRIM63/PDE9A/KLF15/HAND2/PI16/LEP/PRKG1/COL14A1/MIR145",25
"GO:0015849","organic acid transport","74/2491","345/16800",0.214492753623188,1.44659906096731,3.49705406622161,0.000543324588697058,0.00952308859883959,0.00798073376914774,"CROT/ABCC8/SLC13A2/SLC7A14/ATP1A2/CASR/MPC1/PLA2G10/ABCB11/SLC46A1/ACACB/CEACAM1/ATP8B1/KCNK2/ABCB1/SLC26A3/NTSR1/SLC32A1/SLC17A7/SLC1A1/APBA1/MAP2K6/NHERF1/CPT1A/PPARD/EPM2A/SLC27A6/SLC35D1/RGS2/PLA2G2D/ABCD3/ABCG2/SLC36A1/SLC10A2/SLC6A8/SSTR4/SYT4/SPX/P2RX4/CD36/SLCO1C1/RBP5/PIANP/SLC38A4/TNFRSF11A/SLC47A1/SLC10A4/SNCA/FABP2/PMP2/SLC16A12/SLC26A2/CPT2/FABP1/SLC51A/NPY5R/SLC7A3/SLC16A9/FOLR2/CRABP1/BDKRB2/FABP4/SLC23A1/ABCD2/SLCO2A1/LEP/SLC25A20/SLC17A8/PRKG1/SLC51B/PLA2G2C/PLA2G2A/SLC6A9/AVPR1B",74
"GO:1903532","positive regulation of secretion by cell","65/2491","295/16800",0.220338983050847,1.48602766569821,3.51389007658619,0.000546016372525743,0.0095411797132234,0.00799589485538419,"CD38/ABCC8/NR1H4/IGF1/CASR/NNAT/PLA2G10/RAB27A/TACR2/SRI/FGFR1/GNA11/RPH3A/NTSR1/MYOM1/GATA1/SMPD3/CD33/CXCL12/MAP2K6/SYT10/GCG/TACR1/CD160/ECRG4/VPS4B/EDN3/BMP2/FFAR1/TRPM4/SNAP25/SYT4/P2RX4/BLK/ADCYAP1/TNFRSF11A/SNCA/ITPR1/BMP6/MICU3/KCNB1/PINK1/F2RL1/CARTPT/SLC30A8/GPER1/APBB1/PRKCB/GALR1/OR51E2/GDNF/NLGN1/P2RY1/GPR27/CDK5R2/BSG/LEP/UCN3/C1QTNF12/RFX6/FFAR4/SLC18A3/SCAMP5/CD177/TUNAR",65
"GO:0018212","peptidyl-tyrosine modification","48/2491","203/16800",0.236453201970443,1.59470646049918,3.55680303020338,0.000556821040384365,0.00970049745809004,0.00812940957524478,"CD4/BTK/IGF1/EPHA3/KITLG/LTK/FGFR2/FGF10/FGFR1/GATA1/MAPK3/SFRP1/CAV1/BST1/NEDD9/GHR/THBS4/EFEMP1/PTK2B/FLT3/PDGFRA/CD36/EPHA7/BLK/ENPP2/FGF7/SFRP2/GFRA1/BANK1/BMP6/ANGPT1/NRG1/KIT/ZFYVE28/IL6R/PLPP3/DDR2/ALK/CSPG4/ERBB4/HCLS1/ADIPOQ/CSF1R/EFNA5/RELN/PLCG2/CD3E/ITGB3",48
"GO:1902305","regulation of sodium ion transmembrane transport","17/2491","50/16800",0.34,2.29305499799277,3.82048528015316,0.000565618877703902,0.00982399676108681,0.00823290699077997,"ATP1A2/NEDD4L/ATP2B4/NOS1/SLC9A1/SCN1B/ATP1B2/FGF13/FXYD6/OSR1/ANK3/SLMAP/SCN3B/SCN4B/CHP1/DMD/FXYD1",17
"GO:0014821","phasic smooth muscle contraction","10/2491","22/16800",0.454545454545455,3.06558154811868,4.04489756441674,0.00058717865956335,0.0101372075490381,0.0084953903107996,"TACR2/EDN3/EDN2/EDNRB/KIT/SCN11A/GDNF/SSTR2/P2RX2/TIFAB",10
"GO:0045932","negative regulation of muscle contraction","10/2491","22/16800",0.454545454545455,3.06558154811868,4.04489756441674,0.00058717865956335,0.0101372075490381,0.0084953903107996,"ATP1A2/SRI/PIK3CG/RGS2/PDE5A/ADRA2A/GUCY1A1/ARHGAP42/ADRB2/PRKG1",10
"GO:0072676","lymphocyte migration","29/2491","106/16800",0.273584905660377,1.84513304499973,3.64184743367184,0.000593123918713611,0.0101871252425744,0.00853722335880162,"ITGAL/TBX21/MADCAM1/PIK3CG/WASL/CXCL12/CD69/NEDD9/ADTRP/RIPOR2/PADI2/PTK2B/CCR2/CCR7/GNAI1/CCL21/ITGB7/XCL1/GPR15/JAM2/CXCL13/CD200R1/GCSAML/S1PR1/GPR15LG/SPN/AIF1/ITGB3/CCL5",29
"GO:0055123","digestive system development","36/2491","141/16800",0.25531914893617,1.7219436780922,3.59180166084833,0.000593614012221677,0.0101871252425744,0.00853722335880162,"OTC/FGFR2/FGF10/PCSK5/SOX10/FGF9/FOXF1/SALL1/SFRP1/RARRES2/GLI3/NKX3-2/TCF21/NKX2-3/SFRP5/NPY/CDKN1A/NKX2-2/GATA5/PYY/HMGCS2/IL6ST/PDGFRA/EDNRB/FOXF2/ASCL1/MYOCD/SFRP2/KIT/SOX17/CLMP/RBPMS2/BCL2/TMIGD1/MIXL1/LGR4",36
"GO:0090278","negative regulation of peptide hormone secretion","16/2491","46/16800",0.347826086956522,2.34583631508212,3.8136061569902,0.000612411741348653,0.0104784378006351,0.00878135507566662,"ABCC8/GNAO1/CHGA/SFRP1/FKBP1B/ACVR1C/GNAZ/CRHBP/ADRA2A/KCNB1/F2RL1/CARTPT/LEP/PRKN/FFAR4/FAM3D",16
"GO:0032341","aldosterone metabolic process","7/2491","12/16800",0.583333333333333,3.93416298675231,4.24227984898964,0.000621733236329369,0.0105437887187538,0.00883612179065214,"BMP5/CLCN2/BMP2/EDNRB/BMP6/SCNN1B/CACNA1H",7
"GO:0051280","negative regulation of release of sequestered calcium ion into cytosol","7/2491","12/16800",0.583333333333333,3.93416298675231,4.24227984898964,0.000621733236329369,0.0105437887187538,0.00883612179065214,"SRI/NTSR1/CASQ2/FKBP1B/CLIC2/TRDN/GSTM2",7
"GO:1901077","regulation of relaxation of muscle","7/2491","12/16800",0.583333333333333,3.93416298675231,4.24227984898964,0.000621733236329369,0.0105437887187538,0.00883612179065214,"ABCC8/SRI/CHGA/PDE4D/HRC/PLN/TIFAB",7
"GO:0035418","protein localization to synapse","25/2491","87/16800",0.28735632183908,1.9380113235233,3.65985970606858,0.000629254193244238,0.0106004294459893,0.00888358901306282,"ARHGAP44/LRRC7/ZDHHC15/CACNG7/LGI1/NRXN2/RAP1A/SLITRK3/OLFM1/TMEM108/DLG2/KIF5A/LHFPL4/LRRTM1/MAP1A/KIF5C/NSG1/NLGN1/NPTX1/ERBB4/NRXN1/GRIN2A/MAPT/VWC2/RELN",25
"GO:0042100","B cell proliferation","25/2491","87/16800",0.28735632183908,1.9380113235233,3.65985970606858,0.000629254193244238,0.0106004294459893,0.00888358901306282,"CD38/BTK/CD22/MEF2C/CD40LG/CD79A/IL2/BST1/CR2/SASH3/NCKAP1L/CDKN1A/CD180/IL10/PLCL2/MS4A1/TNFRSF13C/FCRL3/IKZF3/MZB1/BCL2/GAPT/CD19/IGHE/TNFRSF13B",25
"GO:0055002","striated muscle cell development","40/2491","162/16800",0.246913580246914,1.66525417428669,3.54991939961932,0.000630604778314203,0.0106004294459893,0.00888358901306282,"IGF1/HDAC9/MYBPC2/ASB2/MYL9/MYOM1/CNTNAP1/MYL2/POPDC1/RGS2/ADRA1A/LDB3/FLNC/TMOD2/TNNT3/MYH11/LARGE1/PDGFRA/TMOD1/MYPN/TPM1/CASQ1/MEIS1/AKAP6/PGM5/SORBS2/CSRP1/RCAN1/LMOD1/PI16/MYORG/CFL2/BCL2/SLC8A1/PRKG1/P2RX2/COL14A1/DNER/RYR1/NRAP",40
"GO:0071384","cellular response to corticosteroid stimulus","20/2491","64/16800",0.3125,2.10758731433159,3.70395808392678,0.000668341086554523,0.0112020201358658,0.00938774636538301,"NR3C1/SGK1/KLF9/FLT3/PCK1/SSTR4/HMGCS2/MSTN/BCL2L11/FBXO32/GPER1/SCNN1G/FAM107A/SCNN1B/NPAS4/SSTR2/AKR1C3/AQP1/UGT1A1/SSTR3",20
"GO:1903524","positive regulation of blood circulation","14/2491","38/16800",0.368421052631579,2.48473451794883,3.82297644803242,0.000686779252272884,0.0114775986084791,0.00961869228167989,"ATP1A2/ADRB1/CHGA/SLC1A1/PDE4D/RGS2/ADRA1A/EDN3/EDN2/HRC/TRPM4/TPM1/SCN3B/TACR3",14
"GO:0086004","regulation of cardiac muscle cell contraction","13/2491","34/16800",0.382352941176471,2.57869506694689,3.84456242017803,0.00070433175715181,0.0117368210778718,0.00983593120513756,"ATP1A2/SRI/CAV1/PDE4D/AKAP9/FGF13/TRPM4/DSC2/HCN4/ANK2/CACNA1C/CTNNA3/PLN",13
"GO:0051048","negative regulation of secretion","40/2491","163/16800",0.245398773006135,1.65503789100886,3.50628047721442,0.000718217958957554,0.0119336273007138,0.0100008627871881,"ABCC8/NEO1/MAOB/TACR2/CEACAM1/GNAO1/CHGA/FOXF1/SFRP1/ADTRP/OPRM1/RAP1A/CNR1/VPS4B/FKBP1B/CCR2/NCKAP1L/ACVR1C/GNAZ/SYT11/SYT4/RSAD2/SPX/SNCA/CRHBP/ADRA2A/NRG1/KCNB1/NPY5R/F2RL1/CARTPT/IL1RAPL1/P2RY1/LEP/ADIPOQ/PRKN/PRKG1/FFAR4/FAM3D/TIFAB",40
"GO:0046651","lymphocyte proliferation","63/2491","287/16800",0.219512195121951,1.48045157689634,3.42532289982187,0.000729352893054573,0.0120837169515007,0.0101266439906288,"CD38/BTK/CD22/IGF1/KITLG/FGF10/MEF2C/CD209/SOS2/CD40LG/CLC/EBI3/CD79A/PIK3CG/VSIR/IL2/BST1/RIPOR2/HHLA2/TACR1/SLAMF1/PLA2G2D/CR2/FKBP1B/CCR2/FLT3/SASH3/NCKAP1L/CDKN1A/PLA2G5/LGALS3/SFTPD/CD180/IL6ST/DOCK2/IL10/PDE5A/XCL1/PLCL2/VSIG4/MS4A1/CD1D/TNFRSF13C/ZBTB7B/FCRL3/IKZF3/LMO1/TMIGD2/LGALS9B/MZB1/BCL2/LGALS9C/CCL19/LEP/GAPT/CD19/SPN/CD3E/CR1/AIF1/IGHE/TNFRSF13B/CCL5",63
"GO:0045926","negative regulation of growth","52/2491","227/16800",0.229074889867841,1.54494506213558,3.44896686556859,0.0007420563423346,0.0122588560692,0.01027341766142,"SEMA3G/FHL1/ADRB1/NTN1/CDHR2/MAP2/KCNK2/CGRRF1/BDKRB1/WFDC1/SFRP1/CRYAB/MYL2/TNR/RGS2/SOCS2/CDKN1A/MT1G/MT2A/FGF13/SESN2/SPART/RERG/EPHA7/SEMA6D/MSTN/ACVRL1/ESR2/EAF2/SLIT2/PLAC8/SFRP2/CDA/CITED2/PI16/SOX17/ADRB2/NPR1/MT1E/BCL2/TMEM196/AGTR2/RGMA/SLIT3/MT1X/ADRB3/DACT3/ENPP1/MT1F/TRIM40/MT1H/MT1M",52
"GO:0014743","regulation of muscle hypertrophy","19/2491","60/16800",0.316666666666667,2.13568847852268,3.67689353728762,0.000752724898484677,0.0123640441182526,0.0103615695048552,"IGF1/ATP2B4/ACACB/SLC9A1/RGS2/NR4A3/ADRA1A/GATA5/IL6ST/P2RX4/MSTN/PDE5A/MLIP/AKAP6/TRIM63/PDE9A/HAND2/PI16/MIR145",19
"GO:0046173","polyol biosynthetic process","19/2491","60/16800",0.316666666666667,2.13568847852268,3.67689353728762,0.000752724898484677,0.0123640441182526,0.0103615695048552,"ADCYAP1R1/NTSR1/SCP2/CD244/PCK1/IMPA1/CYP27A1/ITPKA/SNCA/PTH1R/CYP3A4/IP6K3/GPER1/P2RY1/SPTLC3/LEP/PRKG1/PLCG2/AVPR1B",19
"GO:0010232","vascular transport","25/2491","88/16800",0.284090909090909,1.91598846757418,3.59452133302598,0.000757098207767926,0.0123652204444824,0.010362555313857,"ATP1A2/ATP2B4/ABCC9/ATP2A3/SLC4A4/ABCB1/SLC1A1/NHERF1/LEPR/SLC8A2/ABCG2/FLVCR2/ATP8A1/ATP1B2/CD36/SLC28A2/SLCO1C1/SLC2A13/SLC16A12/SLC15A2/SLC7A3/SLC2A4/SLC6A9/SLC22A5/AVPR1B",25
"GO:0150104","transport across blood-brain barrier","25/2491","88/16800",0.284090909090909,1.91598846757418,3.59452133302598,0.000757098207767926,0.0123652204444824,0.010362555313857,"ATP1A2/ATP2B4/ABCC9/ATP2A3/SLC4A4/ABCB1/SLC1A1/NHERF1/LEPR/SLC8A2/ABCG2/FLVCR2/ATP8A1/ATP1B2/CD36/SLC28A2/SLCO1C1/SLC2A13/SLC16A12/SLC15A2/SLC7A3/SLC2A4/SLC6A9/SLC22A5/AVPR1B",25
"GO:0032332","positive regulation of chondrocyte differentiation","9/2491","19/16800",0.473684210526316,3.19465866593421,3.99354702755696,0.000766630408283995,0.0124744162610685,0.0104540658287318,"SMAD7/GLI3/ZBTB16/GDF5/SOX5/PRKG2/ACVRL1/BMP6/GDF6",9
"GO:0070663","regulation of leukocyte proliferation","58/2491","260/16800",0.223076923076923,1.50449309823055,3.42056688985057,0.000768123735678941,0.0124744162610685,0.0104540658287318,"CD38/BTK/CD22/IGF1/KITLG/FGF10/MEF2C/CD209/IL5RA/CSF2RB/SOS2/CD40LG/MAPK3/CLC/EBI3/VSIR/CCL8/IL2/BST1/RIPOR2/HHLA2/TACR1/SLAMF1/PLA2G2D/CCR2/SASH3/NCKAP1L/CDKN1A/PLA2G5/LGALS3/SFTPD/IL6ST/IL10/PDE5A/XCL1/VSIG4/KIT/CD1D/TNFRSF13C/ZBTB7B/FCRL3/IKZF3/LMO1/TMIGD2/LGALS9B/MZB1/BCL2/LGALS9C/CCL19/LEP/CSF1R/CSF1/SPN/CD3E/CR1/AIF1/TNFRSF13B/CCL5",58
"GO:0002792","negative regulation of peptide secretion","16/2491","47/16800",0.340425531914894,2.29592490412293,3.7119866667753,0.000802196707059222,0.0129545754743918,0.0108564586877885,"ABCC8/GNAO1/CHGA/SFRP1/FKBP1B/ACVR1C/GNAZ/CRHBP/ADRA2A/KCNB1/F2RL1/CARTPT/LEP/PRKN/FFAR4/FAM3D",16
"GO:0031279","regulation of cyclase activity","16/2491","47/16800",0.340425531914894,2.29592490412293,3.7119866667753,0.000802196707059222,0.0129545754743918,0.0108564586877885,"PALM/MAPK3/CAP2/CCR2/TMIGD3/EDNRB/ADCYAP1/CACNA1C/GALR1/STIM1/DRD5/GNG7/AKAP5/P2RY13/RD3/ADORA3",16
"GO:0008643","carbohydrate transport","34/2491","133/16800",0.255639097744361,1.72410150225021,3.49800550194334,0.000810304053625872,0.0130123966600423,0.0109049151821394,"IGF1/OPN3/ABCB11/ACACB/SORBS1/SMPD3/CLIP3/PPARD/NR4A3/SESN2/RNASEL/APPL2/SLC2A5/PID1/SLC5A10/SLC5A11/HK2/KLF15/AQP7/PRKCB/SLC23A1/MFSD4A/LEP/AQP11/ITLN1/ADIPOQ/SLC2A4/C1QTNF12/DHRS7C/TRARG1/FFAR4/ENPP1/AQP1/AQP7B",34
"GO:0051592","response to calcium ion","34/2491","133/16800",0.255639097744361,1.72410150225021,3.49800550194334,0.000810304053625872,0.0130123966600423,0.0109049151821394,"CASR/RASGRP2/ABCC9/MEF2C/CAV1/CASQ2/PTK2B/HPCA/CPNE5/SLC25A23/FOSB/ITPKA/CPNE8/KCNH1/CRHBP/KCNMB1/MICU3/KCNMA1/KCNB1/PRKAA2/SMPD1/CHP2/STIM1/TUBA1A/NLGN1/NRXN1/PENK/AKR1C3/RYR1/CPNE4/KCNMB2/PLCG2/RYR3/TXNIP",34
"GO:0051963","regulation of synapse assembly","40/2491","164/16800",0.24390243902439,1.64494619655149,3.4629393955311,0.000816419952686492,0.013074089994414,0.010956616693875,"MUSK/NTN1/FGFR1/MEF2C/NEURL1/NRXN2/CUX2/MDGA1/GNA13/PTK2B/SLITRK3/LRRC4B/MAP1B/SNAP25/DCLK1/ADGRB3/EPHA7/DOCK10/CBLN2/IGSF11/SNCA/NLGN4X/VLDLR/LHFPL4/LRRTM1/HTR4/LRFN5/LRTM2/IL1RAPL1/NLGN1/NEGR1/NECTIN3/SLITRK1/NRXN1/ADGRB1/EFNA5/FLRT2/SLITRK2/NLGN3/LINGO4",40
"GO:0034219","carbohydrate transmembrane transport","33/2491","128/16800",0.2578125,1.73875953432356,3.50056519044516,0.000819279484629077,0.0130834382142571,0.0109644508805476,"IGF1/OPN3/ABCB11/ACACB/SORBS1/CLIP3/PPARD/NR4A3/SESN2/RNASEL/APPL2/SLC2A5/PID1/SLC5A10/SLC5A11/HK2/KLF15/AQP7/PRKCB/SLC23A1/MFSD4A/LEP/AQP11/ITLN1/ADIPOQ/SLC2A4/C1QTNF12/DHRS7C/TRARG1/FFAR4/ENPP1/AQP1/AQP7B",33
"GO:0022600","digestive system process","29/2491","108/16800",0.268518518518519,1.81096391453678,3.52763104964219,0.0008239766361752,0.0131219991173718,0.0109967664784193,"LIMA1/FGF10/SLC46A1/PBLD/CRACD/IL10RA/VDR/LPCAT3/SGK1/NKX2-3/PLS1/CD36/GCNT3/SLC2A5/MUC4/FABP2/ADRA2A/NEUROD1/NPPC/INAVA/FABP1/HTR4/MOGAT2/NEGR1/LEP/CYP8B1/SLC22A5/AQP1/TIFAB",29
"GO:0034394","protein localization to cell surface","20/2491","65/16800",0.307692307692308,2.07516289411111,3.62361479845325,0.000832720308110883,0.0132246106390317,0.0110827590875938,"VCL/GPM6B/NEDD4L/FGF10/FCN1/TMEM35A/FBLN5/FGF7/ANK2/GPD1L/ANGPT1/JAM3/RIC3/MAP1A/ERBB4/FLNA/CD247/PRRT1/CD177/GPIHBP1",20
"GO:0050829","defense response to Gram-negative bacterium","23/2491","79/16800",0.291139240506329,1.96352438398488,3.58153392334508,0.000836055510493943,0.0132410003576575,0.0110964943353075,"CD4/LTF/CTSG/CHGA/RARRES2/DAO/CD160/NPY/TSLP/VIP/FCN2/IL6R/CAMP/F2RL1/DEFB1/B2M/SSC5D/ADGRB1/ELANE/MPEG1/IGHM/AQP1/LYPD8",23
"GO:0042327","positive regulation of phosphorylation","94/2491","465/16800",0.202150537634409,1.36335970785149,3.31533647491094,0.000877141270538191,0.0138535306712199,0.0116098195351455,"TENM1/CD4/LTF/IGF1/FAS/MUSK/KITLG/FNIP2/FGF10/FERMT2/FGFR1/CHRNA3/STRADB/NOS1/EEF1A2/RASSF2/GATA1/CLIP3/PIK3CG/CAV1/RARRES2/NEDD9/ADTRP/GHR/THBS4/GCG/RAP1A/LEPR/SLC8A2/TEK/PTK2B/FLT3/NCKAP1L/EDN3/CDKN1A/BMP2/CCR7/AKAP9/CD36/EPHA7/NIBAN1/MMD2/ENPP2/ARRB1/FGF2/PDE5A/PELI2/FGF7/NTRK3/ADCYAP1/TNFRSF11A/SNCA/SFRP2/ADRA2A/GFRA1/BANK1/BMP6/ANGPT1/PROM2/PPARGC1B/NRG1/KIT/PINK1/IL6R/PLPP3/DDR2/CLDN19/CARTPT/TLR3/GPER1/CX3CR1/AR/RSPO1/ADRB2/P2RY1/FAXDC2/CCL19/CSPG4/LEP/ERBB4/ITLN1/HCLS1/ADIPOQ/CSF1R/TBX1/EFNA5/MAPT/LRRK2/RELN/ELANE/PLCG2/CD3E/ITGB3/CCL5",94
"GO:0007269","neurotransmitter secretion","36/2491","144/16800",0.25,1.68606985146527,3.44975427992581,0.00090078566235315,0.0140994692075876,0.0118159259849546,"ABCC8/CAMK2A/TACR2/CHRNA3/MEF2C/RPH3A/RIMS4/SLC32A1/SYP/GRIK5/P2RX1/NRXN2/RAP1A/RIMS3/CHRNB4/SYT5/SNAP25/SYT11/SYT4/UNC13C/SNCA/MICU3/SYN2/GPER1/PRKCB/NLGN1/P2RY1/SYT9/SNCG/NRXN1/PRKN/SV2B/P2RY4/SLC18A3/LRRK2/VAMP2",36
"GO:0099643","signal release from synapse","36/2491","144/16800",0.25,1.68606985146527,3.44975427992581,0.00090078566235315,0.0140994692075876,0.0118159259849546,"ABCC8/CAMK2A/TACR2/CHRNA3/MEF2C/RPH3A/RIMS4/SLC32A1/SYP/GRIK5/P2RX1/NRXN2/RAP1A/RIMS3/CHRNB4/SYT5/SNAP25/SYT11/SYT4/UNC13C/SNCA/MICU3/SYN2/GPER1/PRKCB/NLGN1/P2RY1/SYT9/SNCG/NRXN1/PRKN/SV2B/P2RY4/SLC18A3/LRRK2/VAMP2",36
"GO:0014910","regulation of smooth muscle cell migration","21/2491","70/16800",0.3,2.02328382175833,3.5794895134295,0.000902522989805575,0.0140994692075876,0.0118159259849546,"IGF1/MEF2C/FGF9/NDRG4/TACR1/NR4A3/GNA13/SEMA6D/TPM1/MYOCD/SLIT2/ADAMTS1/DDR2/PDGFD/BCL2/ADIPOQ/PRKG1/LPAR1/AIF1/ITGB3/CCL5",21
"GO:2000401","regulation of lymphocyte migration","21/2491","70/16800",0.3,2.02328382175833,3.5794895134295,0.000902522989805575,0.0140994692075876,0.0118159259849546,"MADCAM1/WASL/CXCL12/CD69/NEDD9/ADTRP/RIPOR2/PADI2/PTK2B/CCR2/CCL21/XCL1/JAM2/CXCL13/CD200R1/GCSAML/GPR15LG/SPN/AIF1/ITGB3/CCL5",21
"GO:0032943","mononuclear cell proliferation","64/2491","295/16800",0.216949152542373,1.46316570161054,3.34860230716774,0.000915710348367349,0.0142667175955661,0.0119560869047992,"CD38/BTK/CD22/IGF1/KITLG/FGF10/MEF2C/CD209/SOS2/CD40LG/CLC/EBI3/CD79A/PIK3CG/VSIR/IL2/BST1/RIPOR2/HHLA2/TACR1/SLAMF1/PLA2G2D/CR2/FKBP1B/CCR2/FLT3/SASH3/NCKAP1L/CDKN1A/PLA2G5/LGALS3/SFTPD/CD180/IL6ST/DOCK2/IL10/PDE5A/XCL1/PLCL2/VSIG4/MS4A1/CD1D/TNFRSF13C/ZBTB7B/FCRL3/IKZF3/LMO1/TMIGD2/LGALS9B/MZB1/BCL2/LGALS9C/CCL19/LEP/GAPT/CD19/CSF1/SPN/CD3E/CR1/AIF1/IGHE/TNFRSF13B/CCL5",64
"GO:0007616","long-term memory","14/2491","39/16800",0.358974358974359,2.42102337646296,3.70687123072416,0.000926752144542557,0.0143223066639117,0.0120026727944858,"CPEB3/TACR1/SGK1/ACSS2/SNAP25/CAMK4/GRIA1/CAMK2N1/PTCHD1/NPAS4/SLC2A4/LRRC66/RELN/PJA2",14
"GO:0098703","calcium ion import across plasma membrane","14/2491","39/16800",0.358974358974359,2.42102337646296,3.70687123072416,0.000926752144542557,0.0143223066639117,0.0120026727944858,"ATP2B4/SLC8A3/P2RX1/SLC8A2/SLC24A4/CACNA1A/CACNA1B/CACNA1C/CACNA2D1/MS4A1/TRPV3/AKAP5/SLC8A1/CACNA1H",14
"GO:1902656","calcium ion import into cytosol","14/2491","39/16800",0.358974358974359,2.42102337646296,3.70687123072416,0.000926752144542557,0.0143223066639117,0.0120026727944858,"ATP2B4/SLC8A3/P2RX1/SLC8A2/SLC24A4/CACNA1A/CACNA1B/CACNA1C/CACNA2D1/MS4A1/TRPV3/AKAP5/SLC8A1/CACNA1H",14
"GO:0043255","regulation of carbohydrate biosynthetic process","27/2491","99/16800",0.272727272727273,1.83934892887121,3.49472363221028,0.000948826276325028,0.0146241347522589,0.0122556169514312,"PDK2/IGF1/ADCYAP1R1/SORBS1/NTSR1/SMPD3/PPARGC1A/NR3C1/KAT2B/GCG/LEPR/ACADM/PPP1R3C/CD244/DYRK2/SESN2/SNCA/PTH1R/GPER1/GPT/P2RY1/LEP/ADIPOQ/C1QTNF12/PRKG1/ENPP1/AVPR1B",27
"GO:0010758","regulation of macrophage chemotaxis","11/2491","27/16800",0.407407407407407,2.74766938757304,3.7919248760875,0.000970814001120901,0.0147907499428569,0.0123952472262372,"STAP1/MAPK3/RARRES2/SLAMF1/PTK2B/MSTN/CMKLR1/CSF1R/CSF1/MMP28/CCL5",11
"GO:0051953","negative regulation of amine transport","11/2491","27/16800",0.407407407407407,2.74766938757304,3.7919248760875,0.000970814001120901,0.0147907499428569,0.0123952472262372,"CHGA/RGS2/CNR1/SYT11/SYT4/SNCA/ADRA2A/NPY5R/P2RY1/LEP/PRKG1",11
"GO:1905523","positive regulation of macrophage migration","11/2491","27/16800",0.407407407407407,2.74766938757304,3.7919248760875,0.000970814001120901,0.0147907499428569,0.0123952472262372,"MAPK3/RARRES2/SLAMF1/P2RX4/MSTN/CX3CR1/P2RY12/CMKLR1/CSF1R/CSF1/CCL5",11
"GO:0010649","regulation of cell communication by electrical coupling","8/2491","16/16800",0.5,3.37213970293055,3.9607411029581,0.000972500170186102,0.0147907499428569,0.0123952472262372,"SRI/CAV1/PDE4D/CASQ2/HRC/ANK3/SLC8A1/TRDN",8
"GO:0052695","cellular glucuronidation","8/2491","16/16800",0.5,3.37213970293055,3.9607411029581,0.000972500170186102,0.0147907499428569,0.0123952472262372,"UGT2A3/UGT2B15/UGT2B17/UGT2B11/UGT1A9/UGT1A1/UGT1A8/UGT1A10",8
"GO:0097530","granulocyte migration","38/2491","155/16800",0.245161290322581,1.65343624143691,3.40997428807102,0.000980441701858809,0.0148554766763897,0.0124494908492709,"MAPK3/PIK3CG/RARRES2/CCL8/BST1/RIPOR2/THBS4/SLAMF1/NCKAP1L/EDN3/CCR7/EDN2/LGALS3/CCL21/MSTN/XCL1/XCL2/SLIT2/MCOLN2/CXCL13/JAML/JAM3/PTGER4/SCG2/CCL11/BSG/CCL19/CMKLR1/CCL13/CSF1R/CAMK1D/CSF1/CD177/CCL5/CCL23/CCL16/CCL15/CCL14",38
"GO:0048771","tissue remodeling","42/2491","176/16800",0.238636363636364,1.60943031276231,3.39106846193184,0.000981924010615424,0.0148554766763897,0.0124494908492709,"CD38/PDK4/FGF10/CEACAM1/MEF2C/RASSF2/SFRP1/PTN/CAV1/IL2/VDR/THBS4/NPR3/EPAS1/LEPR/PTK2B/CCR2/GDF5/TPH1/CRB1/GPR55/ACVRL1/TNFRSF11A/RSPO3/PPARGC1B/PTH1R/DDR2/NPPC/HAND2/CARTPT/MC4R/AXL/ADRB2/S1PR1/CSPG4/LEP/AGTR2/CSF1R/FLNA/LGR4/MIR27B/ITGB3",42
"GO:0001764","neuron migration","44/2491","187/16800",0.235294117647059,1.58688927196732,3.36726176211422,0.00102802630146282,0.0154926419017353,0.0129834611024787,"NEXMIF/NTN1/NEO1/CAMK2A/DCX/FGFR1/MEF2C/SEMA6A/CXCL12/PHOX2B/MDGA1/FGF13/MAP1B/MATN2/DCLK1/LARGE1/CHL1/TUBB2B/ASCL1/GFRA3/KIRREL3/ADGRL3/GPM6A/ASTN1/IGSF10/UNC5D/NTNG1/CCKAR/TUBA1A/AXL/SEMA3E/CDK5R2/ATOH1/NDNF/ERBB4/UNC5C/NDN/CNTN2/FLRT2/PRKG1/NRG3/DNER/RELN/FLNA",44
"GO:0050708","regulation of protein secretion","58/2491","263/16800",0.220532319391635,1.48733157999979,3.32351775647254,0.00102942932796363,0.0154926419017353,0.0129834611024787,"CD38/ABCC8/TFAP2B/NR1H4/IGF1/CASR/NNAT/NEO1/SRI/GNAO1/GNA11/CHGA/MYOM1/SFRP1/CD33/CPT1A/ADTRP/OPRM1/GCG/CNR1/FKBP1B/ACVR1C/FFAR1/GNAZ/KCNA5/TRPM4/SNAP25/SYT4/RSAD2/BLK/EPHA5/SIDT2/ADRA2A/ITPR1/BMP6/TIAM1/KCNB1/NEUROD1/F2RL1/CARTPT/SLC30A8/GPER1/APBB1/PRKCB/OR51E2/GPR27/KRT20/BSG/ADCY5/LEP/UCN3/C1QTNF12/EFNA5/RFX6/PRKN/FAM3D/TUNAR/CCL5",58
"GO:0048066","developmental pigmentation","16/2491","48/16800",0.333333333333333,2.24809313528703,3.61291894185492,0.00103976281051742,0.0156073012993855,0.0130795503194674,"KITLG/RAB27A/MEF2C/GNA11/SOX10/GLI3/TYRP1/EDN3/EDNRB/ADAMTSL4/BCL2L11/KIT/OR51E2/ZEB2/BCL2/ENPP1",16
"GO:0010611","regulation of cardiac muscle hypertrophy","18/2491","57/16800",0.315789473684211,2.12977244395614,3.56480438961281,0.00106455718249232,0.0159378626097613,0.0133565740796802,"IGF1/ATP2B4/ACACB/SLC9A1/RGS2/NR4A3/ADRA1A/GATA5/IL6ST/P2RX4/PDE5A/MLIP/AKAP6/TRIM63/PDE9A/HAND2/PI16/MIR145",18
"GO:0072329","monocarboxylic acid catabolic process","33/2491","130/16800",0.253846153846154,1.71200938764166,3.40027101136702,0.00109186623893578,0.016304257162706,0.0136636275478034,"CYP26B1/CROT/ABCB11/ACAT1/ACACB/CRAT/PHYH/CPT1A/ADTRP/PPARD/EHHADH/ACADL/SCP2/ACADM/ABCD3/CNR1/ACADS/PCK1/SESN2/HADHB/ACOXL/CPT2/ABHD3/ACOX1/FABP1/LDHD/ACAA2/ETFDH/ABCD2/LEP/ADIPOQ/CYP4F12/ECI2",33
"GO:0002366","leukocyte activation involved in immune response","64/2491","297/16800",0.215488215488215,1.45331273392293,3.28865738520902,0.00109695606077734,0.016337824853391,0.0136917586315186,"ITGAL/BTK/RAB27A/TBX21/APBB1IP/ITM2A/CEACAM1/CHGA/SMAD7/GATA1/CD40LG/FOXF1/PIK3CG/IL2/POU2AF1/CD69/AICDA/SLAMF1/CD160/NR4A3/NKX2-3/PTK2B/CCR2/CD244/LY9/NCKAP1L/PCK1/FGL2/LGALS3/CD180/IL6ST/DOCK2/DOCK10/IL10/IRF4/SEMA6D/PLCL2/KIT/CD1C/ZBTB7B/IL6R/DNASE1L3/F2RL1/SLC18A2/PTGDR/CX3CR1/SCN11A/SCNN1B/PTGER4/CCL19/GAPT/CD19/FCER1A/MRGPRX2/GPR15LG/SPN/PLCG2/SH2D1B/CR1/CD177/IGHE/VAMP2/RAB44/KLRF2",64
"GO:0032835","glomerulus development","21/2491","71/16800",0.295774647887324,1.9947868665223,3.50467833351076,0.0011052688324122,0.0164036210784775,0.0137468985317706,"WWTR1/MEF2C/ACTA2/TCF21/TEK/PDGFRA/EDNRB/PLCE1/OSR1/KIRREL3/ANGPT1/IL6R/KLF15/PDGFD/BCL2/AGTR2/ADIPOQ/MAGI2/LGR4/AQP1/ITGB3",21
"GO:0006821","chloride transport","32/2491","125/16800",0.256,1.72653552790044,3.40175379944422,0.00110708035805345,0.0164036210784775,0.0137468985317706,"SLC4A1/CLCA1/CLCA4/CASR/BEST2/ATP8B1/KCNK2/ABCB1/SLC26A3/CA2/SLC17A7/SLC1A1/CLIC5/GABRG2/CLCN2/ANO3/CLCA2/PRKG2/BEST4/SLC4A10/SLC26A2/CLIC2/ANO10/GABRG1/TMC4/CA7/NMUR1/ANO5/SLC17A8/CLCNKB/P2RY4/FXYD1",32
"GO:0050905","neuromuscular process","41/2491","172/16800",0.238372093023256,1.60764799790875,3.34210602880224,0.00114601770841875,0.0169369043848313,0.0141938115314101,"ABCC8/SCN4A/JPH4/SLC8A3/DMPK/CDH23/CNTNAP1/CWH43/KCNA1/TNR/TNNT3/ATP8A2/SPART/LARGE1/CHRNA1/ASCL1/STAC2/CASQ1/STAC/PCDH15/ITPR1/JPH3/UCHL1/SPTBN4/MAP1A/TUBA1A/ADCY5/NRXN1/PENK/GPR88/SYNM/CSMD1/GRIN2A/PRKN/RCSD1/GRIN3A/DMD/GSTM2/KBTBD13/TIFAB/NEFL",41
"GO:0008212","mineralocorticoid metabolic process","7/2491","13/16800",0.538461538461538,3.63153506469444,3.96021011958086,0.00117485430694301,0.0171863547343902,0.0144028610228422,"BMP5/CLCN2/BMP2/EDNRB/BMP6/SCNN1B/CACNA1H",7
"GO:0009437","carnitine metabolic process","7/2491","13/16800",0.538461538461538,3.63153506469444,3.96021011958086,0.00117485430694301,0.0171863547343902,0.0144028610228422,"CROT/CRAT/CPT1A/ACADL/ACADM/CPT2/SLC22A4",7
"GO:0010273","detoxification of copper ion","7/2491","13/16800",0.538461538461538,3.63153506469444,3.96021011958086,0.00117485430694301,0.0171863547343902,0.0144028610228422,"MT1G/MT2A/MT1E/MT1X/MT1F/MT1H/MT1M",7
"GO:1990169","stress response to copper ion","7/2491","13/16800",0.538461538461538,3.63153506469444,3.96021011958086,0.00117485430694301,0.0171863547343902,0.0144028610228422,"MT1G/MT2A/MT1E/MT1X/MT1F/MT1H/MT1M",7
"GO:0009410","response to xenobiotic stimulus","87/2491","429/16800",0.202797202797203,1.36772099839141,3.21909215291544,0.00120973434092011,0.0176516820455576,0.0147928241474521,"CYP26B1/CD38/ABCC8/TFAP2B/OTC/ACSM2B/ABCC9/MAOB/ABCB11/FMO4/ACACB/ADCYAP1R1/MEF2C/ABCB1/NOS1/FMO2/SOX10/SLC6A2/TRPA1/SFRP1/SLC1A1/CYP2C18/MAP2K6/CPT1A/CD69/BCHE/ABCD3/PTK2B/ADRA1A/NCKAP1L/CDKN1A/FOSB/MAP1B/FMO5/GSTM1/HMGCS2/IL10/SLC28A2/BCAR3/CYP2C8/AOX1/SNCA/SFRP2/CRHBP/GLYAT/UCHL1/GRIA1/NAT2/SST/CYP3A4/PRKAA2/C1orf115/NPPC/CMBL/TLR3/SMPD1/PRKCB/ACSM1/SCN11A/SCNN1B/KCNK3/NAT1/BCL2/PDE3A/CES3/CES2/SULT1B1/HSD11B2/ADIPOQ/GRIN2A/CYP4F12/PDE2A/SULT1A1/UGT2B15/SULT1A2/UGT2B17/GSTM2/UGT2B11/CERS1/UGT1A9/UGT1A1/UGT1A8/UGT1A10/GSTA1/GSTA2/ITGB3/TXNIP",87
"GO:0014812","muscle cell migration","25/2491","91/16800",0.274725274725275,1.8528240125992,3.40352404967336,0.0012851432881236,0.0187045285149939,0.0156751521112371,"IGF1/PLEKHO1/MEF2C/FGF9/NDRG4/THBS4/TACR1/NR4A3/GNA13/SEMA6D/MSTN/TPM1/MYOCD/SLIT2/MEGF10/ADAMTS1/DDR2/PDGFD/BCL2/ADIPOQ/PRKG1/LPAR1/AIF1/ITGB3/CCL5",25
"GO:1990034","calcium ion export across plasma membrane","6/2491","10/16800",0.6,4.04656764351666,4.02077169720029,0.00129394443436882,0.0187850670535009,0.0157426466669487,"ATP2B3/ATP2B1/RGS9/SLC8A2/SLC24A4/SLC35G1",6
"GO:0050731","positive regulation of peptidyl-tyrosine phosphorylation","30/2491","116/16800",0.258620689655172,1.74421019117097,3.35581842295627,0.00130795066910405,0.0189385952927499,0.0158713095467251,"CD4/IGF1/KITLG/FGF10/GATA1/NEDD9/GHR/THBS4/FLT3/CD36/ENPP2/FGF7/GFRA1/BANK1/BMP6/ANGPT1/NRG1/KIT/IL6R/PLPP3/CSPG4/ERBB4/HCLS1/ADIPOQ/CSF1R/EFNA5/RELN/PLCG2/CD3E/ITGB3",30
"GO:0008207","C21-steroid hormone metabolic process","13/2491","36/16800",0.361111111111111,2.43543422989429,3.59724203495684,0.00131440242160501,0.0189385952927499,0.0158713095467251,"DHRS9/BMP5/CLCN2/SCP2/BMP2/EDNRB/CYP11A1/AKR1C2/BMP6/SCNN1B/AKR1C3/CACNA1H/HSD3B2",13
"GO:0060306","regulation of membrane repolarization","13/2491","36/16800",0.361111111111111,2.43543422989429,3.59724203495684,0.00131440242160501,0.0189385952927499,0.0158713095467251,"NEDD4L/NOS1/SCN1B/CAV1/AKAP7/CASQ2/AKAP9/KCNA5/ANK2/AKAP6/CACNA2D1/SCN4B/FLNA",13
"GO:0042551","neuron maturation","16/2491","49/16800",0.326530612244898,2.20221368354648,3.51627857485407,0.00133426061889396,0.0190482442674203,0.0159631998264198,"MYOC/NTN4/ACTL6B/C1QL1/ADGRB3/EDNRB/SRRM4/LGI4/KCNB1/SPTBN4/FEV/BCL2/C1QA/CNTN2/GLDN/LRRK2",16
"GO:0098754","detoxification","36/2491","147/16800",0.244897959183673,1.65166026265986,3.31098796727992,0.00133955264874491,0.0190482442674203,0.0159631998264198,"CP/ABCB1/PTGS1/AQP8/TPO/PRDX6/MTARC2/ABCG2/MT1G/MT2A/SESN2/GSTM1/CD36/FBLN5/SLC47A1/CLIC2/SLC15A2/FABP1/TP53INP1/ALDH1A1/MT1E/PDZK1/MT1X/HBA2/SLC30A10/SLC22A5/AKR1B10/MB/MT1F/MT1H/MT1M/GPX3/GSTM2/UGT1A10/GSTA1/HBB",36
"GO:0003081","regulation of systemic arterial blood pressure by renin-angiotensin","10/2491","24/16800",0.416666666666667,2.81011641910879,3.70247263109161,0.00134189231662989,0.0190482442674203,0.0159631998264198,"CMA1/PCSK5/CTSG/TACR1/EDNRB/AGTR1/CPA3/F2RL1/OR51E2/AGTR2",10
"GO:0014829","vascular associated smooth muscle contraction","10/2491","24/16800",0.416666666666667,2.81011641910879,3.70247263109161,0.00134189231662989,0.0190482442674203,0.0159631998264198,"CD38/ATP2B1/ACTA2/P2RX1/EDN3/EDN2/EDNRB/ARHGAP42/SCNN1B/SLC8A1",10
"GO:0014912","negative regulation of smooth muscle cell migration","10/2491","24/16800",0.416666666666667,2.81011641910879,3.70247263109161,0.00134189231662989,0.0190482442674203,0.0159631998264198,"MEF2C/NDRG4/GNA13/SEMA6D/TPM1/MYOCD/SLIT2/ADIPOQ/PRKG1/AIF1",10
"GO:0086064","cell communication by electrical coupling involved in cardiac conduction","10/2491","24/16800",0.416666666666667,2.81011641910879,3.70247263109161,0.00134189231662989,0.0190482442674203,0.0159631998264198,"ATP1A2/SRI/CAV1/PDE4D/ATP1B2/HRC/CACNA1C/GJC1/SLC8A1/TRDN",10
"GO:0060603","mammary gland duct morphogenesis","12/2491","32/16800",0.375,2.52910477719791,3.61239754625727,0.00137069598636793,0.0194091902109094,0.0162656871392429,"NTN1/FGFR2/FGF10/PGR/VDR/NR3C1/AR/SOSTDC1/CCL11/CSF1R/CSMD1/CSF1",12
"GO:0030100","regulation of endocytosis","63/2491","294/16800",0.214285714285714,1.44520272982738,3.21317589609877,0.00138075281155316,0.0195035575273196,0.016344770770668,"BTK/CD22/STAP1/EPHA3/NEDD4L/MYLK/SNAP91/RAB27A/FCN1/PACSIN2/NECAB2/SLC17A7/CLIP3/CAV1/WASL/COLEC11/CLU/HPCA/NCKAP1L/PACSIN1/CFP/PLA2G5/CALY/SYNE1/LGALS3/SYT11/SYT4/SFTPD/DOCK2/CD36/APPL2/CCL21/ARRB1/SH3GL3/SNCA/ANGPT1/PROM2/NRG1/FCN2/LRRTM1/PTX3/F2RL1/SMPD1/TUB/B2M/AXL/GSG1L/RSPO1/NLGN1/CD14/CCL19/ADIPOQ/CAMK1D/PRKN/MAGI2/LRRK2/PLCG2/LPAR1/SCAMP5/CD177/MIR27B/STON1/ITGB3",63
"GO:0060443","mammary gland morphogenesis","15/2491","45/16800",0.333333333333333,2.24809313528703,3.49788053163657,0.00147784491530524,0.0208238490639456,0.0174512285277401,"NTN1/FGFR2/FGF10/PGR/CAV1/GLI3/VDR/NR3C1/AR/SOSTDC1/CCL11/CSF1R/CSMD1/CSF1/NRG3",15
"GO:0030278","regulation of ossification","31/2491","122/16800",0.254098360655738,1.71371034083356,3.30106333423019,0.00149365392670855,0.0209951501825121,0.0175947857998842,"LTF/GPM6B/ATP2B1/MEF2C/SMAD7/GATA1/MAPK3/SFRP1/PTN/ZBTB16/MGP/VDR/TENT5A/TACR1/PTK2B/BMP2/TPH1/TRPM4/KL/OSR1/BMP6/DDR2/ADRB2/S1PR1/PTGER4/BCL2/SLC8A1/CSF1/PBX1/RXRA/ENPP1",31
"GO:0002263","cell activation involved in immune response","64/2491","301/16800",0.212624584717608,1.43399960789073,3.17006166728388,0.00155738226212174,0.0218375381096045,0.0183007409851892,"ITGAL/BTK/RAB27A/TBX21/APBB1IP/ITM2A/CEACAM1/CHGA/SMAD7/GATA1/CD40LG/FOXF1/PIK3CG/IL2/POU2AF1/CD69/AICDA/SLAMF1/CD160/NR4A3/NKX2-3/PTK2B/CCR2/CD244/LY9/NCKAP1L/PCK1/FGL2/LGALS3/CD180/IL6ST/DOCK2/DOCK10/IL10/IRF4/SEMA6D/PLCL2/KIT/CD1C/ZBTB7B/IL6R/DNASE1L3/F2RL1/SLC18A2/PTGDR/CX3CR1/SCN11A/SCNN1B/PTGER4/CCL19/GAPT/CD19/FCER1A/MRGPRX2/GPR15LG/SPN/PLCG2/SH2D1B/CR1/CD177/IGHE/VAMP2/RAB44/KLRF2",64
"GO:0048545","response to steroid hormone","70/2491","335/16800",0.208955223880597,1.40925241316501,3.15687017363543,0.0015676068564307,0.0219274253470076,0.0183760701290391,"CD38/ATP1A2/LMO3/PLPP1/MAOB/PGR/SOX10/SFRP1/CAV1/ADTRP/PPARD/GHR/NR3C1/BCHE/TACR1/PADI2/SGK1/TCF21/KLF9/NR4A3/FLT3/PCK1/CDKN1A/SCGB2A1/FOSB/NKX2-2/CSN1S1/CDO1/SSTR4/HMGCS2/IL10/MSTN/ESR2/RXRG/SLIT2/NR3C2/BCL2L11/BMP6/PPARGC1B/FBXO32/SST/TRIM63/GPER1/SCNN1G/OR51E2/FAM107A/SCNN1B/AR/PAQR8/BCL2/PDE3A/NPAS4/A2M/HSD11B2/ZNF366/UCN3/PER1/SSTR2/ADIPOQ/SLIT3/RXRA/AKR1C3/KANK2/TAT/AQP1/UGT1A1/TXNIP/NCOA4/NEFL/SSTR3",70
"GO:0006577","amino-acid betaine metabolic process","8/2491","17/16800",0.470588235294118,3.17377854393464,3.74135482593228,0.00159937241401816,0.0222634189060301,0.0186576463335316,"CROT/CRAT/CPT1A/ACADL/ACADM/DMGDH/CPT2/SLC22A4",8
"GO:0010517","regulation of phospholipase activity","8/2491","17/16800",0.470588235294118,3.17377854393464,3.74135482593228,0.00159937241401816,0.0222634189060301,0.0186576463335316,"FGFR2/FGFR1/RGS2/PLA2G5/AGTR1/SNCA/AVPR1B/CCL5",8
"GO:0002691","regulation of cellular extravasation","14/2491","41/16800",0.341463414634146,2.30292467517208,3.48506693610143,0.00162081319744166,0.0225073794011887,0.0188620951047305,"CXCL12/BST1/ST3GAL4/RIPOR2/CCR2/LYVE1/CCL21/CCL28/JAM3/PDGFD/PTGER4/FUT9/GP1BA/ELANE",14
"GO:0051384","response to glucocorticoid","33/2491","133/16800",0.24812030075188,1.67339263453696,3.25303998577328,0.00164841288284777,0.0228354835264864,0.0191370596443735,"MAOB/GHR/NR3C1/BCHE/KLF9/FLT3/PCK1/CDKN1A/FOSB/CDO1/SSTR4/HMGCS2/IL10/MSTN/SLIT2/BCL2L11/BMP6/FBXO32/TRIM63/FAM107A/BCL2/NPAS4/A2M/HSD11B2/UCN3/SSTR2/ADIPOQ/SLIT3/TAT/AQP1/UGT1A1/NEFL/SSTR3",33
"GO:0048488","synaptic vesicle endocytosis","22/2491","78/16800",0.282051282051282,1.90223265293518,3.33231209531196,0.00169263882523476,0.0233816707613452,0.0195947866584902,"MYLK/SNAP91/SNCB/AP3B2/SLC17A7/SH3GL2/ATP8A1/PACSIN1/SYT11/SH3GL3/SNCA/NLGN4X/AP3S2/CAPN2/NLGN1/SNCG/SLC2A4/PRKN/LRRK2/NLGN3/VAMP2/STON1",22
"GO:0061756","leukocyte adhesion to vascular endothelial cell","16/2491","50/16800",0.32,2.15816940987555,3.42194971538089,0.00169597437945398,0.0233816707613452,0.0195947866584902,"ADD2/MADCAM1/CXCL12/ST3GAL4/CCR2/KLF4/CCL21/ITGB7/CCL28/JAM2/CX3CR1/FUT9/LEP/GP1BA/SPN/ELANE",16
"GO:0032970","regulation of actin filament-based process","78/2491","382/16800",0.204188481675393,1.3771041718774,3.1106906926629,0.00173095027393286,0.023806777810622,0.0199510435753984,"ARHGAP44/SCIN/TENM1/WAS/ATP1A2/MYOC/EPHA3/GPM6B/LIMA1/FERMT2/SRI/ADD2/PAK3/ASAP3/ARHGAP28/SLC9A1/CORO2B/SFRP1/ARHGEF18/CAV1/CXCL12/ACTA2/RND2/CRACD/BST1/NEDD9/PDE4D/ARHGEF26/TACR1/PTK2B/NCKAP1L/CCR7/AKAP9/TMOD2/FGF13/TRPM4/KANK4/DSC2/PDGFRA/VILL/TMOD1/CCL21/HCN4/TPM1/TMEFF2/SLIT2/EPHA5/ANK2/IQGAP2/DAAM2/GSN/DIXDC1/CACNA1C/SPTBN4/LMOD1/F2RL1/CFL2/JAM3/FAM107A/ZEB2/S1PR1/PTGER4/SYNPO/CCL11/SYNPO2/WASHC2C/HCLS1/CSF1R/CTNNA3/EFNA5/PRKN/FLNA/KANK2/SVIL/CYRIA/LPAR1/PLN/ITGB3",78
"GO:0007212","G protein-coupled dopamine receptor signaling pathway","13/2491","37/16800",0.351351351351351,2.36961168314039,3.47973665923195,0.0017547101017016,0.0240759627080729,0.0201766314168779,"GNAO1/GNA11/PALM/SLC1A1/RGS9/NHERF1/GNAL/DRD5/ALK/ADCY5/GNG2/LRRK2/FLNA",13
"GO:0009612","response to mechanical stimulus","49/2491","219/16800",0.223744292237443,1.50899402231595,3.16339421957524,0.00176139702749064,0.0241101702643897,0.0202052987338964,"ATP1A2/FAS/KCNK2/SLC9A1/BDKRB1/MAPK3/TRPA1/PTN/CXCL12/NRXN2/KCNA1/TACR1/PTK2B/PHF24/FOSB/GDF5/KCNA5/MAP1B/ATP8A2/LARGE1/MEIS2/ANO3/CASP5/FGF2/TNFRSF11A/GSN/BMP6/KIT/DDR2/CAPN2/TLR3/CITED2/PKD1L2/TUBA1A/SCN11A/SCN9A/P2RY1/PTGER4/GAP43/NRXN1/SLC8A1/PDE2A/TMEM120A/TLR7/DMD/AQP1/TIFAB/ITGB3/TXNIP",49
"GO:0050849","negative regulation of calcium-mediated signaling","9/2491","21/16800",0.428571428571429,2.89040545965476,3.61664190655488,0.00184334278099642,0.0251719184036779,0.0210950866573837,"CD22/ATP2B4/SLA2/FKBP1B/DYRK2/SLC24A4/ITPR1/RCAN1/CHP1",9
"GO:0048566","embryonic digestive tract development","12/2491","33/16800",0.363636363636364,2.45246523849495,3.48464846104789,0.00186671947277266,0.025370615245792,0.0212616026549221,"FGFR2/FGF10/PCSK5/FGF9/FOXF1/SALL1/RARRES2/GLI3/TCF21/PDGFRA/FOXF2/RBPMS2",12
"GO:0086005","ventricular cardiac muscle cell action potential","12/2491","33/16800",0.363636363636364,2.45246523849495,3.48464846104789,0.00186671947277266,0.025370615245792,0.0212616026549221,"NEDD4L/NOS1/CAV1/TRPM4/DSC2/ANK2/SCN2B/CACNA1C/GPD1L/SCN3B/KCND3/CTNNA3",12
"GO:0001934","positive regulation of protein phosphorylation","88/2491","441/16800",0.199546485260771,1.34579725105618,3.07033944449161,0.0018771579557683,0.0254523138861132,0.0213300694229184,"TENM1/CD4/LTF/IGF1/FAS/MUSK/KITLG/FNIP2/FGF10/FERMT2/FGFR1/CHRNA3/STRADB/NOS1/RASSF2/GATA1/CLIP3/PIK3CG/CAV1/RARRES2/NEDD9/ADTRP/GHR/THBS4/GCG/RAP1A/LEPR/SLC8A2/TEK/PTK2B/FLT3/EDN3/CDKN1A/BMP2/CCR7/AKAP9/CD36/EPHA7/NIBAN1/MMD2/ENPP2/ARRB1/FGF2/PDE5A/PELI2/FGF7/NTRK3/ADCYAP1/TNFRSF11A/SNCA/SFRP2/ADRA2A/GFRA1/BANK1/BMP6/ANGPT1/PROM2/NRG1/KIT/PINK1/IL6R/PLPP3/DDR2/CLDN19/CARTPT/TLR3/GPER1/CX3CR1/RSPO1/ADRB2/P2RY1/FAXDC2/CCL19/CSPG4/LEP/ERBB4/ITLN1/HCLS1/ADIPOQ/CSF1R/TBX1/EFNA5/LRRK2/RELN/ELANE/PLCG2/CD3E/ITGB3",88
"GO:0045576","mast cell activation","20/2491","69/16800",0.289855072463768,1.95486359590177,3.31610954706423,0.00188302190488011,0.0254717480733077,0.0213463560585419,"BTK/CHGA/GATA1/FOXF1/NDRG1/PIK3CG/CNR1/NR4A3/TSLP/KIT/SLC18A2/PTGDR/SCN11A/RHOH/FCER1A/MRGPRX2/GPR15LG/CNR2/IGHE/RAB44",20
"GO:0006910","phagocytosis, recognition","11/2491","29/16800",0.379310344827586,2.55817494705076,3.503964308392,0.00193804363247237,0.0260867871459083,0.0218617837000159,"FCN1/COLEC11/CFP/PLA2G5/CD36/MEGF10/COLEC12/FCN2/PTX3/TUB/ADGRB1",11
"GO:0007588","excretion","11/2491","29/16800",0.379310344827586,2.55817494705076,3.503964308392,0.00193804363247237,0.0260867871459083,0.0218617837000159,"CHRNA3/NHERF1/TACR1/CHRNB4/ABCG2/SPX/EDNRB/AGTR1/KCNMA1/SCN11A/NPR1",11
"GO:1903779","regulation of cardiac conduction","10/2491","25/16800",0.4,2.69771176234444,3.54426865978708,0.0019421020870497,0.0260867871459083,0.0218617837000159,"ATP2B4/ATP2B3/ATP2B1/ATP2A3/SLC8A3/SLC8A2/TRPM4/ANK2/ATP2B2/SLC8A1",10
"GO:1903305","regulation of regulated secretory pathway","31/2491","124/16800",0.25,1.68606985146527,3.19931624724482,0.00197259964381688,0.0264346744808933,0.0221533273702609,"RAB27A/CEACAM1/RPH3A/RIMS4/GATA1/FOXF1/P2RX1/SYT10/RAP1A/RIMS3/CD160/CCR2/NCKAP1L/SYT5/SYT11/SYT4/SYT6/ADRA2A/KCNB1/F2RL1/PRKCB/NLGN1/P2RY1/SYT9/CDK5R2/SV2B/P2RY4/LRRK2/SCAMP5/SYT15/CD177",31
"GO:0015695","organic cation transport","30/2491","119/16800",0.252100840336134,1.70023850567927,3.19839696863819,0.00201184949781915,0.0268979599138658,0.0225415793182821,"TACR2/CHRNA3/SLC32A1/AQP8/SLC6A2/SLC1A1/SLC5A7/RGS2/FLVCR2/SLC36A1/SLC38A4/SLC47A1/SNCA/VIP/ADRA2A/KCNB1/CARTPT/SLC7A3/SLC16A9/P2RY1/PDZK1/SLC25A20/SLC17A8/SLC25A42/SLC18A3/SLC6A9/SLC22A4/SLC22A5/SLC44A4/ADORA3",30
"GO:0055017","cardiac muscle tissue growth","22/2491","79/16800",0.278481012658228,1.87815375859423,3.26420122686546,0.0020232499291698,0.0269876191248194,0.0226167173667363,"IGF1/FGFR2/TGFBR3/FGFR1/MEF2C/KCNK2/FGF9/NDRG4/RGS2/ADRA1A/FGF2/MEIS1/AKAP6/SORBS2/NRG1/CITED2/PI16/ZFPM2/S1PR1/ERBB4/PRKG1/COL14A1",22
"GO:0032944","regulation of mononuclear cell proliferation","52/2491","237/16800",0.219409282700422,1.47975750677121,3.10349026850161,0.00203767888089343,0.0270318903332687,0.0226538184316487,"CD38/BTK/CD22/IGF1/KITLG/FGF10/MEF2C/CD209/SOS2/CD40LG/CLC/EBI3/VSIR/IL2/BST1/RIPOR2/HHLA2/TACR1/SLAMF1/PLA2G2D/CCR2/SASH3/NCKAP1L/CDKN1A/PLA2G5/LGALS3/SFTPD/IL6ST/IL10/PDE5A/XCL1/VSIG4/CD1D/TNFRSF13C/ZBTB7B/FCRL3/IKZF3/LMO1/TMIGD2/LGALS9B/MZB1/BCL2/LGALS9C/CCL19/LEP/CSF1/SPN/CD3E/CR1/AIF1/TNFRSF13B/CCL5",52
"GO:0018958","phenol-containing compound metabolic process","29/2491","114/16800",0.254385964912281,1.715650024298,3.19890198472421,0.00204575650222071,0.0270318903332687,0.0226538184316487,"OPN3/MAOB/SNCB/CPQ/SLC1A1/TYRP1/DAO/TPO/EPAS1/PDE1B/TPH1/KL/SLCO1C1/HDC/SNCA/HAND2/RNF180/NPR1/ZEB2/TACR3/BCL2/SULT1B1/GCNT4/SLITRK1/GRIN2A/PRKN/MAOA/SULT1A1/SULT1A2",29
"GO:0009214","cyclic nucleotide catabolic process","7/2491","14/16800",0.5,3.37213970293055,3.70471332895226,0.00205007900248828,0.0270318903332687,0.0226538184316487,"PDE8A/PDE4D/PDE1A/PDE5A/PDE9A/PDE7B/PDE2A",7
"GO:0051284","positive regulation of sequestering of calcium ion","7/2491","14/16800",0.5,3.37213970293055,3.70471332895226,0.00205007900248828,0.0270318903332687,0.0226538184316487,"SRI/NTSR1/CASQ2/FKBP1B/CLIC2/TRDN/GSTM2",7
"GO:0070593","dendrite self-avoidance","7/2491","14/16800",0.5,3.37213970293055,3.70471332895226,0.00205007900248828,0.0270318903332687,0.0226538184316487,"IGSF9/PALLD/MYPN/CNTN4/NEXN/DSCAML1/CNTN2",7
"GO:0019751","polyol metabolic process","27/2491","104/16800",0.259615384615385,1.75091869190625,3.20499461043393,0.0020929929345416,0.0275345912601365,0.0230751021592121,"PLPP1/ADCYAP1R1/NTSR1/SCP2/CD244/NUDT10/PCK1/IMPA1/CYP27A1/ITPKA/PRKG2/NAAA/SNCA/PTH1R/CYP3A4/IP6K3/PLPP3/GPER1/MOGAT2/P2RY1/SPTLC3/LEP/INPP5J/PRKG1/NUDT11/PLCG2/AVPR1B",27
"GO:0045761","regulation of adenylate cyclase activity","14/2491","42/16800",0.333333333333333,2.24809313528703,3.3789711492153,0.00210410759705175,0.0275547029053542,0.0230919565320845,"PALM/CAP2/CCR2/TMIGD3/EDNRB/ADCYAP1/CACNA1C/GALR1/STIM1/DRD5/GNG7/AKAP5/P2RY13/ADORA3",14
"GO:0120178","steroid hormone biosynthetic process","14/2491","42/16800",0.333333333333333,2.24809313528703,3.3789711492153,0.00210410759705175,0.0275547029053542,0.0230919565320845,"HSD17B6/HSD17B2/BMP5/NR3C1/CLCN2/SCP2/BMP2/CYP11A1/BMP6/CACNA1H/HSD17B11/HSD3B2/AKR1B15/DHRS11",14
"GO:0042572","retinol metabolic process","16/2491","51/16800",0.313725490196078,2.11585236262309,3.32982432087673,0.00213635509860062,0.0279134215042159,0.0233925772399403,"HSD17B6/RETSAT/DHRS9/CYP2C18/LRAT/RDH5/CYP2C8/CYP3A4/ALDH1A1/ADH6/ADH1A/AKR1C3/ADH1B/AKR1B10/AKR1B15/ADH1C",16
"GO:0050670","regulation of lymphocyte proliferation","51/2491","232/16800",0.219827586206897,1.48257866249533,3.08816859335356,0.00214323116444542,0.0279397640916026,0.0234146533945977,"CD38/BTK/CD22/IGF1/KITLG/FGF10/MEF2C/CD209/SOS2/CD40LG/CLC/EBI3/VSIR/IL2/BST1/RIPOR2/HHLA2/TACR1/SLAMF1/PLA2G2D/CCR2/SASH3/NCKAP1L/CDKN1A/PLA2G5/LGALS3/SFTPD/IL6ST/IL10/PDE5A/XCL1/VSIG4/CD1D/TNFRSF13C/ZBTB7B/FCRL3/IKZF3/LMO1/TMIGD2/LGALS9B/MZB1/BCL2/LGALS9C/CCL19/LEP/SPN/CD3E/CR1/AIF1/TNFRSF13B/CCL5",51
"GO:0015909","long-chain fatty acid transport","19/2491","65/16800",0.292307692307692,1.97140474940555,3.27391937027728,0.00217299960192505,0.028263743691102,0.0236861614146486,"PLA2G10/NTSR1/CPT1A/SLC27A6/PLA2G2D/ABCD3/SSTR4/SPX/CD36/FABP2/CPT2/FABP1/BDKRB2/FABP4/ABCD2/SLC25A20/PLA2G2C/PLA2G2A/AVPR1B",19
"GO:0071692","protein localization to extracellular region","75/2491","368/16800",0.203804347826087,1.37451346586843,3.03088927432224,0.0022079208118816,0.0286531303555471,0.0240124832029989,"CD38/ABCC8/TFAP2B/NR1H4/IGF1/CASR/NNAT/PTPRN/NEO1/RAB27A/TACR2/SRI/GNAO1/GNA11/PCSK5/CHGA/MYOM1/SFRP1/CD33/PPY/CWH43/CPT1A/ADTRP/OPRM1/GCG/CNR1/FKBP1B/ACVR1C/FFAR1/GNAZ/KCNA5/TRPM4/SNAP25/SYT4/RSAD2/EDNRB/BLK/ADCYAP1/EPHA5/VIP/GPR119/SIDT2/ADRA2A/ITPR1/BMP6/TIAM1/KCNB1/NEUROD1/F2RL1/CARTPT/SLC30A8/GPER1/APBB1/PRKCB/MC4R/OR51E2/GPR27/KRT20/SCG2/BSG/ADCY5/SNCG/LEP/ARL4D/CAVIN1/UCN3/DAND5/MAFA/C1QTNF12/EFNA5/RFX6/PRKN/FAM3D/TUNAR/CCL5",75
"GO:0009306","protein secretion","73/2491","357/16800",0.204481792717087,1.37908234349541,3.02065463597857,0.00229244773095671,0.029511969534295,0.0247322252031874,"CD38/ABCC8/TFAP2B/NR1H4/IGF1/CASR/NNAT/PTPRN/NEO1/RAB27A/TACR2/SRI/GNAO1/GNA11/PCSK5/CHGA/MYOM1/SFRP1/CD33/PPY/CPT1A/ADTRP/OPRM1/GCG/CNR1/FKBP1B/ACVR1C/FFAR1/GNAZ/KCNA5/TRPM4/SNAP25/SYT4/RSAD2/EDNRB/BLK/ADCYAP1/EPHA5/VIP/GPR119/SIDT2/ADRA2A/ITPR1/BMP6/TIAM1/KCNB1/NEUROD1/F2RL1/CARTPT/SLC30A8/GPER1/APBB1/PRKCB/MC4R/OR51E2/GPR27/KRT20/SCG2/BSG/ADCY5/SNCG/LEP/ARL4D/CAVIN1/UCN3/MAFA/C1QTNF12/EFNA5/RFX6/PRKN/FAM3D/TUNAR/CCL5",73
"GO:0002429","immune response-activating cell surface receptor signaling pathway","66/2491","317/16800",0.20820189274448,1.40417173749789,3.03110778594155,0.00229767409097133,0.029511969534295,0.0247322252031874,"CD38/CD79B/BTK/CD22/LTF/STAP1/PAK3/CEACAM1/MEF2C/FCN1/SLA2/BMX/CD79A/BTNL8/PDE4D/HHLA2/CD160/CR2/COLEC11/NR4A3/LAX1/NCKAP1L/CCR7/LGALS3/KLRC1/TESPA1/APPL2/BLK/BANK1/CD8A/PLCL2/MS4A1/FCN2/CD3G/FCRL3/SCIMP/FCMR/TRAT1/F2RL1/PRKCB/TMIGD2/BTNL3/GCSAML/CD14/BCL2/KLHL6/THEMIS/CMKLR1/CD19/PLCG2/CD247/CD3E/PJA2/CR1/NCR3/IGKC/IGLC3/IGLC7/TRGC1/IGHA2/IGHE/IGHA1/IGHD/IGHM/IGLC6/TRGC2",66
"GO:0008202","steroid metabolic process","66/2491","317/16800",0.20820189274448,1.40417173749789,3.03110778594155,0.00229767409097133,0.029511969534295,0.0247322252031874,"NR1H4/HSD17B6/LIMA1/ABCB11/DHRS9/FGFR1/ATP8B1/HSD17B2/AQP8/LPCAT3/PPARD/BMP5/NR3C1/CLCN2/ACADL/SCP2/LEPR/NR5A2/ABCD3/EPHX2/BMP2/GNAI1/SULT4A1/G6PC1/FMO5/HMGCS2/PDGFRA/UGT2A3/RDH5/CYP27A1/EDNRB/CYP2C8/DHH/CYP11A1/OSBPL1A/VLDLR/AKR1C2/BMP6/ABCA5/KIT/CYP3A4/PRKAA2/LIPC/SMPD1/ACAA2/SCNN1B/FAXDC2/LEP/HSD11B2/CYP8B1/APOBR/PRKG1/PBX1/AKR1C3/SULT1A1/CACNA1H/UGT2B15/SULT1A2/UGT2B17/HSD17B11/HSD3B2/UGT2B11/AKR1B15/UGT1A1/UGT1A8/DHRS11",66
"GO:0008210","estrogen metabolic process","13/2491","38/16800",0.342105263157895,2.30725348095248,3.36598847058124,0.00231003414340455,0.029511969534295,0.0247322252031874,"HSD17B2/PDGFRA/UGT2A3/CYP2C8/CYP3A4/SULT1A1/UGT2B15/UGT2B17/HSD17B11/UGT2B11/AKR1B15/UGT1A1/DHRS11",13
"GO:0042044","fluid transport","13/2491","38/16800",0.342105263157895,2.30725348095248,3.36598847058124,0.00231003414340455,0.029511969534295,0.0247322252031874,"AQP8/LARGE1/EDNRB/ITPR1/AQP7/SCNN1B/AQP4/NHERF4/AQP11/AQP12A/AQP12B/AQP1/AQP7B",13
"GO:0045745","positive regulation of G protein-coupled receptor signaling pathway","13/2491","38/16800",0.342105263157895,2.30725348095248,3.36598847058124,0.00231003414340455,0.029511969534295,0.0247322252031874,"NOS1/CHGA/NECAB2/TMOD2/GPER1/GPR27/NRXN1/PTGDR2/CNTN2/PDE6G/LRRK2/ITGB3/CCL5",13
"GO:0070293","renal absorption","13/2491","38/16800",0.342105263157895,2.30725348095248,3.36598847058124,0.00231003414340455,0.029511969534295,0.0247322252031874,"NHERF1/SGK1/EDNRB/GSN/SLC15A2/CLDN19/SLC6A18/AMN/ADIPOQ/CLCNKB/AKR1C3/AQP1/HBB",13
"GO:0120254","olefinic compound metabolic process","37/2491","157/16800",0.235668789808917,1.58941616571249,3.09585063735065,0.00239675380840061,0.0304756593185906,0.0255398362554933,"HSD17B6/RETSAT/PLA2G10/DHRS9/MGLL/PTGS1/CYP2C18/BMP5/CLCN2/SCP2/EPHX2/LRAT/PTGIS/BMP2/RDH5/EDNRB/CYP2C8/CYP11A1/AKR1C2/BMP6/CYP3A4/ABHD6/ALDH1A1/SCNN1B/ADH6/HSD11B2/PRKG1/CYP4F12/ADH1A/AKR1C3/CACNA1H/ADH1B/AKR1B10/GSTM2/AKR1B15/GSTA1/ADH1C",37
"GO:0048678","response to axon injury","22/2491","80/16800",0.275,1.8546768366118,3.197074288446,0.00240707213788247,0.0304756593185906,0.0255398362554933,"NEO1/KCNK2/PTN/SLC1A1/TNR/FKBP1B/MAP1B/MATN2/P2RX4/KLF4/FGF2/PTPRF/KCNB1/NPPC/AXL/P2RY12/BCL2/GAP43/RGMA/FLNA/PLCG2/NEFL",22
"GO:0050886","endocrine process","24/2491","90/16800",0.266666666666667,1.79847450822963,3.16896923022496,0.00245888000161286,0.0304756593185906,0.0255398362554933,"TACR2/FGFR1/CMA1/PCSK5/CTSG/TACR1/ECE1/ECRG4/EDN3/EDN2/EDNRB/AGTR1/CRHBP/BMP6/CPA3/F2RL1/GALR1/OR51E2/DRD5/LEP/HSD11B2/AGTR2/AVPR1B/AQP1",24
"GO:0051591","response to cAMP","24/2491","90/16800",0.266666666666667,1.79847450822963,3.16896923022496,0.00245888000161286,0.0304756593185906,0.0255398362554933,"SLC26A3/GATA1/AQP8/PIK3CG/PDE4D/RAP1A/AKAP7/TEK/PTK2B/PCK1/FOSB/AKAP9/CDO1/HMGCS2/HCN4/CNGA3/CRHBP/AKAP6/BSG/PER1/ADIPOQ/PENK/PDE2A/AQP1",24
"GO:0001867","complement activation, lectin pathway","6/2491","11/16800",0.545454545454545,3.67869785774242,3.70793058589322,0.00249010276016474,0.0304756593185906,0.0255398362554933,"FCN1/COLEC11/MASP1/FCN2/KRT1/A2M",6
"GO:0007210","serotonin receptor signaling pathway","6/2491","11/16800",0.545454545454545,3.67869785774242,3.70793058589322,0.00249010276016474,0.0304756593185906,0.0255398362554933,"HTR7/HTR3B/HTR4/HTR3A/HTR3C/HTR3E",6
"GO:0009812","flavonoid metabolic process","6/2491","11/16800",0.545454545454545,3.67869785774242,3.70793058589322,0.00249010276016474,0.0304756593185906,0.0255398362554933,"SULT1B1/SULT1A1/UGT1A9/UGT1A1/UGT1A8/UGT1A10",6
"GO:0010518","positive regulation of phospholipase activity","6/2491","11/16800",0.545454545454545,3.67869785774242,3.70793058589322,0.00249010276016474,0.0304756593185906,0.0255398362554933,"FGFR2/FGFR1/PLA2G5/AGTR1/AVPR1B/CCL5",6
"GO:0038130","ERBB4 signaling pathway","6/2491","11/16800",0.545454545454545,3.67869785774242,3.70793058589322,0.00249010276016474,0.0304756593185906,0.0255398362554933,"NRG1/NRG2/NRG4/BTC/ERBB4/NRG3",6
"GO:0048251","elastic fiber assembly","6/2491","11/16800",0.545454545454545,3.67869785774242,3.70793058589322,0.00249010276016474,0.0304756593185906,0.0255398362554933,"LTBP4/MYH11/FBLN5/MFAP4/TNXB/THSD4",6
"GO:0098870","action potential propagation","6/2491","11/16800",0.545454545454545,3.67869785774242,3.70793058589322,0.00249010276016474,0.0304756593185906,0.0255398362554933,"ATP1A2/SCN1B/CNTNAP1/FKBP1B/CLDN19/SCN9A",6
"GO:1900121","negative regulation of receptor binding","6/2491","11/16800",0.545454545454545,3.67869785774242,3.70793058589322,0.00249010276016474,0.0304756593185906,0.0255398362554933,"ATP2A3/IL10/PTPRF/B2M/ADIPOQ/MIR27B",6
"GO:1903589","positive regulation of blood vessel endothelial cell proliferation involved in sprouting angiogenesis","6/2491","11/16800",0.545454545454545,3.67869785774242,3.70793058589322,0.00249010276016474,0.0304756593185906,0.0255398362554933,"HMOX1/PPP1R16B/AGTR1/JCAD/MIR10B/MIR27B",6
"GO:0046320","regulation of fatty acid oxidation","12/2491","34/16800",0.352941176470588,2.38033390795098,3.3614977210696,0.00250074913583858,0.0304756593185906,0.0255398362554933,"PDK4/ABCB11/FMO4/ACACB/FMO2/PPARGC1A/CPT1A/ACADL/CNR1/APPL2/FABP1/ABCD2",12
"GO:0051968","positive regulation of synaptic transmission, glutamatergic","12/2491","34/16800",0.352941176470588,2.38033390795098,3.3614977210696,0.00250074913583858,0.0304756593185906,0.0255398362554933,"CACNG5/CACNG7/TNR/PTK2B/TSHZ3/CCR2/ROR2/NLGN1/NRXN1/GRIN2A/RELN/NLGN3",12
"GO:0050879","multicellular organismal movement","18/2491","61/16800",0.295081967213115,1.99011523451639,3.23228645785159,0.00250392212696505,0.0304756593185906,0.0255398362554933,"SCN4A/SLC8A3/DMPK/TNNT3/ATP8A2/CHRNA1/ASCL1/STAC2/CASQ1/STAC/ITPR1/NPPC/MAP1A/SYNM/RCSD1/DMD/GSTM2/KBTBD13",18
"GO:0001991","regulation of systemic arterial blood pressure by circulatory renin-angiotensin","8/2491","18/16800",0.444444444444444,2.99745751371604,3.53765829446039,0.00250739030399954,0.0304756593185906,0.0255398362554933,"CMA1/PCSK5/CTSG/EDNRB/CPA3/F2RL1/OR51E2/AGTR2",8
"GO:0072578","neurotransmitter-gated ion channel clustering","8/2491","18/16800",0.444444444444444,2.99745751371604,3.53765829446039,0.00250739030399954,0.0304756593185906,0.0255398362554933,"CHRDL1/SLITRK3/LHFPL4/NLGN1/NRXN1/SHISA7/RELN/FRRS1L",8
"GO:0086014","atrial cardiac muscle cell action potential","8/2491","18/16800",0.444444444444444,2.99745751371604,3.53765829446039,0.00250739030399954,0.0304756593185906,0.0255398362554933,"KCNA5/TRPM4/ANK2/CACNA1C/CACNB2/SCN3B/GJC1/FLNA",8
"GO:0086026","atrial cardiac muscle cell to AV node cell signaling","8/2491","18/16800",0.444444444444444,2.99745751371604,3.53765829446039,0.00250739030399954,0.0304756593185906,0.0255398362554933,"KCNA5/TRPM4/ANK2/CACNA1C/CACNB2/SCN3B/GJC1/FLNA",8
"GO:0086066","atrial cardiac muscle cell to AV node cell communication","8/2491","18/16800",0.444444444444444,2.99745751371604,3.53765829446039,0.00250739030399954,0.0304756593185906,0.0255398362554933,"KCNA5/TRPM4/ANK2/CACNA1C/CACNB2/SCN3B/GJC1/FLNA",8
"GO:0097501","stress response to metal ion","8/2491","18/16800",0.444444444444444,2.99745751371604,3.53765829446039,0.00250739030399954,0.0304756593185906,0.0255398362554933,"MT1G/MT2A/MT1E/MT1X/SLC30A10/MT1F/MT1H/MT1M",8
"GO:1903236","regulation of leukocyte tethering or rolling","8/2491","18/16800",0.444444444444444,2.99745751371604,3.53765829446039,0.00250739030399954,0.0304756593185906,0.0255398362554933,"CXCL12/ST3GAL4/CCR2/CCL21/CCL28/FUT9/GP1BA/ELANE",8
"GO:0017156","calcium-ion regulated exocytosis","19/2491","66/16800",0.287878787878788,1.94153498047517,3.19766145737974,0.00263478076865518,0.0319564443860731,0.0267807940886848,"SCIN/RPH3A/SYT10/RIMS3/SYT5/SNAP25/SYT11/SYT4/SYT6/UNC13C/ADRA2A/SYN2/TSPAN18/KCNB1/SYT9/CDK5R2/SCAMP5/SYT15/VAMP2",19
"GO:1901021","positive regulation of calcium ion transmembrane transporter activity","11/2491","30/16800",0.366666666666667,2.47290244881574,3.36893023268749,0.00265508966311904,0.0321349694174134,0.0269304052921792,"SLC9A1/HSPA2/STAC2/CASQ1/STAC/ANK2/JPH2/CACNB2/STIM1/TRDN/GSTM2",11
"GO:1902930","regulation of alcohol biosynthetic process","16/2491","52/16800",0.307692307692308,2.07516289411111,3.23980148644006,0.00266803810727122,0.0322238468039963,0.02700488814016,"ADCYAP1R1/NTSR1/AQP8/LPCAT3/BMP5/CLCN2/CD244/BMP2/GNAI1/SNCA/BMP6/PTH1R/GPER1/P2RY1/PRKG1/AVPR1B",16
"GO:0006837","serotonin transport","9/2491","22/16800",0.409090909090909,2.75902339330681,3.44458413942512,0.00271299486506546,0.0325616022531552,0.0272879408799134,"GPM6B/MAOB/NOS1/P2RX1/CNR1/SNCA/SLC18A2/SLC18A3/ITGB3",9
"GO:0071280","cellular response to copper ion","9/2491","22/16800",0.409090909090909,2.75902339330681,3.44458413942512,0.00271299486506546,0.0325616022531552,0.0272879408799134,"MT1G/MT2A/SNCA/MT1E/MT1X/MT1F/MT1H/MT1M/AQP1",9
"GO:0071379","cellular response to prostaglandin stimulus","9/2491","22/16800",0.409090909090909,2.75902339330681,3.44458413942512,0.00271299486506546,0.0325616022531552,0.0272879408799134,"SFRP1/PTGFR/AKR1C2/PRKAA2/PTGDR/PTGER4/GNG2/P2RY4/AKR1C3",9
"GO:0007274","neuromuscular synaptic transmission","10/2491","26/16800",0.384615384615385,2.59395361763888,3.39365720077824,0.0027412263845889,0.0326956649066423,0.0274002908107958,"CHAT/CHRNA3/SLC5A7/CHRNB4/LARGE1/DTNA/CHRNA1/NLGN1/NRXN1/P2RX2",10
"GO:0022010","central nervous system myelination","10/2491","26/16800",0.384615384615385,2.59395361763888,3.39365720077824,0.0027412263845889,0.0326956649066423,0.0274002908107958,"CNTN1/GPM6B/SOX10/ASPA/CNTNAP1/CLU/PLP1/MOBP/MAL/CNTN2",10
"GO:0032291","axon ensheathment in central nervous system","10/2491","26/16800",0.384615384615385,2.59395361763888,3.39365720077824,0.0027412263845889,0.0326956649066423,0.0274002908107958,"CNTN1/GPM6B/SOX10/ASPA/CNTNAP1/CLU/PLP1/MOBP/MAL/CNTN2",10
"GO:0045807","positive regulation of endocytosis","36/2491","153/16800",0.235294117647059,1.58688927196732,3.04269088534376,0.00279887465987384,0.033314141655517,0.0279185993641551,"BTK/STAP1/NEDD4L/RAB27A/FCN1/CLIP3/WASL/COLEC11/CLU/NCKAP1L/CFP/PLA2G5/CALY/SYNE1/SFTPD/DOCK2/CD36/APPL2/CCL21/ARRB1/SNCA/ANGPT1/FCN2/PTX3/F2RL1/SMPD1/TUB/B2M/AXL/NLGN1/CD14/CCL19/CAMK1D/MAGI2/LRRK2/PLCG2",36
"GO:0043500","muscle adaptation","27/2491","106/16800",0.254716981132075,1.71788249017217,3.09349932531899,0.00280585184920712,0.0333281865311813,0.0279303695385406,"IGF1/MYOC/ATP2B4/ACACB/SLC9A1/HMOX1/ASB2/SGCA/RGS2/NR4A3/ADRA1A/GATA5/IL6ST/P2RX4/MSTN/PDE5A/CASQ1/MLIP/GSN/AKAP6/FBXO32/TRIM63/PDE9A/KLF15/HAND2/PI16/MIR145",27
"GO:0007631","feeding behavior","26/2491","101/16800",0.257425742574257,1.73615113418207,3.0960386742726,0.00284267976477727,0.0336960123045454,0.0282386224273154,"PPY/CPT1A/GCG/TACR1/LEPR/CNR1/NR4A3/NPY/CNTFR/PYY/ATP8A2/SLC24A4/UCHL1/HAND2/NPY1R/NPY5R/CARTPT/MC4R/TACR3/P2RY1/NEGR1/INSL5/LEP/GPR171/CNTN2/ADRB3",26
"GO:0035592","establishment of protein localization to extracellular region","73/2491","360/16800",0.202777777777778,1.36758999063295,2.94162940338888,0.00286563207597776,0.0338981868411444,0.0284080528736197,"CD38/ABCC8/TFAP2B/NR1H4/IGF1/CASR/NNAT/PTPRN/NEO1/RAB27A/TACR2/SRI/GNAO1/GNA11/PCSK5/CHGA/MYOM1/SFRP1/CD33/PPY/CPT1A/ADTRP/OPRM1/GCG/CNR1/FKBP1B/ACVR1C/FFAR1/GNAZ/KCNA5/TRPM4/SNAP25/SYT4/RSAD2/EDNRB/BLK/ADCYAP1/EPHA5/VIP/GPR119/SIDT2/ADRA2A/ITPR1/BMP6/TIAM1/KCNB1/NEUROD1/F2RL1/CARTPT/SLC30A8/GPER1/APBB1/PRKCB/MC4R/OR51E2/GPR27/KRT20/SCG2/BSG/ADCY5/SNCG/LEP/ARL4D/CAVIN1/UCN3/MAFA/C1QTNF12/EFNA5/RFX6/PRKN/FAM3D/TUNAR/CCL5",73
"GO:0050805","negative regulation of synaptic transmission","17/2491","57/16800",0.298245614035088,2.01145175262524,3.19146361457902,0.00287995062513192,0.0339976101517113,0.02849137363283,"CD38/BCHE/TNR/PTK2B/GRIA1/SORCS3/KCNB1/ABHD6/GRIK3/NPY5R/GRIK2/DRD5/ADIPOQ/PENK/MAPT/CNR2/PRRT1",17
"GO:0036293","response to decreased oxygen levels","66/2491","320/16800",0.20625,1.39100762745885,2.94649393708897,0.0029132926843915,0.0343207369724728,0.0287621669897754,"CD38/CLCA1/CASR/FGFR2/ABCC9/TGFBR3/KCNK2/NOS1/SLC9A1/SLC8A3/CHRNA4/SFRP1/NDRG1/CAV1/SLC1A1/CXCL12/CRYAB/CPT1A/PPARD/FAM162A/EPAS1/TEK/PTK2B/PTGIS/PCK1/HIF3A/BMP2/KCNA5/MSTN/ACVRL1/MYOCD/KCNMB1/SLC39A12/ITPR1/PLOD2/FMN2/KCNMA1/ALAS2/PINK1/HK2/DDR2/CAPN2/NPPC/FABP1/CITED2/VEGFD/NGB/ACAA2/ZEB2/KCNK3/BCL2/CYSLTR1/NDNF/LEP/HSD11B2/UCN3/ADIPOQ/PENK/SLC2A4/P2RX2/RYR1/MB/SDHD/CPEB1/AQP1/MIR145",66
"GO:0010762","regulation of fibroblast migration","13/2491","39/16800",0.333333333333333,2.24809313528703,3.25576666301972,0.00300167514283552,0.0352176130533907,0.0295137854538307,"ACTA2/NHERF1/GNA13/AKAP12/PRR5L/APPL2/FGF2/DDR2/ZEB2/MACIR/AQP1/ITGB3/MIR145",13
"GO:0060074","synapse maturation","13/2491","39/16800",0.333333333333333,2.24809313528703,3.25576666301972,0.00300167514283552,0.0352176130533907,0.0295137854538307,"SEZ6/IGSF9/PALM/SEZ6L/CHRDL1/NEURL1/CNTNAP1/ADGRB3/FGF7/CX3CR1/NRXN1/RELN/NEFL",13
"GO:0048638","regulation of developmental growth","64/2491","309/16800",0.207119741100324,1.3968734044502,2.937863932294,0.00301211572250786,0.0352658177070968,0.0295541829051061,"SEMA3G/IGF1/MUSK/ADRB1/NEDD4L/NTN1/FGFR2/TGFBR3/ACACB/FGFR1/MAP2/MEF2C/KCNK2/SMAD7/FGF9/CACNG7/CXCL12/RND2/PPARD/GHR/TNR/RGS2/PLS1/SOCS2/SASH3/CDKN1A/CPNE5/GDF5/SOX15/FGF13/OLFM1/MAP1B/SYT4/ATP8A2/SPART/EPHA7/SEMA6D/MSTN/FGF2/PLAC8/AKAP6/BCL2L11/NRG1/SPTBN4/NPPC/NPY1R/CITED2/PI16/AR/ADRB2/ZFPM2/MTM1/BCL2/LEP/ERBB4/RGMA/EFNA5/CSF1/PRKN/MAPT/COL14A1/ADRB3/L1CAM/SPAAR",64
"GO:0070665","positive regulation of leukocyte proliferation","37/2491","159/16800",0.232704402515723,1.56942350954,3.01001169191113,0.0030180522372398,0.0352658177070968,0.0295541829051061,"CD38/BTK/IGF1/KITLG/FGF10/MEF2C/CD209/IL5RA/CSF2RB/CD40LG/MAPK3/EBI3/IL2/BST1/HHLA2/TACR1/SLAMF1/CCR2/SASH3/NCKAP1L/CDKN1A/IL6ST/XCL1/KIT/CD1D/TNFRSF13C/FCRL3/TMIGD2/BCL2/CCL19/LEP/CSF1R/CSF1/SPN/CD3E/AIF1/CCL5",37
"GO:0006911","phagocytosis, engulfment","15/2491","48/16800",0.3125,2.10758731433159,3.2061895659626,0.00303226171436388,0.0352884060645303,0.0295731128630801,"STAP1/BIN2/CLCN2/NCKAP1L/CD36/APPL2/MEGF10/TIMD4/GSN/ARHGAP25/F2RL1/ADGRB1/PLCG2/AIF1/XKR4",15
"GO:0010043","response to zinc ion","15/2491","48/16800",0.3125,2.10758731433159,3.2061895659626,0.00303226171436388,0.0352884060645303,0.0295731128630801,"ABCC8/OTC/SLC30A4/HVCN1/MT1G/MT2A/P2RX4/SLC30A8/MT1E/KCNK3/MT1X/SLC30A10/MT1F/MT1H/MT1M",15
"GO:0015908","fatty acid transport","29/2491","117/16800",0.247863247863248,1.67165899803395,3.04178581442818,0.00309740593016876,0.0359737104899802,0.0301474257147951,"CROT/PLA2G10/NTSR1/MAP2K6/CPT1A/PPARD/SLC27A6/PLA2G2D/ABCD3/SSTR4/SPX/P2RX4/CD36/RBP5/TNFRSF11A/FABP2/PMP2/CPT2/FABP1/CRABP1/BDKRB2/FABP4/ABCD2/SLCO2A1/LEP/SLC25A20/PLA2G2C/PLA2G2A/AVPR1B",29
"GO:0060421","positive regulation of heart growth","12/2491","35/16800",0.342857142857143,2.31232436772381,3.24262982785987,0.0032994280903261,0.0381516970498439,0.0319726666234193,"IGF1/FGFR2/TGFBR3/ACACB/FGFR1/MEF2C/FGF9/FGF2/AKAP6/NRG1/ZFPM2/ERBB4",12
"GO:0099601","regulation of neurotransmitter receptor activity","12/2491","35/16800",0.342857142857143,2.31232436772381,3.24262982785987,0.0032994280903261,0.0381516970498439,0.0319726666234193,"CACNG5/CACNG7/OPRM1/CCR2/CRHBP/GSG1L/NLGN1/LYNX1/SHISA7/RELN/SLC6A9/PRRT1",12
"GO:0002686","negative regulation of leukocyte migration","16/2491","53/16800",0.30188679245283,2.03600887724109,3.15178684394756,0.00330484347379062,0.0381516970498439,0.0319726666234193,"STAP1/HMOX1/WASL/CXCL12/CD69/ADTRP/RIPOR2/BMP5/PADI2/DUSP1/CCL21/SLIT2/CCL28/CD200R1/PTGER4/MMP28",16
"GO:0014909","smooth muscle cell migration","21/2491","77/16800",0.272727272727273,1.83934892887121,3.08002857168564,0.00332828346428857,0.0382951635275264,0.0320928973396725,"IGF1/MEF2C/FGF9/NDRG4/TACR1/NR4A3/GNA13/SEMA6D/TPM1/MYOCD/SLIT2/ADAMTS1/DDR2/PDGFD/BCL2/ADIPOQ/PRKG1/LPAR1/AIF1/ITGB3/CCL5",21
"GO:0002275","myeloid cell activation involved in immune response","25/2491","97/16800",0.257731958762887,1.73821634171678,3.04225923696017,0.00333059345342898,0.0382951635275264,0.0320928973396725,"BTK/CHGA/GATA1/FOXF1/PIK3CG/SLAMF1/NR4A3/CCR2/DOCK2/KIT/DNASE1L3/F2RL1/SLC18A2/PTGDR/CX3CR1/SCN11A/SCNN1B/FCER1A/MRGPRX2/GPR15LG/PLCG2/CD177/IGHE/VAMP2/RAB44",25
"GO:0001768","establishment of T cell polarity","7/2491","15/16800",0.466666666666667,3.14733038940185,3.47142481848565,0.00335506895199709,0.0383387930645639,0.0321294606579651,"CYP26B1/RIPOR2/CCR7/DOCK2/CCL21/GSN/CCL19",7
"GO:1900006","positive regulation of dendrite development","7/2491","15/16800",0.466666666666667,3.14733038940185,3.47142481848565,0.00335506895199709,0.0383387930645639,0.0321294606579651,"ZDHHC15/PTN/BMP5/PACSIN1/VLDLR/ELAVL4/ALK",7
"GO:1900120","regulation of receptor binding","7/2491","15/16800",0.466666666666667,3.14733038940185,3.47142481848565,0.00335506895199709,0.0383387930645639,0.0321294606579651,"ATP2A3/IL10/PTPRF/B2M/GREM2/ADIPOQ/MIR27B",7
"GO:0140238","presynaptic endocytosis","22/2491","82/16800",0.268292682926829,1.80944081620664,3.06565869672111,0.00336106309002265,0.0383387930645639,0.0321294606579651,"MYLK/SNAP91/SNCB/AP3B2/SLC17A7/SH3GL2/ATP8A1/PACSIN1/SYT11/SH3GL3/SNCA/NLGN4X/AP3S2/CAPN2/NLGN1/SNCG/SLC2A4/PRKN/LRRK2/NLGN3/VAMP2/STON1",22
"GO:0060419","heart growth","23/2491","87/16800",0.264367816091954,1.78297041764144,3.05493314494982,0.00337010529970178,0.0383658126098723,0.0321521041307661,"IGF1/FGFR2/TGFBR3/ACACB/FGFR1/MEF2C/KCNK2/FGF9/NDRG4/RGS2/ADRA1A/FGF2/MEIS1/AKAP6/SORBS2/NRG1/CITED2/PI16/ZFPM2/S1PR1/ERBB4/PRKG1/COL14A1",23
"GO:0070482","response to oxygen levels","70/2491","345/16800",0.202898550724638,1.36840451713124,2.88475867337865,0.00339586966761658,0.0385827168362208,0.0323338786533828,"CD38/CLCA1/FAS/CASR/FGFR2/ABCC9/TGFBR3/KCNK2/NOS1/SLC9A1/SLC8A3/CHRNA4/SFRP1/NDRG1/CAV1/SLC1A1/CXCL12/CRYAB/CPT1A/PPARD/FAM162A/EPAS1/TEK/PTK2B/PTGIS/PCK1/HIF3A/CDKN1A/BMP2/KCNA5/MSTN/ACVRL1/MYOCD/KCNMB1/SLC39A12/ITPR1/PLOD2/FMN2/KCNMA1/ALAS2/PINK1/HK2/DDR2/CAPN2/NPPC/FABP1/GUCY1A1/CITED2/VEGFD/NGB/ACAA2/ZEB2/KCNK3/BCL2/CYSLTR1/NDNF/LEP/HSD11B2/UCN3/ADIPOQ/PENK/SLC2A4/P2RX2/RYR1/LPAR1/MB/SDHD/CPEB1/AQP1/MIR145",70
"GO:0016358","dendrite development","51/2491","237/16800",0.215189873417722,1.451300631641,2.91940636404546,0.00340868908711803,0.0386519794119163,0.0323919234957733,"ARHGAP44/PREX2/NEDD4L/SEZ6/CAMK2A/ACTL6B/PAK3/MAP2/CHRNA3/MEF2C/IGSF9/ZDHHC15/PTN/WASL/CPEB3/NEURL1/IL2/CUX2/BMP5/TLX2/PACSIN1/FLRT1/KIF1A/SULT4A1/SYNE1/MAP1B/MATN2/BTBD3/DCLK1/ADGRB3/DOCK10/ITPKA/SDK1/VLDLR/KLHL1/TIAM1/DPYSL5/ELAVL4/MAP1A/IL1RAPL1/NLGN1/CTNND2/ALK/MAP6/CAMK1D/PRKG1/LRRK2/RELN/LPAR1/GRIN3A/CD3E",51
"GO:0015872","dopamine transport","14/2491","44/16800",0.318181818181818,2.14590708368308,3.17551744923788,0.00342917486142855,0.0386555417222603,0.0323949088560547,"CHRNA4/SLC6A2/CXCL12/CNR1/SYT11/SYT4/SNCA/PINK1/SLC18A2/PRKCB/GDNF/SNCG/KCNA2/PRKN",14
"GO:0030501","positive regulation of bone mineralization","14/2491","44/16800",0.318181818181818,2.14590708368308,3.17551744923788,0.00342917486142855,0.0386555417222603,0.0323949088560547,"LTF/GPM6B/ATP2B1/MEF2C/PTN/VDR/TENT5A/BMP2/KL/OSR1/BMP6/ADRB2/SLC8A1/RXRA",14
"GO:0050892","intestinal absorption","14/2491","44/16800",0.318181818181818,2.14590708368308,3.17551744923788,0.00342917486142855,0.0386555417222603,0.0323949088560547,"LIMA1/SLC46A1/VDR/LPCAT3/PLS1/CD36/GCNT3/SLC2A5/FABP2/ADRA2A/FABP1/MOGAT2/LEP/CYP8B1",14
"GO:0002698","negative regulation of immune effector process","30/2491","123/16800",0.24390243902439,1.64494619655149,2.99530474335295,0.00343881252571353,0.0386883233078808,0.032422381151902,"CD22/TBX21/CEACAM1/SMAD7/FOXF1/IL2/CD69/SLAMF1/CR2/CCR2/NCKAP1L/MASP1/FGL2/LGALS3/SPINK5/KLRC1/IL10/XCL1/CD96/ANGPT1/VSIG4/ZBTB7B/FCRL3/SVEP1/AXL/CX3CR1/A2M/KIR2DL4/SPN/CR1",30
"GO:0008037","cell recognition","36/2491","155/16800",0.232258064516129,1.56641328136129,2.9558426719899,0.00352189029254531,0.0395456001793808,0.0331408138753698,"EPHA3/FCN1/IGSF9/FETUB/CD209/CRTAC1/CLEC4M/CNTNAP3/NEDD9/COLEC11/CNR1/CCR7/CFP/PLA2G5/PALLD/LGALS3/DOCK2/CD36/CCL21/MYPN/CNTN4/MEGF10/NCAM2/COLEC12/FCN2/NEXN/PTX3/FOLR2/TUB/GAP43/CCL19/DSCAML1/ADGRB1/NDN/CNTN2/NCR3",36
"GO:0001894","tissue homeostasis","55/2491","260/16800",0.211538461538462,1.42667448970139,2.8929407306767,0.00357123258038256,0.0397159178670389,0.0332835469926005,"CD38/PDK4/ABCC8/WWTR1/VCL/CNGB1/TP53INP2/GATA1/TJP3/SLC1A1/SH3GL2/CDH23/PBLD/CRACD/IL10RA/GCNT2/PTK2B/CCR2/SASH3/ATP1B2/CRB1/P2RX4/GPR55/SLC28A2/TNFRSF11A/MUC4/PCDH15/ANGPT1/JAM2/PPARGC1B/PTH1R/KLHL10/NEUROD1/INAVA/HTR4/CARTPT/ALDH1A1/VSTM4/JAM3/TUB/MC4R/TUBA1A/ADRB2/ZEB2/CYTL1/S1PR1/BCL2/BSG/CSF1R/CLDN5/CSF1/COL14A1/SLC22A5/DMD/ITGB3",55
"GO:0060249","anatomical structure homeostasis","55/2491","260/16800",0.211538461538462,1.42667448970139,2.8929407306767,0.00357123258038256,0.0397159178670389,0.0332835469926005,"CD38/PDK4/ABCC8/WWTR1/VCL/CNGB1/TP53INP2/GATA1/TJP3/SLC1A1/SH3GL2/CDH23/PBLD/CRACD/IL10RA/GCNT2/PTK2B/CCR2/SASH3/ATP1B2/CRB1/P2RX4/GPR55/SLC28A2/TNFRSF11A/MUC4/PCDH15/ANGPT1/JAM2/PPARGC1B/PTH1R/KLHL10/NEUROD1/INAVA/HTR4/CARTPT/ALDH1A1/VSTM4/JAM3/TUB/MC4R/TUBA1A/ADRB2/ZEB2/CYTL1/S1PR1/BCL2/BSG/CSF1R/CLDN5/CSF1/COL14A1/SLC22A5/DMD/ITGB3",55
"GO:0045777","positive regulation of blood pressure","11/2491","31/16800",0.354838709677419,2.39313140207975,3.23924116675124,0.00357160019781859,0.0397159178670389,0.0332835469926005,"ADRB1/TACR1/CNR1/ADRA1A/SPX/TPM1/CARTPT/OR51E2/DRD5/TACR3/HSD11B2",11
"GO:0055023","positive regulation of cardiac muscle tissue growth","11/2491","31/16800",0.354838709677419,2.39313140207975,3.23924116675124,0.00357160019781859,0.0397159178670389,0.0332835469926005,"IGF1/FGFR2/TGFBR3/FGFR1/MEF2C/FGF9/FGF2/AKAP6/NRG1/ZFPM2/ERBB4",11
"GO:0099505","regulation of presynaptic membrane potential","11/2491","31/16800",0.354838709677419,2.39313140207975,3.23924116675124,0.00357160019781859,0.0397159178670389,0.0332835469926005,"CASR/GRIK5/KCNA1/GRIA3/GRIA4/GRIA1/GRIK3/GRIK2/HTR3A/KCNA2/KCNA4",11
"GO:0007156","homophilic cell adhesion via plasma membrane adhesion molecules","38/2491","166/16800",0.228915662650602,1.5438711892935,2.93816164951705,0.00361005642004605,0.0400660508858006,0.0335769726367624,"CDH10/CDH19/CDHR2/CEACAM1/PCDHB4/IGSF9/PCDH11X/PCDH11Y/CDHR5/CDH23/MYOT/PALLD/DSC2/MYPN/PCDH10/CNTN4/IGSF11/CDH18/SDK1/HMCN2/KIRREL3/CDH22/PCDH15/NEXN/CADM3/PCDH7/PCDHB1/CADM2/DSCAML1/NECTIN3/CNTN2/PCDH9/PTPRT/DCHS2/L1CAM/PCDHGC3/PCDHA3/PCDH20",38
"GO:0001666","response to hypoxia","63/2491","306/16800",0.205882352941176,1.3885281129714,2.86183179174144,0.00372664413741401,0.041280302786114,0.0345945648858005,"CD38/CLCA1/CASR/FGFR2/ABCC9/TGFBR3/KCNK2/NOS1/SLC9A1/SLC8A3/CHRNA4/SFRP1/NDRG1/CAV1/CXCL12/CRYAB/CPT1A/PPARD/FAM162A/EPAS1/TEK/PTK2B/PTGIS/PCK1/HIF3A/BMP2/KCNA5/MSTN/ACVRL1/MYOCD/KCNMB1/ITPR1/PLOD2/FMN2/KCNMA1/ALAS2/PINK1/HK2/DDR2/CAPN2/NPPC/FABP1/CITED2/VEGFD/NGB/ACAA2/KCNK3/BCL2/CYSLTR1/NDNF/LEP/HSD11B2/UCN3/ADIPOQ/PENK/SLC2A4/P2RX2/RYR1/MB/SDHD/CPEB1/AQP1/MIR145",63
"GO:0010759","positive regulation of macrophage chemotaxis","8/2491","19/16800",0.421052631578947,2.83969659194152,3.34763440456347,0.00377339750088358,0.0414217687586109,0.0347131190977218,"MAPK3/RARRES2/SLAMF1/MSTN/CMKLR1/CSF1R/CSF1/CCL5",8
"GO:0032026","response to magnesium ion","8/2491","19/16800",0.421052631578947,2.83969659194152,3.34763440456347,0.00377339750088358,0.0414217687586109,0.0347131190977218,"SMPD3/KCNA1/CNGA3/SNCA/ANK3/BMP6/CD14/RYR3",8
"GO:0071318","cellular response to ATP","8/2491","19/16800",0.421052631578947,2.83969659194152,3.34763440456347,0.00377339750088358,0.0414217687586109,0.0347131190977218,"ABCC9/TRPM4/P2RX4/P2RY12/P2RY1/P2RY2/P2RY4/RYR3",8
"GO:0045933","positive regulation of muscle contraction","15/2491","49/16800",0.306122448979592,2.06457532832483,3.11370887683138,0.00378137984471824,0.0414217687586109,0.0347131190977218,"CACNB1/TACR2/CHGA/TACR1/RGS2/ADRA1A/EDN3/EDN2/SPX/MYOCD/CACNA1C/KIT/GPER1/CACNB2/TACR3",15
"GO:0051339","regulation of lyase activity","15/2491","49/16800",0.306122448979592,2.06457532832483,3.11370887683138,0.00378137984471824,0.0414217687586109,0.0347131190977218,"PALM/CAP2/CCR2/TMIGD3/EDNRB/ADCYAP1/CACNA1C/GALR1/STIM1/DRD5/GNG7/AKAP5/P2RY13/RD3/ADORA3",15
"GO:0002438","acute inflammatory response to antigenic stimulus","10/2491","27/16800",0.37037037037037,2.49788126143004,3.24995863464165,0.00378264543368773,0.0414217687586109,0.0347131190977218,"BTK/PLA2G2D/CNR1/CCR7/NPY5R/A2M/FCER1A/SPN/ELANE/IGHE",10
"GO:0052652","cyclic purine nucleotide metabolic process","13/2491","40/16800",0.325,2.19189080690486,3.14886031504672,0.00385301130769807,0.0421120950721601,0.0352916404949651,"PDE8A/ADCY2/PDE4D/PDE1A/PDE5A/PDE9A/ADCY9/NPPC/GUCY1A1/NPR1/PDE7B/ADCY5/PDE2A",13
"GO:0003085","negative regulation of systemic arterial blood pressure","9/2491","23/16800",0.391304347826087,2.63906585446739,3.28191331404526,0.00387742795033326,0.042298545135609,0.0354478931961956,"ADRB1/NTSR1/ADRA1A/KL/ARHGAP42/ADRB2/GPR37L1/AGTR2/ADRB3",9
"GO:0002718","regulation of cytokine production involved in immune response","29/2491","119/16800",0.243697478991597,1.64356388882329,2.93953099471542,0.00402867321551246,0.0438652316590551,0.0367608399270345,"BTK/TBX21/SMAD7/CLC/SLAMF1/CD160/NR4A3/CCR2/SASH3/TRPM4/RSAD2/CD36/IL10/SECTM1/XCL1/CD96/ANGPT1/KIT/SCIMP/INAVA/F2RL1/TLR3/B2M/AXL/CD7/KIR2DL4/LITAF/TLR7/PLCG2",29
"GO:0071320","cellular response to cAMP","16/2491","54/16800",0.296296296296296,1.99830500914403,3.06569202214041,0.00406175793784412,0.0441418646212965,0.0369926695483286,"SLC26A3/GATA1/AQP8/PIK3CG/PDE4D/RAP1A/AKAP7/PCK1/AKAP9/HCN4/CRHBP/AKAP6/ADIPOQ/PENK/PDE2A/AQP1",16
"GO:0099173","postsynapse organization","51/2491","239/16800",0.213389121338912,1.43915585648082,2.85297711264351,0.00407167713474656,0.0441661732974678,0.0370130412030486,"ARHGAP44/MUSK/PAK3/FGFR1/NEFH/RPS6KA5/CHRDL1/ZDHHC15/WASL/NEURL1/CNTNAP1/NRXN2/CUX2/NEDD9/GNA13/PTK2B/SLITRK3/KIF1A/LRRC4B/MAP1B/DCLK1/EPHA7/DOCK10/ITPKA/TMEM108/NLGN4X/INA/CNKSR2/TIAM1/LHFPL4/LRRTM1/HTR4/GDNF/ROR2/IL1RAPL1/NLGN1/CTNND2/ZNF804A/NPTX1/GAP43/NECTIN3/NRXN1/FLRT2/SHISA7/LRRK2/RELN/NLGN3/INSYN1/ITGB3/FRRS1L/NEFL",51
"GO:0062012","regulation of small molecule metabolic process","66/2491","325/16800",0.203076923076923,1.36960751011333,2.80733146264036,0.00426028754934351,0.0460603991924938,0.038600479187052,"PDK4/SLC4A1/PDK2/NR1H4/IGF1/ATP2B4/ABCB11/FMO4/ACACB/ADCYAP1R1/CEACAM1/SLC4A4/FMO2/SORBS1/NTSR1/AQP8/CAV1/PPARGC1A/CPT1A/LPCAT3/PPARD/BMP5/NR3C1/KAT2B/CLCN2/GCG/ACADL/LEPR/ACADM/CNR1/EPHX2/CD244/BMP2/DYRK2/GNAI1/SESN2/FMO5/APPL2/SNCA/BMP6/PID1/UCHL1/KIT/TRIM63/CDA/PINK1/PTH1R/PRKAA2/FABP1/GPER1/ATCAY/GPT/P2RY1/ABCD2/LEP/ADIPOQ/C1QTNF12/PRKN/PRKG1/AKR1C3/AVPR1B/RD3/UGT1A9/UGT1A1/UGT1A8/UGT1A10",66
"GO:0050881","musculoskeletal movement","17/2491","59/16800",0.288135593220339,1.9432669474515,3.02826489053961,0.0042764212729401,0.0460603991924938,0.038600479187052,"SCN4A/SLC8A3/DMPK/TNNT3/ATP8A2/CHRNA1/ASCL1/STAC2/CASQ1/STAC/ITPR1/MAP1A/SYNM/RCSD1/DMD/GSTM2/KBTBD13",17
"GO:0099174","regulation of presynapse organization","12/2491","36/16800",0.333333333333333,2.24809313528703,3.12775952829705,0.00429194092468665,0.0460603991924938,0.038600479187052,"MDGA1/SLITRK3/LRRC4B/IGSF11/SNCA/CACNA2D3/LRRTM1/LRFN5/IL1RAPL1/SLITRK1/NRXN1/SLITRK2",12
"GO:1905145","cellular response to acetylcholine","14/2491","45/16800",0.311111111111111,2.09822025960123,3.07784984701848,0.00431042064354876,0.0460603991924938,0.038600479187052,"ATP2B4/CHRNA3/GNA11/CHRNA4/OPRM1/CHRNB4/LARGE1/CHRNA1/ITPR1/PRKCB/LY6H/LYNX1/CHRM4/CHRM2",14
"GO:0001973","G protein-coupled adenosine receptor signaling pathway","6/2491","12/16800",0.5,3.37213970293055,3.42969375122175,0.00435847228400011,0.0460603991924938,0.038600479187052,"NECAB2/P2RY12/P2RY1/ADCY5/CNTN2/ADORA3",6
"GO:0033540","fatty acid beta-oxidation using acyl-CoA oxidase","6/2491","12/16800",0.5,3.37213970293055,3.42969375122175,0.00435847228400011,0.0460603991924938,0.038600479187052,"CROT/CRAT/EHHADH/SCP2/ACOXL/ACOX1",6
"GO:0035588","G protein-coupled purinergic receptor signaling pathway","6/2491","12/16800",0.5,3.37213970293055,3.42969375122175,0.00435847228400011,0.0460603991924938,0.038600479187052,"NECAB2/P2RY12/P2RY1/ADCY5/CNTN2/ADORA3",6
"GO:0045986","negative regulation of smooth muscle contraction","6/2491","12/16800",0.5,3.37213970293055,3.42969375122175,0.00435847228400011,0.0460603991924938,0.038600479187052,"RGS2/ADRA2A/GUCY1A1/ARHGAP42/ADRB2/PRKG1",6
"GO:0097048","dendritic cell apoptotic process","6/2491","12/16800",0.5,3.37213970293055,3.42969375122175,0.00435847228400011,0.0460603991924938,0.038600479187052,"CXCL12/CCR7/CCL21/AXL/BCL2/CCL19",6
"GO:0097090","presynaptic membrane organization","6/2491","12/16800",0.5,3.37213970293055,3.42969375122175,0.00435847228400011,0.0460603991924938,0.038600479187052,"NLGN4X/IL1RAPL1/NLGN1/NRXN1/CNTN2/NLGN3",6
"GO:1903977","positive regulation of glial cell migration","6/2491","12/16800",0.5,3.37213970293055,3.42969375122175,0.00435847228400011,0.0460603991924938,0.038600479187052,"CCR2/P2RX4/TIAM1/CX3CR1/P2RY12/CSF1",6
"GO:1904753","negative regulation of vascular associated smooth muscle cell migration","6/2491","12/16800",0.5,3.37213970293055,3.42969375122175,0.00435847228400011,0.0460603991924938,0.038600479187052,"MEF2C/GNA13/TPM1/MYOCD/ADIPOQ/PRKG1",6
"GO:2000651","positive regulation of sodium ion transmembrane transporter activity","6/2491","12/16800",0.5,3.37213970293055,3.42969375122175,0.00435847228400011,0.0460603991924938,0.038600479187052,"SLC9A1/SCN1B/FGF13/ANK3/CHP1/DMD",6
"GO:2000668","regulation of dendritic cell apoptotic process","6/2491","12/16800",0.5,3.37213970293055,3.42969375122175,0.00435847228400011,0.0460603991924938,0.038600479187052,"CXCL12/CCR7/CCL21/AXL/BCL2/CCL19",6
"GO:0072006","nephron development","36/2491","157/16800",0.229299363057325,1.54645897204458,2.87022218816344,0.00439851207150096,0.0463982493560716,0.0388836113013228,"TFAP2B/WWTR1/ACAT1/MEF2C/SALL1/TMEM59L/GLI3/ACTA2/TCF21/TEK/WNT1/BMP2/WNT2B/PDGFRA/EDNRB/PLCE1/FGF2/OSR1/KIRREL3/ANGPT1/IL6R/KLF15/GDNF/PDGFD/BCL2/AQP11/ERBB4/AGTR2/ADIPOQ/PBX1/MAGI2/DCHS2/POU3F3/LGR4/AQP1/ITGB3",36
"GO:0045744","negative regulation of G protein-coupled receptor signaling pathway","18/2491","64/16800",0.28125,1.89682858289843,2.99914547281349,0.00443255148712056,0.0466716822334361,0.039112759121941,"ATP2B4/PALM/NECAB2/APLP1/PDE4D/RGS2/PADI2/RGS13/SSTR4/ARRB1/SLIT2/SNCA/ADRB2/PDE3A/SLIT3/PDE2A/GPRASP1/CCL5",18
"GO:0016049","cell growth","92/2491","478/16800",0.192468619246862,1.29806214506113,2.75840493500834,0.00447590206756968,0.0470419762092469,0.0394230804642864,"CD38/SEMA3G/IGF1/FHL1/VCL/ROS1/NEDD4L/NTN1/RASGRP2/CDHR2/MAP2/CEACAM1/LTBP4/SLC9A1/CGRRF1/BDKRB1/SGK2/SMAD7/WFDC1/SFRP1/CACNG7/SH3GL2/CXCL12/LGI1/RND2/IL2/CRYAB/MYL2/EPM2A/TNR/PAPPA2/RGS2/SGK1/SOCS2/PTK2B/ADRA1A/EDN3/CDKN1A/CPNE5/FLRT1/EDN2/FGF13/OLFM1/SESN2/MAP1B/SYT4/DCLK1/SPART/RERG/EPHA7/SEMA6D/ACVRL1/ESR2/MYOCD/MEIS1/TMEM108/AGTR1/EAF2/SLIT2/SFRP2/SLC39A12/AKAP6/SORBS2/TIAM1/NRG1/CDA/S100B/LMX1A/PI16/SOX17/FAM107A/NPR1/BCL2/TMEM196/SLITRK1/AGTR2/RGMA/NDN/SLIT3/EFNA5/PRKN/PRKG1/NRG3/MAPT/COL14A1/NLGN3/DACT3/ENPP1/L1CAM/SLC44A4/TRIM40/MUC12",92
"GO:0002367","cytokine production involved in immune response","29/2491","120/16800",0.241666666666667,1.6298675230831,2.88912114554469,0.00457653564293337,0.0479780554291574,0.0402075527458787,"BTK/TBX21/SMAD7/CLC/SLAMF1/CD160/NR4A3/CCR2/SASH3/TRPM4/RSAD2/CD36/IL10/SECTM1/XCL1/CD96/ANGPT1/KIT/SCIMP/INAVA/F2RL1/TLR3/B2M/AXL/CD7/KIR2DL4/LITAF/TLR7/PLCG2",29
"GO:0006887","exocytosis","71/2491","355/16800",0.2,1.34885588117222,2.77183403752384,0.00459538269123521,0.0479780554291574,0.0402075527458787,"ARHGAP44/SCIN/BTK/RAB27A/CEACAM1/GNAO1/RPH3A/SYNGR1/CHGA/RIMS4/SYP/GATA1/SMPD3/FOXF1/GRIK5/PIK3CG/P2RX1/CCL8/SYT10/RAP1A/RIMS3/CD160/NR4A3/VPS4B/CCR2/NCKAP1L/TPH1/SYT5/SNAP25/SYT11/SYT4/SYT6/SYTL2/UNC13C/STXBP5L/SNCA/CRHBP/ADRA2A/RAB3C/SYN2/KIT/TSPAN18/KCNB1/F2RL1/SLC18A2/PRKCB/PTGDR/SCN11A/LGI3/IL1RAPL1/NLGN1/P2RY1/SYT9/CDK5R2/FCER1A/MRGPRX2/TRARG1/PRKN/SV2B/P2RY4/GPR15LG/LRRK2/SCAMP5/SYT15/CD177/IGHE/GCGR/VAMP2/RAB44/KLRF2/CCL5",71
"GO:0051966","regulation of synaptic transmission, glutamatergic","20/2491","74/16800",0.27027027027027,1.8227782178003,2.95955582483545,0.00459834902443307,0.0479780554291574,0.0402075527458787,"ATP1A2/CACNG5/MEF2C/CACNG7/TNR/CNR1/PTK2B/TSHZ3/CCR2/GRIK3/GRIK2/ROR2/NLGN1/GRIK1/NRXN1/GRIN2A/LRRK2/RELN/NLGN3/FRRS1L",20
"GO:0097120","receptor localization to synapse","20/2491","74/16800",0.27027027027027,1.8227782178003,2.95955582483545,0.00459834902443307,0.0479780554291574,0.0402075527458787,"ARHGAP44/LRRC7/CACNG5/CACNG7/LGI1/RAP1A/OLFM1/TMEM108/DLG2/KIF5A/LHFPL4/KIF5C/NSG1/NLGN1/NPTX1/ERBB4/NRXN1/VWC2/RELN/ITGB3",20
"GO:0070509","calcium ion import","21/2491","79/16800",0.265822784810127,1.79278313320358,2.94686853038584,0.00462158642790849,0.0481331528515325,0.0403375306646399,"CASR/ATP2B4/SLC8A3/CXCL12/P2RX1/GCG/SLC8A2/LGALS3/SLC24A4/CACNA1A/CACNA1B/CACNA1C/CACNA2D1/MS4A1/FCRL3/CACNB2/TRPV3/AKAP5/SLC8A1/CACNA1H/PLN",21
"GO:0030183","B cell differentiation","32/2491","136/16800",0.235294117647059,1.58688927196732,2.8672128449352,0.00464254911327822,0.0482640413241166,0.0404472205034252,"CD79B/BTK/HDAC9/ITM2A/CD40LG/AQP8/SFRP1/LYL1/CD79A/IL2/POU2AF1/AICDA/CR2/NKX2-3/PTK2B/FLT3/NCKAP1L/DOCK10/IL10/CD27/PLCL2/MS4A1/KIT/FCRL3/IKZF3/BCL2/CD19/NHEJ1/PAX5/PLCG2/CR1/IGHM",32
"GO:0045776","negative regulation of blood pressure","15/2491","50/16800",0.3,2.02328382175833,3.02341415060863,0.00467512504411725,0.0484275565380722,0.0405842528723085,"ADRB1/ABCC9/NOS1/BDKRB1/NTSR1/CNR1/ADRA1A/KL/ARHGAP42/ADRB2/DRD5/GPR37L1/AGTR2/ADIPOQ/ADRB3",15
"GO:0051489","regulation of filopodium assembly","15/2491","50/16800",0.3,2.02328382175833,3.02341415060863,0.00467512504411725,0.0484275565380722,0.0405842528723085,"ARHGAP44/TENM1/PALM/PPP1R16B/WASL/NEURL1/RIPOR2/PLPPR5/CCR7/CCL21/DAAM2/GPM6A/NLGN1/GAP43/NRXN1",15
"GO:0016051","carbohydrate biosynthetic process","43/2491","196/16800",0.219387755102041,1.47961231863279,2.81796723727471,0.00472134017271221,0.0488183177210836,0.0409117265628621,"PDK2/IGF1/ST6GALNAC1/ADCYAP1R1/PGM1/SORBS1/NTSR1/SMPD3/PPARGC1A/ST3GAL4/EPM2A/NR3C1/KAT2B/GCG/LEPR/ACADM/PPP1R3C/CD244/PCK1/CHST8/DYRK2/SESN2/G6PC1/SNCA/ST8SIA6/CHST9/PTH1R/GPER1/B4GALNT2/GPT/UGP2/P2RY1/B3GALT1/FUT9/PC/LEP/ADIPOQ/B3GALT5/C1QTNF12/PRKG1/ENPP1/AVPR1B/B3GALT4",43
